ISO-10303-21;
HEADER;
FILE_DESCRIPTION(('FreeCAD Model'),'2;1');
FILE_NAME('Open CASCADE Shape Model','2026-07-19T11:32:34',(''),(''),
  'Open CASCADE STEP processor 7.8','FreeCAD','Unknown');
FILE_SCHEMA(('AUTOMOTIVE_DESIGN { 1 0 10303 214 1 1 1 1 }'));
ENDSEC;
DATA;
#1 = APPLICATION_PROTOCOL_DEFINITION('international standard',
  'automotive_design',2000,#2);
#2 = APPLICATION_CONTEXT(
  'core data for automotive mechanical design processes');
#3 = SHAPE_DEFINITION_REPRESENTATION(#4,#10);
#4 = PRODUCT_DEFINITION_SHAPE('','',#5);
#5 = PRODUCT_DEFINITION('design','',#6,#9);
#6 = PRODUCT_DEFINITION_FORMATION('','',#7);
#7 = PRODUCT('Box','Box','',(#8));
#8 = PRODUCT_CONTEXT('',#2,'mechanical');
#9 = PRODUCT_DEFINITION_CONTEXT('part definition',#2,'design');
#10 = SHAPE_REPRESENTATION('',(#11,#15,#19,#23,#27),#31);
#11 = AXIS2_PLACEMENT_3D('',#12,#13,#14);
#12 = CARTESIAN_POINT('',(0.,0.,0.));
#13 = DIRECTION('',(0.,0.,1.));
#14 = DIRECTION('',(1.,0.,-0.));
#15 = AXIS2_PLACEMENT_3D('',#16,#17,#18);
#16 = CARTESIAN_POINT('',(2.560249999406E-05,65.,17.38740684));
#17 = DIRECTION('',(7.850462245214E-17,-1.,2.22044604925E-16));
#18 = DIRECTION('',(1.,7.850462245214E-17,-1.570092458684E-16));
#19 = AXIS2_PLACEMENT_3D('',#20,#21,#22);
#20 = CARTESIAN_POINT('',(-2.686393211754E-05,65.,17.387406840001));
#21 = DIRECTION('',(2.355138691531E-16,-1.,1.11022296678E-16));
#22 = DIRECTION('',(1.,2.355138664263E-16,-2.456140404305E-08));
#23 = AXIS2_PLACEMENT_3D('',#24,#25,#26);
#24 = CARTESIAN_POINT('',(-2.854499999927E-05,65.,17.40998595));
#25 = DIRECTION('',(0.,-1.,2.22044604925E-16));
#26 = DIRECTION('',(1.,0.,0.));
#27 = AXIS2_PLACEMENT_3D('',#28,#29,#30);
#28 = CARTESIAN_POINT('',(-3.01250000021E-05,65.,17.38998595));
#29 = DIRECTION('',(0.,-1.,2.22044604925E-16));
#30 = DIRECTION('',(1.,0.,0.));
#31 = ( GEOMETRIC_REPRESENTATION_CONTEXT(3) 
GLOBAL_UNCERTAINTY_ASSIGNED_CONTEXT((#35)) GLOBAL_UNIT_ASSIGNED_CONTEXT(
(#32,#33,#34)) REPRESENTATION_CONTEXT('Context #1',
  '3D Context with UNIT and UNCERTAINTY') );
#32 = ( LENGTH_UNIT() NAMED_UNIT(*) SI_UNIT(.MILLI.,.METRE.) );
#33 = ( NAMED_UNIT(*) PLANE_ANGLE_UNIT() SI_UNIT($,.RADIAN.) );
#34 = ( NAMED_UNIT(*) SI_UNIT($,.STERADIAN.) SOLID_ANGLE_UNIT() );
#35 = UNCERTAINTY_MEASURE_WITH_UNIT(LENGTH_MEASURE(1.E-07),#32,
  'distance_accuracy_value','confusion accuracy');
#36 = PRODUCT_RELATED_PRODUCT_CATEGORY('part',$,(#7));
#37 = SHAPE_DEFINITION_REPRESENTATION(#38,#44);
#38 = PRODUCT_DEFINITION_SHAPE('','',#39);
#39 = PRODUCT_DEFINITION('design','',#40,#43);
#40 = PRODUCT_DEFINITION_FORMATION('','',#41);
#41 = PRODUCT('Box Front','Box Front','',(#42));
#42 = PRODUCT_CONTEXT('',#2,'mechanical');
#43 = PRODUCT_DEFINITION_CONTEXT('part definition',#2,'design');
#44 = ADVANCED_BREP_SHAPE_REPRESENTATION('',(#11,#45),#1135);
#45 = MANIFOLD_SOLID_BREP('',#46);
#46 = CLOSED_SHELL('',(#47,#89,#120,#151,#383,#615,#632,#649,#666,#683,
    #700,#717,#734,#751,#768,#785,#802,#819,#836,#853,#870,#887,#904,
    #921,#938,#955,#967,#992,#1017,#1042,#1067,#1084,#1101,#1118));
#47 = ADVANCED_FACE('',(#48),#84,.T.);
#48 = FACE_BOUND('',#49,.T.);
#49 = EDGE_LOOP('',(#50,#61,#69,#78));
#50 = ORIENTED_EDGE('',*,*,#51,.T.);
#51 = EDGE_CURVE('',#52,#54,#56,.T.);
#52 = VERTEX_POINT('',#53);
#53 = CARTESIAN_POINT('',(-40.00002629,-12.01257579831,130.));
#54 = VERTEX_POINT('',#55);
#55 = CARTESIAN_POINT('',(-32.00002380092,-20.01257633,130.));
#56 = CIRCLE('',#57,8.);
#57 = AXIS2_PLACEMENT_3D('',#58,#59,#60);
#58 = CARTESIAN_POINT('',(-32.00002629,-12.01257633,130.));
#59 = DIRECTION('',(0.,-0.,1.));
#60 = DIRECTION('',(1.,0.,0.));
#61 = ORIENTED_EDGE('',*,*,#62,.T.);
#62 = EDGE_CURVE('',#54,#63,#65,.T.);
#63 = VERTEX_POINT('',#64);
#64 = CARTESIAN_POINT('',(-32.00002380092,-20.01257633,131.5));
#65 = LINE('',#66,#67);
#66 = CARTESIAN_POINT('',(-32.00002380092,-20.01257633,130.));
#67 = VECTOR('',#68,1.);
#68 = DIRECTION('',(0.,0.,1.));
#69 = ORIENTED_EDGE('',*,*,#70,.F.);
#70 = EDGE_CURVE('',#71,#63,#73,.T.);
#71 = VERTEX_POINT('',#72);
#72 = CARTESIAN_POINT('',(-40.00002629,-12.01257579831,131.5));
#73 = CIRCLE('',#74,8.);
#74 = AXIS2_PLACEMENT_3D('',#75,#76,#77);
#75 = CARTESIAN_POINT('',(-32.00002629,-12.01257633,131.5));
#76 = DIRECTION('',(0.,-0.,1.));
#77 = DIRECTION('',(1.,0.,0.));
#78 = ORIENTED_EDGE('',*,*,#79,.F.);
#79 = EDGE_CURVE('',#52,#71,#80,.T.);
#80 = LINE('',#81,#82);
#81 = CARTESIAN_POINT('',(-40.00002629,-12.01257579831,130.));
#82 = VECTOR('',#83,1.);
#83 = DIRECTION('',(0.,0.,1.));
#84 = CYLINDRICAL_SURFACE('',#85,8.);
#85 = AXIS2_PLACEMENT_3D('',#86,#87,#88);
#86 = CARTESIAN_POINT('',(-32.00002629,-12.01257633,130.));
#87 = DIRECTION('',(-0.,0.,-1.));
#88 = DIRECTION('',(1.,0.,0.));
#89 = ADVANCED_FACE('',(#90),#115,.T.);
#90 = FACE_BOUND('',#91,.T.);
#91 = EDGE_LOOP('',(#92,#93,#101,#109));
#92 = ORIENTED_EDGE('',*,*,#79,.T.);
#93 = ORIENTED_EDGE('',*,*,#94,.T.);
#94 = EDGE_CURVE('',#71,#95,#97,.T.);
#95 = VERTEX_POINT('',#96);
#96 = CARTESIAN_POINT('',(-40.0000247,12.012592569346,131.5));
#97 = LINE('',#98,#99);
#98 = CARTESIAN_POINT('',(-40.00002629,-12.0125758,131.5));
#99 = VECTOR('',#100,1.);
#100 = DIRECTION('',(6.618059774536E-08,1.,0.));
#101 = ORIENTED_EDGE('',*,*,#102,.F.);
#102 = EDGE_CURVE('',#103,#95,#105,.T.);
#103 = VERTEX_POINT('',#104);
#104 = CARTESIAN_POINT('',(-40.0000247,12.012592569346,130.));
#105 = LINE('',#106,#107);
#106 = CARTESIAN_POINT('',(-40.0000247,12.012592569346,130.));
#107 = VECTOR('',#108,1.);
#108 = DIRECTION('',(0.,0.,1.));
#109 = ORIENTED_EDGE('',*,*,#110,.F.);
#110 = EDGE_CURVE('',#52,#103,#111,.T.);
#111 = LINE('',#112,#113);
#112 = CARTESIAN_POINT('',(-40.00002629,-12.0125758,130.));
#113 = VECTOR('',#114,1.);
#114 = DIRECTION('',(6.618059774536E-08,1.,0.));
#115 = PLANE('',#116);
#116 = AXIS2_PLACEMENT_3D('',#117,#118,#119);
#117 = CARTESIAN_POINT('',(-40.00002629,-12.0125758,130.));
#118 = DIRECTION('',(-1.,6.618059774536E-08,0.));
#119 = DIRECTION('',(6.618059774536E-08,1.,0.));
#120 = ADVANCED_FACE('',(#121),#146,.T.);
#121 = FACE_BOUND('',#122,.T.);
#122 = EDGE_LOOP('',(#123,#133,#139,#140));
#123 = ORIENTED_EDGE('',*,*,#124,.T.);
#124 = EDGE_CURVE('',#125,#127,#129,.T.);
#125 = VERTEX_POINT('',#126);
#126 = CARTESIAN_POINT('',(-29.30010949981,-20.01257548905,130.));
#127 = VERTEX_POINT('',#128);
#128 = CARTESIAN_POINT('',(-29.30010949981,-20.01257548905,131.5));
#129 = LINE('',#130,#131);
#130 = CARTESIAN_POINT('',(-29.30010949981,-20.01257548905,130.));
#131 = VECTOR('',#132,1.);
#132 = DIRECTION('',(0.,0.,1.));
#133 = ORIENTED_EDGE('',*,*,#134,.T.);
#134 = EDGE_CURVE('',#127,#63,#135,.T.);
#135 = LINE('',#136,#137);
#136 = CARTESIAN_POINT('',(-29.3001095,-20.01257549,131.5));
#137 = VECTOR('',#138,1.);
#138 = DIRECTION('',(-1.,-3.111209870626E-07,0.));
#139 = ORIENTED_EDGE('',*,*,#62,.F.);
#140 = ORIENTED_EDGE('',*,*,#141,.F.);
#141 = EDGE_CURVE('',#125,#54,#142,.T.);
#142 = LINE('',#143,#144);
#143 = CARTESIAN_POINT('',(-29.3001095,-20.01257549,130.));
#144 = VECTOR('',#145,1.);
#145 = DIRECTION('',(-1.,-3.111209870626E-07,0.));
#146 = PLANE('',#147);
#147 = AXIS2_PLACEMENT_3D('',#148,#149,#150);
#148 = CARTESIAN_POINT('',(-29.3001095,-20.01257549,130.));
#149 = DIRECTION('',(3.111209870626E-07,-1.,0.));
#150 = DIRECTION('',(-1.,-3.111209870626E-07,0.));
#151 = ADVANCED_FACE('',(#152,#334,#345,#356,#367),#378,.F.);
#152 = FACE_BOUND('',#153,.F.);
#153 = EDGE_LOOP('',(#154,#155,#156,#165,#173,#182,#190,#199,#207,#216,
    #224,#233,#241,#250,#258,#267,#275,#284,#292,#301,#309,#318,#326,
    #333));
#154 = ORIENTED_EDGE('',*,*,#51,.T.);
#155 = ORIENTED_EDGE('',*,*,#141,.F.);
#156 = ORIENTED_EDGE('',*,*,#157,.T.);
#157 = EDGE_CURVE('',#125,#158,#160,.T.);
#158 = VERTEX_POINT('',#159);
#159 = CARTESIAN_POINT('',(-29.00002481093,-19.71249083908,130.));
#160 = CIRCLE('',#161,0.30000024);
#161 = AXIS2_PLACEMENT_3D('',#162,#163,#164);
#162 = CARTESIAN_POINT('',(-29.30002504,-19.71257526,130.));
#163 = DIRECTION('',(0.,-0.,1.));
#164 = DIRECTION('',(1.,0.,0.));
#165 = ORIENTED_EDGE('',*,*,#166,.F.);
#166 = EDGE_CURVE('',#167,#158,#169,.T.);
#167 = VERTEX_POINT('',#168);
#168 = CARTESIAN_POINT('',(-29.000024775,-19.61257618286,130.));
#169 = LINE('',#170,#171);
#170 = CARTESIAN_POINT('',(-29.00002477,-19.61257618,130.));
#171 = VECTOR('',#172,1.);
#172 = DIRECTION('',(-4.003416491324E-07,-1.,0.));
#173 = ORIENTED_EDGE('',*,*,#174,.F.);
#174 = EDGE_CURVE('',#175,#167,#177,.T.);
#175 = VERTEX_POINT('',#176);
#176 = CARTESIAN_POINT('',(-28.50002481294,-19.11257633,130.));
#177 = CIRCLE('',#178,0.49999991);
#178 = AXIS2_PLACEMENT_3D('',#179,#180,#181);
#179 = CARTESIAN_POINT('',(-28.50002487,-19.61257624,130.));
#180 = DIRECTION('',(0.,-0.,1.));
#181 = DIRECTION('',(1.,0.,0.));
#182 = ORIENTED_EDGE('',*,*,#183,.F.);
#183 = EDGE_CURVE('',#184,#175,#186,.T.);
#184 = VERTEX_POINT('',#185);
#185 = CARTESIAN_POINT('',(28.499974409947,-19.11257703,130.));
#186 = LINE('',#187,#188);
#187 = CARTESIAN_POINT('',(28.49997441,-19.11257703,130.));
#188 = VECTOR('',#189,1.);
#189 = DIRECTION('',(-1.,1.228070194129E-08,0.));
#190 = ORIENTED_EDGE('',*,*,#191,.F.);
#191 = EDGE_CURVE('',#192,#184,#194,.T.);
#192 = VERTEX_POINT('',#193);
#193 = CARTESIAN_POINT('',(28.99997519,-19.61257632994,130.));
#194 = CIRCLE('',#195,0.50000004);
#195 = AXIS2_PLACEMENT_3D('',#196,#197,#198);
#196 = CARTESIAN_POINT('',(28.49997515,-19.61257707,130.));
#197 = DIRECTION('',(0.,-0.,1.));
#198 = DIRECTION('',(1.,0.,0.));
#199 = ORIENTED_EDGE('',*,*,#200,.F.);
#200 = EDGE_CURVE('',#201,#192,#203,.T.);
#201 = VERTEX_POINT('',#202);
#202 = CARTESIAN_POINT('',(28.99997542,-19.7125760119,130.));
#203 = LINE('',#204,#205);
#204 = CARTESIAN_POINT('',(28.99997542,-19.71257601,130.));
#205 = VECTOR('',#206,1.);
#206 = DIRECTION('',(-2.300007337158E-06,0.999999999997,0.));
#207 = ORIENTED_EDGE('',*,*,#208,.T.);
#208 = EDGE_CURVE('',#201,#209,#211,.T.);
#209 = VERTEX_POINT('',#210);
#210 = CARTESIAN_POINT('',(29.299975186927,-20.01257633,130.));
#211 = CIRCLE('',#212,0.30000004);
#212 = AXIS2_PLACEMENT_3D('',#213,#214,#215);
#213 = CARTESIAN_POINT('',(29.29997546,-19.71257629,130.));
#214 = DIRECTION('',(0.,-0.,1.));
#215 = DIRECTION('',(1.,0.,0.));
#216 = ORIENTED_EDGE('',*,*,#217,.F.);
#217 = EDGE_CURVE('',#218,#209,#220,.T.);
#218 = VERTEX_POINT('',#219);
#219 = CARTESIAN_POINT('',(31.999975910654,-20.012575505,130.));
#220 = LINE('',#221,#222);
#221 = CARTESIAN_POINT('',(31.99997591,-20.0125755,130.));
#222 = VECTOR('',#223,1.);
#223 = DIRECTION('',(-1.,-3.074073258665E-07,0.));
#224 = ORIENTED_EDGE('',*,*,#225,.T.);
#225 = EDGE_CURVE('',#218,#226,#228,.T.);
#226 = VERTEX_POINT('',#227);
#227 = CARTESIAN_POINT('',(39.9999735,-12.01257605434,130.));
#228 = CIRCLE('',#229,7.99999852);
#229 = AXIS2_PLACEMENT_3D('',#230,#231,#232);
#230 = CARTESIAN_POINT('',(31.99997498,-12.01257699,130.));
#231 = DIRECTION('',(0.,-0.,1.));
#232 = DIRECTION('',(1.,0.,0.));
#233 = ORIENTED_EDGE('',*,*,#234,.F.);
#234 = EDGE_CURVE('',#235,#226,#237,.T.);
#235 = VERTEX_POINT('',#236);
#236 = CARTESIAN_POINT('',(39.999973499496,12.012465702807,130.));
#237 = LINE('',#238,#239);
#238 = CARTESIAN_POINT('',(39.9999735,12.0124657,130.));
#239 = VECTOR('',#240,1.);
#240 = DIRECTION('',(0.,-1.,-0.));
#241 = ORIENTED_EDGE('',*,*,#242,.T.);
#242 = EDGE_CURVE('',#235,#243,#245,.T.);
#243 = VERTEX_POINT('',#244);
#244 = CARTESIAN_POINT('',(31.999844040305,20.012592849477,130.));
#245 = CIRCLE('',#246,8.00000009);
#246 = AXIS2_PLACEMENT_3D('',#247,#248,#249);
#247 = CARTESIAN_POINT('',(31.99997341,12.01259276,130.));
#248 = DIRECTION('',(0.,-0.,1.));
#249 = DIRECTION('',(1.,0.,0.));
#250 = ORIENTED_EDGE('',*,*,#251,.F.);
#251 = EDGE_CURVE('',#252,#243,#254,.T.);
#252 = VERTEX_POINT('',#253);
#253 = CARTESIAN_POINT('',(29.300058299819,20.012592004055,130.));
#254 = LINE('',#255,#256);
#255 = CARTESIAN_POINT('',(29.3000583,20.01259201,130.));
#256 = VECTOR('',#257,1.);
#257 = DIRECTION('',(1.,3.111358022064E-07,0.));
#258 = ORIENTED_EDGE('',*,*,#259,.T.);
#259 = EDGE_CURVE('',#252,#260,#262,.T.);
#260 = VERTEX_POINT('',#261);
#261 = CARTESIAN_POINT('',(28.999973610939,19.712507349083,130.));
#262 = CIRCLE('',#263,0.30000024);
#263 = AXIS2_PLACEMENT_3D('',#264,#265,#266);
#264 = CARTESIAN_POINT('',(29.29997384,19.71259177,130.));
#265 = DIRECTION('',(0.,-0.,1.));
#266 = DIRECTION('',(1.,0.,0.));
#267 = ORIENTED_EDGE('',*,*,#268,.F.);
#268 = EDGE_CURVE('',#269,#260,#271,.T.);
#269 = VERTEX_POINT('',#270);
#270 = CARTESIAN_POINT('',(28.999973575,19.61259269786,130.));
#271 = LINE('',#272,#273);
#272 = CARTESIAN_POINT('',(28.99997357,19.6125927,130.));
#273 = VECTOR('',#274,1.);
#274 = DIRECTION('',(4.003416892007E-07,1.,0.));
#275 = ORIENTED_EDGE('',*,*,#276,.F.);
#276 = EDGE_CURVE('',#277,#269,#279,.T.);
#277 = VERTEX_POINT('',#278);
#278 = CARTESIAN_POINT('',(28.499973612947,19.112592845,130.));
#279 = CIRCLE('',#280,0.49999991);
#280 = AXIS2_PLACEMENT_3D('',#281,#282,#283);
#281 = CARTESIAN_POINT('',(28.49997367,19.61259275,130.));
#282 = DIRECTION('',(0.,-0.,1.));
#283 = DIRECTION('',(1.,0.,0.));
#284 = ORIENTED_EDGE('',*,*,#285,.F.);
#285 = EDGE_CURVE('',#286,#277,#288,.T.);
#286 = VERTEX_POINT('',#287);
#287 = CARTESIAN_POINT('',(-28.50002560994,19.11259355,130.));
#288 = LINE('',#289,#290);
#289 = CARTESIAN_POINT('',(-28.50002561,19.11259355,130.));
#290 = VECTOR('',#291,1.);
#291 = DIRECTION('',(1.,-1.228070194129E-08,-0.));
#292 = ORIENTED_EDGE('',*,*,#293,.F.);
#293 = EDGE_CURVE('',#294,#286,#296,.T.);
#294 = VERTEX_POINT('',#295);
#295 = CARTESIAN_POINT('',(-29.00002639,19.612592849947,130.));
#296 = CIRCLE('',#297,0.50000004);
#297 = AXIS2_PLACEMENT_3D('',#298,#299,#300);
#298 = CARTESIAN_POINT('',(-28.50002635,19.61259359,130.));
#299 = DIRECTION('',(0.,-0.,1.));
#300 = DIRECTION('',(1.,0.,0.));
#301 = ORIENTED_EDGE('',*,*,#302,.F.);
#302 = EDGE_CURVE('',#303,#294,#305,.T.);
#303 = VERTEX_POINT('',#304);
#304 = CARTESIAN_POINT('',(-29.00002662,19.712592526901,130.));
#305 = LINE('',#306,#307);
#306 = CARTESIAN_POINT('',(-29.00002662,19.71259253,130.));
#307 = VECTOR('',#308,1.);
#308 = DIRECTION('',(2.300007372686E-06,-0.999999999997,-0.));
#309 = ORIENTED_EDGE('',*,*,#310,.T.);
#310 = EDGE_CURVE('',#303,#311,#313,.T.);
#311 = VERTEX_POINT('',#312);
#312 = CARTESIAN_POINT('',(-29.30002638692,20.012592845,130.));
#313 = CIRCLE('',#314,0.30000004);
#314 = AXIS2_PLACEMENT_3D('',#315,#316,#317);
#315 = CARTESIAN_POINT('',(-29.30002666,19.7125928,130.));
#316 = DIRECTION('',(0.,-0.,1.));
#317 = DIRECTION('',(1.,0.,0.));
#318 = ORIENTED_EDGE('',*,*,#319,.F.);
#319 = EDGE_CURVE('',#320,#311,#322,.T.);
#320 = VERTEX_POINT('',#321);
#321 = CARTESIAN_POINT('',(-32.00002711065,20.01259202,130.));
#322 = LINE('',#323,#324);
#323 = CARTESIAN_POINT('',(-32.00002711,20.01259202,130.));
#324 = VECTOR('',#325,1.);
#325 = DIRECTION('',(1.,3.074073258665E-07,0.));
#326 = ORIENTED_EDGE('',*,*,#327,.T.);
#327 = EDGE_CURVE('',#320,#103,#328,.T.);
#328 = CIRCLE('',#329,7.99999852);
#329 = AXIS2_PLACEMENT_3D('',#330,#331,#332);
#330 = CARTESIAN_POINT('',(-32.00002618,12.0125935,130.));
#331 = DIRECTION('',(0.,-0.,1.));
#332 = DIRECTION('',(1.,0.,0.));
#333 = ORIENTED_EDGE('',*,*,#110,.F.);
#334 = FACE_BOUND('',#335,.F.);
#335 = EDGE_LOOP('',(#336));
#336 = ORIENTED_EDGE('',*,*,#337,.F.);
#337 = EDGE_CURVE('',#338,#338,#340,.T.);
#338 = VERTEX_POINT('',#339);
#339 = CARTESIAN_POINT('',(37.17499059,-15.05740736,130.));
#340 = CIRCLE('',#341,1.700017);
#341 = AXIS2_PLACEMENT_3D('',#342,#343,#344);
#342 = CARTESIAN_POINT('',(35.47497359,-15.05740736,130.));
#343 = DIRECTION('',(0.,0.,1.));
#344 = DIRECTION('',(1.,0.,-0.));
#345 = FACE_BOUND('',#346,.F.);
#346 = EDGE_LOOP('',(#347));
#347 = ORIENTED_EDGE('',*,*,#348,.F.);
#348 = EDGE_CURVE('',#349,#349,#351,.T.);
#349 = VERTEX_POINT('',#350);
#350 = CARTESIAN_POINT('',(37.17498933,15.06259218,130.));
#351 = CIRCLE('',#352,1.700017);
#352 = AXIS2_PLACEMENT_3D('',#353,#354,#355);
#353 = CARTESIAN_POINT('',(35.47497233,15.06259218,130.));
#354 = DIRECTION('',(0.,0.,1.));
#355 = DIRECTION('',(1.,0.,-0.));
#356 = FACE_BOUND('',#357,.F.);
#357 = EDGE_LOOP('',(#358));
#358 = ORIENTED_EDGE('',*,*,#359,.F.);
#359 = EDGE_CURVE('',#360,#360,#362,.T.);
#360 = VERTEX_POINT('',#361);
#361 = CARTESIAN_POINT('',(-33.7750081,-15.05740632,130.));
#362 = CIRCLE('',#363,1.700017);
#363 = AXIS2_PLACEMENT_3D('',#364,#365,#366);
#364 = CARTESIAN_POINT('',(-35.4750251,-15.05740632,130.));
#365 = DIRECTION('',(0.,0.,1.));
#366 = DIRECTION('',(1.,0.,-0.));
#367 = FACE_BOUND('',#368,.F.);
#368 = EDGE_LOOP('',(#369));
#369 = ORIENTED_EDGE('',*,*,#370,.F.);
#370 = EDGE_CURVE('',#371,#371,#373,.T.);
#371 = VERTEX_POINT('',#372);
#372 = CARTESIAN_POINT('',(-33.77500937,15.06259322,130.));
#373 = CIRCLE('',#374,1.700017);
#374 = AXIS2_PLACEMENT_3D('',#375,#376,#377);
#375 = CARTESIAN_POINT('',(-35.47502637,15.06259322,130.));
#376 = DIRECTION('',(0.,0.,1.));
#377 = DIRECTION('',(1.,0.,-0.));
#378 = PLANE('',#379);
#379 = AXIS2_PLACEMENT_3D('',#380,#381,#382);
#380 = CARTESIAN_POINT('',(-2.775136594005E-05,7.123897217804E-06,130.)
  );
#381 = DIRECTION('',(-1.139986962829E-31,4.441379468012E-31,1.));
#382 = DIRECTION('',(0.,1.,-4.441379468012E-31));
#383 = ADVANCED_FACE('',(#384,#566,#577,#588,#599),#610,.T.);
#384 = FACE_BOUND('',#385,.T.);
#385 = EDGE_LOOP('',(#386,#387,#388,#397,#405,#414,#422,#431,#439,#448,
    #456,#465,#473,#482,#490,#499,#507,#516,#524,#533,#541,#550,#558,
    #565));
#386 = ORIENTED_EDGE('',*,*,#70,.T.);
#387 = ORIENTED_EDGE('',*,*,#134,.F.);
#388 = ORIENTED_EDGE('',*,*,#389,.T.);
#389 = EDGE_CURVE('',#127,#390,#392,.T.);
#390 = VERTEX_POINT('',#391);
#391 = CARTESIAN_POINT('',(-29.00002481093,-19.71249083908,131.5));
#392 = CIRCLE('',#393,0.30000024);
#393 = AXIS2_PLACEMENT_3D('',#394,#395,#396);
#394 = CARTESIAN_POINT('',(-29.30002504,-19.71257526,131.5));
#395 = DIRECTION('',(0.,-0.,1.));
#396 = DIRECTION('',(1.,0.,0.));
#397 = ORIENTED_EDGE('',*,*,#398,.F.);
#398 = EDGE_CURVE('',#399,#390,#401,.T.);
#399 = VERTEX_POINT('',#400);
#400 = CARTESIAN_POINT('',(-29.000024775,-19.61257618286,131.5));
#401 = LINE('',#402,#403);
#402 = CARTESIAN_POINT('',(-29.00002477,-19.61257618,131.5));
#403 = VECTOR('',#404,1.);
#404 = DIRECTION('',(-4.003416491324E-07,-1.,0.));
#405 = ORIENTED_EDGE('',*,*,#406,.F.);
#406 = EDGE_CURVE('',#407,#399,#409,.T.);
#407 = VERTEX_POINT('',#408);
#408 = CARTESIAN_POINT('',(-28.50002481294,-19.11257633,131.5));
#409 = CIRCLE('',#410,0.49999991);
#410 = AXIS2_PLACEMENT_3D('',#411,#412,#413);
#411 = CARTESIAN_POINT('',(-28.50002487,-19.61257624,131.5));
#412 = DIRECTION('',(0.,-0.,1.));
#413 = DIRECTION('',(1.,0.,0.));
#414 = ORIENTED_EDGE('',*,*,#415,.F.);
#415 = EDGE_CURVE('',#416,#407,#418,.T.);
#416 = VERTEX_POINT('',#417);
#417 = CARTESIAN_POINT('',(28.499974409947,-19.11257703,131.5));
#418 = LINE('',#419,#420);
#419 = CARTESIAN_POINT('',(28.49997441,-19.11257703,131.5));
#420 = VECTOR('',#421,1.);
#421 = DIRECTION('',(-1.,1.228070194129E-08,0.));
#422 = ORIENTED_EDGE('',*,*,#423,.F.);
#423 = EDGE_CURVE('',#424,#416,#426,.T.);
#424 = VERTEX_POINT('',#425);
#425 = CARTESIAN_POINT('',(28.99997519,-19.61257632994,131.5));
#426 = CIRCLE('',#427,0.50000004);
#427 = AXIS2_PLACEMENT_3D('',#428,#429,#430);
#428 = CARTESIAN_POINT('',(28.49997515,-19.61257707,131.5));
#429 = DIRECTION('',(0.,-0.,1.));
#430 = DIRECTION('',(1.,0.,0.));
#431 = ORIENTED_EDGE('',*,*,#432,.F.);
#432 = EDGE_CURVE('',#433,#424,#435,.T.);
#433 = VERTEX_POINT('',#434);
#434 = CARTESIAN_POINT('',(28.99997542,-19.7125760119,131.5));
#435 = LINE('',#436,#437);
#436 = CARTESIAN_POINT('',(28.99997542,-19.71257601,131.5));
#437 = VECTOR('',#438,1.);
#438 = DIRECTION('',(-2.300007337158E-06,0.999999999997,0.));
#439 = ORIENTED_EDGE('',*,*,#440,.T.);
#440 = EDGE_CURVE('',#433,#441,#443,.T.);
#441 = VERTEX_POINT('',#442);
#442 = CARTESIAN_POINT('',(29.299975186927,-20.01257633,131.5));
#443 = CIRCLE('',#444,0.30000004);
#444 = AXIS2_PLACEMENT_3D('',#445,#446,#447);
#445 = CARTESIAN_POINT('',(29.29997546,-19.71257629,131.5));
#446 = DIRECTION('',(0.,-0.,1.));
#447 = DIRECTION('',(1.,0.,0.));
#448 = ORIENTED_EDGE('',*,*,#449,.F.);
#449 = EDGE_CURVE('',#450,#441,#452,.T.);
#450 = VERTEX_POINT('',#451);
#451 = CARTESIAN_POINT('',(31.999975910654,-20.012575505,131.5));
#452 = LINE('',#453,#454);
#453 = CARTESIAN_POINT('',(31.99997591,-20.0125755,131.5));
#454 = VECTOR('',#455,1.);
#455 = DIRECTION('',(-1.,-3.074073258665E-07,0.));
#456 = ORIENTED_EDGE('',*,*,#457,.T.);
#457 = EDGE_CURVE('',#450,#458,#460,.T.);
#458 = VERTEX_POINT('',#459);
#459 = CARTESIAN_POINT('',(39.9999735,-12.01257605434,131.5));
#460 = CIRCLE('',#461,7.99999852);
#461 = AXIS2_PLACEMENT_3D('',#462,#463,#464);
#462 = CARTESIAN_POINT('',(31.99997498,-12.01257699,131.5));
#463 = DIRECTION('',(0.,-0.,1.));
#464 = DIRECTION('',(1.,0.,0.));
#465 = ORIENTED_EDGE('',*,*,#466,.F.);
#466 = EDGE_CURVE('',#467,#458,#469,.T.);
#467 = VERTEX_POINT('',#468);
#468 = CARTESIAN_POINT('',(39.999973499496,12.012465702807,131.5));
#469 = LINE('',#470,#471);
#470 = CARTESIAN_POINT('',(39.9999735,12.0124657,131.5));
#471 = VECTOR('',#472,1.);
#472 = DIRECTION('',(0.,-1.,-0.));
#473 = ORIENTED_EDGE('',*,*,#474,.T.);
#474 = EDGE_CURVE('',#467,#475,#477,.T.);
#475 = VERTEX_POINT('',#476);
#476 = CARTESIAN_POINT('',(31.999844040305,20.012592849477,131.5));
#477 = CIRCLE('',#478,8.00000009);
#478 = AXIS2_PLACEMENT_3D('',#479,#480,#481);
#479 = CARTESIAN_POINT('',(31.99997341,12.01259276,131.5));
#480 = DIRECTION('',(0.,-0.,1.));
#481 = DIRECTION('',(1.,0.,0.));
#482 = ORIENTED_EDGE('',*,*,#483,.F.);
#483 = EDGE_CURVE('',#484,#475,#486,.T.);
#484 = VERTEX_POINT('',#485);
#485 = CARTESIAN_POINT('',(29.300058299819,20.012592004055,131.5));
#486 = LINE('',#487,#488);
#487 = CARTESIAN_POINT('',(29.3000583,20.01259201,131.5));
#488 = VECTOR('',#489,1.);
#489 = DIRECTION('',(1.,3.111358022064E-07,0.));
#490 = ORIENTED_EDGE('',*,*,#491,.T.);
#491 = EDGE_CURVE('',#484,#492,#494,.T.);
#492 = VERTEX_POINT('',#493);
#493 = CARTESIAN_POINT('',(28.999973610939,19.712507349083,131.5));
#494 = CIRCLE('',#495,0.30000024);
#495 = AXIS2_PLACEMENT_3D('',#496,#497,#498);
#496 = CARTESIAN_POINT('',(29.29997384,19.71259177,131.5));
#497 = DIRECTION('',(0.,-0.,1.));
#498 = DIRECTION('',(1.,0.,0.));
#499 = ORIENTED_EDGE('',*,*,#500,.F.);
#500 = EDGE_CURVE('',#501,#492,#503,.T.);
#501 = VERTEX_POINT('',#502);
#502 = CARTESIAN_POINT('',(28.999973575,19.61259269786,131.5));
#503 = LINE('',#504,#505);
#504 = CARTESIAN_POINT('',(28.99997357,19.6125927,131.5));
#505 = VECTOR('',#506,1.);
#506 = DIRECTION('',(4.003416892007E-07,1.,0.));
#507 = ORIENTED_EDGE('',*,*,#508,.F.);
#508 = EDGE_CURVE('',#509,#501,#511,.T.);
#509 = VERTEX_POINT('',#510);
#510 = CARTESIAN_POINT('',(28.499973612947,19.112592845,131.5));
#511 = CIRCLE('',#512,0.49999991);
#512 = AXIS2_PLACEMENT_3D('',#513,#514,#515);
#513 = CARTESIAN_POINT('',(28.49997367,19.61259275,131.5));
#514 = DIRECTION('',(0.,-0.,1.));
#515 = DIRECTION('',(1.,0.,0.));
#516 = ORIENTED_EDGE('',*,*,#517,.F.);
#517 = EDGE_CURVE('',#518,#509,#520,.T.);
#518 = VERTEX_POINT('',#519);
#519 = CARTESIAN_POINT('',(-28.50002560994,19.11259355,131.5));
#520 = LINE('',#521,#522);
#521 = CARTESIAN_POINT('',(-28.50002561,19.11259355,131.5));
#522 = VECTOR('',#523,1.);
#523 = DIRECTION('',(1.,-1.228070194129E-08,-0.));
#524 = ORIENTED_EDGE('',*,*,#525,.F.);
#525 = EDGE_CURVE('',#526,#518,#528,.T.);
#526 = VERTEX_POINT('',#527);
#527 = CARTESIAN_POINT('',(-29.00002639,19.612592849947,131.5));
#528 = CIRCLE('',#529,0.50000004);
#529 = AXIS2_PLACEMENT_3D('',#530,#531,#532);
#530 = CARTESIAN_POINT('',(-28.50002635,19.61259359,131.5));
#531 = DIRECTION('',(0.,-0.,1.));
#532 = DIRECTION('',(1.,0.,0.));
#533 = ORIENTED_EDGE('',*,*,#534,.F.);
#534 = EDGE_CURVE('',#535,#526,#537,.T.);
#535 = VERTEX_POINT('',#536);
#536 = CARTESIAN_POINT('',(-29.00002662,19.712592526901,131.5));
#537 = LINE('',#538,#539);
#538 = CARTESIAN_POINT('',(-29.00002662,19.71259253,131.5));
#539 = VECTOR('',#540,1.);
#540 = DIRECTION('',(2.300007372686E-06,-0.999999999997,-0.));
#541 = ORIENTED_EDGE('',*,*,#542,.T.);
#542 = EDGE_CURVE('',#535,#543,#545,.T.);
#543 = VERTEX_POINT('',#544);
#544 = CARTESIAN_POINT('',(-29.30002638692,20.012592845,131.5));
#545 = CIRCLE('',#546,0.30000004);
#546 = AXIS2_PLACEMENT_3D('',#547,#548,#549);
#547 = CARTESIAN_POINT('',(-29.30002666,19.7125928,131.5));
#548 = DIRECTION('',(0.,-0.,1.));
#549 = DIRECTION('',(1.,0.,0.));
#550 = ORIENTED_EDGE('',*,*,#551,.F.);
#551 = EDGE_CURVE('',#552,#543,#554,.T.);
#552 = VERTEX_POINT('',#553);
#553 = CARTESIAN_POINT('',(-32.00002711065,20.01259202,131.5));
#554 = LINE('',#555,#556);
#555 = CARTESIAN_POINT('',(-32.00002711,20.01259202,131.5));
#556 = VECTOR('',#557,1.);
#557 = DIRECTION('',(1.,3.074073258665E-07,0.));
#558 = ORIENTED_EDGE('',*,*,#559,.T.);
#559 = EDGE_CURVE('',#552,#95,#560,.T.);
#560 = CIRCLE('',#561,7.99999852);
#561 = AXIS2_PLACEMENT_3D('',#562,#563,#564);
#562 = CARTESIAN_POINT('',(-32.00002618,12.0125935,131.5));
#563 = DIRECTION('',(0.,-0.,1.));
#564 = DIRECTION('',(1.,0.,0.));
#565 = ORIENTED_EDGE('',*,*,#94,.F.);
#566 = FACE_BOUND('',#567,.T.);
#567 = EDGE_LOOP('',(#568));
#568 = ORIENTED_EDGE('',*,*,#569,.F.);
#569 = EDGE_CURVE('',#570,#570,#572,.T.);
#570 = VERTEX_POINT('',#571);
#571 = CARTESIAN_POINT('',(38.42494409,-15.05740736,131.5));
#572 = CIRCLE('',#573,2.9499705);
#573 = AXIS2_PLACEMENT_3D('',#574,#575,#576);
#574 = CARTESIAN_POINT('',(35.47497359,-15.05740736,131.5));
#575 = DIRECTION('',(0.,0.,1.));
#576 = DIRECTION('',(1.,0.,-0.));
#577 = FACE_BOUND('',#578,.T.);
#578 = EDGE_LOOP('',(#579));
#579 = ORIENTED_EDGE('',*,*,#580,.F.);
#580 = EDGE_CURVE('',#581,#581,#583,.T.);
#581 = VERTEX_POINT('',#582);
#582 = CARTESIAN_POINT('',(38.42494283,15.06259218,131.5));
#583 = CIRCLE('',#584,2.9499705);
#584 = AXIS2_PLACEMENT_3D('',#585,#586,#587);
#585 = CARTESIAN_POINT('',(35.47497233,15.06259218,131.5));
#586 = DIRECTION('',(0.,0.,1.));
#587 = DIRECTION('',(1.,0.,-0.));
#588 = FACE_BOUND('',#589,.T.);
#589 = EDGE_LOOP('',(#590));
#590 = ORIENTED_EDGE('',*,*,#591,.F.);
#591 = EDGE_CURVE('',#592,#592,#594,.T.);
#592 = VERTEX_POINT('',#593);
#593 = CARTESIAN_POINT('',(-32.5250546,-15.05740632,131.5));
#594 = CIRCLE('',#595,2.9499705);
#595 = AXIS2_PLACEMENT_3D('',#596,#597,#598);
#596 = CARTESIAN_POINT('',(-35.4750251,-15.05740632,131.5));
#597 = DIRECTION('',(0.,0.,1.));
#598 = DIRECTION('',(1.,0.,-0.));
#599 = FACE_BOUND('',#600,.T.);
#600 = EDGE_LOOP('',(#601));
#601 = ORIENTED_EDGE('',*,*,#602,.F.);
#602 = EDGE_CURVE('',#603,#603,#605,.T.);
#603 = VERTEX_POINT('',#604);
#604 = CARTESIAN_POINT('',(-32.52505587,15.06259322,131.5));
#605 = CIRCLE('',#606,2.9499705);
#606 = AXIS2_PLACEMENT_3D('',#607,#608,#609);
#607 = CARTESIAN_POINT('',(-35.47502637,15.06259322,131.5));
#608 = DIRECTION('',(0.,0.,1.));
#609 = DIRECTION('',(1.,0.,-0.));
#610 = PLANE('',#611);
#611 = AXIS2_PLACEMENT_3D('',#612,#613,#614);
#612 = CARTESIAN_POINT('',(-2.775136594005E-05,7.123897217804E-06,131.5)
  );
#613 = DIRECTION('',(-1.139986962829E-31,4.441379468012E-31,1.));
#614 = DIRECTION('',(0.,1.,-4.441379468012E-31));
#615 = ADVANCED_FACE('',(#616),#627,.T.);
#616 = FACE_BOUND('',#617,.T.);
#617 = EDGE_LOOP('',(#618,#619,#620,#621));
#618 = ORIENTED_EDGE('',*,*,#327,.T.);
#619 = ORIENTED_EDGE('',*,*,#102,.T.);
#620 = ORIENTED_EDGE('',*,*,#559,.F.);
#621 = ORIENTED_EDGE('',*,*,#622,.F.);
#622 = EDGE_CURVE('',#320,#552,#623,.T.);
#623 = LINE('',#624,#625);
#624 = CARTESIAN_POINT('',(-32.00002711065,20.01259202,130.));
#625 = VECTOR('',#626,1.);
#626 = DIRECTION('',(0.,0.,1.));
#627 = CYLINDRICAL_SURFACE('',#628,7.99999852);
#628 = AXIS2_PLACEMENT_3D('',#629,#630,#631);
#629 = CARTESIAN_POINT('',(-32.00002618,12.0125935,130.));
#630 = DIRECTION('',(-0.,0.,-1.));
#631 = DIRECTION('',(1.,0.,0.));
#632 = ADVANCED_FACE('',(#633),#644,.T.);
#633 = FACE_BOUND('',#634,.T.);
#634 = EDGE_LOOP('',(#635,#636,#642,#643));
#635 = ORIENTED_EDGE('',*,*,#157,.T.);
#636 = ORIENTED_EDGE('',*,*,#637,.T.);
#637 = EDGE_CURVE('',#158,#390,#638,.T.);
#638 = LINE('',#639,#640);
#639 = CARTESIAN_POINT('',(-29.00002481093,-19.71249083908,130.));
#640 = VECTOR('',#641,1.);
#641 = DIRECTION('',(0.,0.,1.));
#642 = ORIENTED_EDGE('',*,*,#389,.F.);
#643 = ORIENTED_EDGE('',*,*,#124,.F.);
#644 = CYLINDRICAL_SURFACE('',#645,0.30000024);
#645 = AXIS2_PLACEMENT_3D('',#646,#647,#648);
#646 = CARTESIAN_POINT('',(-29.30002504,-19.71257526,130.));
#647 = DIRECTION('',(-0.,0.,-1.));
#648 = DIRECTION('',(1.,0.,0.));
#649 = ADVANCED_FACE('',(#650),#661,.T.);
#650 = FACE_BOUND('',#651,.T.);
#651 = EDGE_LOOP('',(#652,#653,#654,#660));
#652 = ORIENTED_EDGE('',*,*,#622,.T.);
#653 = ORIENTED_EDGE('',*,*,#551,.T.);
#654 = ORIENTED_EDGE('',*,*,#655,.F.);
#655 = EDGE_CURVE('',#311,#543,#656,.T.);
#656 = LINE('',#657,#658);
#657 = CARTESIAN_POINT('',(-29.30002638692,20.012592845,130.));
#658 = VECTOR('',#659,1.);
#659 = DIRECTION('',(0.,0.,1.));
#660 = ORIENTED_EDGE('',*,*,#319,.F.);
#661 = PLANE('',#662);
#662 = AXIS2_PLACEMENT_3D('',#663,#664,#665);
#663 = CARTESIAN_POINT('',(-32.00002711,20.01259202,130.));
#664 = DIRECTION('',(-3.074073258665E-07,1.,0.));
#665 = DIRECTION('',(1.,3.074073258665E-07,0.));
#666 = ADVANCED_FACE('',(#667),#678,.T.);
#667 = FACE_BOUND('',#668,.T.);
#668 = EDGE_LOOP('',(#669,#675,#676,#677));
#669 = ORIENTED_EDGE('',*,*,#670,.T.);
#670 = EDGE_CURVE('',#167,#399,#671,.T.);
#671 = LINE('',#672,#673);
#672 = CARTESIAN_POINT('',(-29.000024775,-19.61257618286,130.));
#673 = VECTOR('',#674,1.);
#674 = DIRECTION('',(0.,0.,1.));
#675 = ORIENTED_EDGE('',*,*,#398,.T.);
#676 = ORIENTED_EDGE('',*,*,#637,.F.);
#677 = ORIENTED_EDGE('',*,*,#166,.F.);
#678 = PLANE('',#679);
#679 = AXIS2_PLACEMENT_3D('',#680,#681,#682);
#680 = CARTESIAN_POINT('',(-29.00002477,-19.61257618,130.));
#681 = DIRECTION('',(1.,-4.003416491324E-07,0.));
#682 = DIRECTION('',(-4.003416491324E-07,-1.,0.));
#683 = ADVANCED_FACE('',(#684),#695,.T.);
#684 = FACE_BOUND('',#685,.T.);
#685 = EDGE_LOOP('',(#686,#687,#688,#689));
#686 = ORIENTED_EDGE('',*,*,#310,.T.);
#687 = ORIENTED_EDGE('',*,*,#655,.T.);
#688 = ORIENTED_EDGE('',*,*,#542,.F.);
#689 = ORIENTED_EDGE('',*,*,#690,.F.);
#690 = EDGE_CURVE('',#303,#535,#691,.T.);
#691 = LINE('',#692,#693);
#692 = CARTESIAN_POINT('',(-29.00002662,19.712592526901,130.));
#693 = VECTOR('',#694,1.);
#694 = DIRECTION('',(0.,0.,1.));
#695 = CYLINDRICAL_SURFACE('',#696,0.30000004);
#696 = AXIS2_PLACEMENT_3D('',#697,#698,#699);
#697 = CARTESIAN_POINT('',(-29.30002666,19.7125928,130.));
#698 = DIRECTION('',(-0.,0.,-1.));
#699 = DIRECTION('',(1.,0.,0.));
#700 = ADVANCED_FACE('',(#701),#712,.F.);
#701 = FACE_BOUND('',#702,.F.);
#702 = EDGE_LOOP('',(#703,#704,#705,#706));
#703 = ORIENTED_EDGE('',*,*,#174,.T.);
#704 = ORIENTED_EDGE('',*,*,#670,.T.);
#705 = ORIENTED_EDGE('',*,*,#406,.F.);
#706 = ORIENTED_EDGE('',*,*,#707,.F.);
#707 = EDGE_CURVE('',#175,#407,#708,.T.);
#708 = LINE('',#709,#710);
#709 = CARTESIAN_POINT('',(-28.50002481294,-19.11257633,130.));
#710 = VECTOR('',#711,1.);
#711 = DIRECTION('',(0.,0.,1.));
#712 = CYLINDRICAL_SURFACE('',#713,0.49999991);
#713 = AXIS2_PLACEMENT_3D('',#714,#715,#716);
#714 = CARTESIAN_POINT('',(-28.50002487,-19.61257624,130.));
#715 = DIRECTION('',(-0.,0.,-1.));
#716 = DIRECTION('',(1.,0.,0.));
#717 = ADVANCED_FACE('',(#718),#729,.T.);
#718 = FACE_BOUND('',#719,.T.);
#719 = EDGE_LOOP('',(#720,#721,#722,#728));
#720 = ORIENTED_EDGE('',*,*,#690,.T.);
#721 = ORIENTED_EDGE('',*,*,#534,.T.);
#722 = ORIENTED_EDGE('',*,*,#723,.F.);
#723 = EDGE_CURVE('',#294,#526,#724,.T.);
#724 = LINE('',#725,#726);
#725 = CARTESIAN_POINT('',(-29.00002639,19.612592849947,130.));
#726 = VECTOR('',#727,1.);
#727 = DIRECTION('',(0.,0.,1.));
#728 = ORIENTED_EDGE('',*,*,#302,.F.);
#729 = PLANE('',#730);
#730 = AXIS2_PLACEMENT_3D('',#731,#732,#733);
#731 = CARTESIAN_POINT('',(-29.00002662,19.71259253,130.));
#732 = DIRECTION('',(0.999999999997,2.300007372686E-06,-0.));
#733 = DIRECTION('',(2.300007372686E-06,-0.999999999997,0.));
#734 = ADVANCED_FACE('',(#735),#746,.T.);
#735 = FACE_BOUND('',#736,.T.);
#736 = EDGE_LOOP('',(#737,#743,#744,#745));
#737 = ORIENTED_EDGE('',*,*,#738,.T.);
#738 = EDGE_CURVE('',#184,#416,#739,.T.);
#739 = LINE('',#740,#741);
#740 = CARTESIAN_POINT('',(28.499974409947,-19.11257703,130.));
#741 = VECTOR('',#742,1.);
#742 = DIRECTION('',(0.,0.,1.));
#743 = ORIENTED_EDGE('',*,*,#415,.T.);
#744 = ORIENTED_EDGE('',*,*,#707,.F.);
#745 = ORIENTED_EDGE('',*,*,#183,.F.);
#746 = PLANE('',#747);
#747 = AXIS2_PLACEMENT_3D('',#748,#749,#750);
#748 = CARTESIAN_POINT('',(28.49997441,-19.11257703,130.));
#749 = DIRECTION('',(-1.228070194129E-08,-1.,0.));
#750 = DIRECTION('',(-1.,1.228070194129E-08,0.));
#751 = ADVANCED_FACE('',(#752),#763,.F.);
#752 = FACE_BOUND('',#753,.F.);
#753 = EDGE_LOOP('',(#754,#755,#761,#762));
#754 = ORIENTED_EDGE('',*,*,#293,.T.);
#755 = ORIENTED_EDGE('',*,*,#756,.T.);
#756 = EDGE_CURVE('',#286,#518,#757,.T.);
#757 = LINE('',#758,#759);
#758 = CARTESIAN_POINT('',(-28.50002560994,19.11259355,130.));
#759 = VECTOR('',#760,1.);
#760 = DIRECTION('',(0.,0.,1.));
#761 = ORIENTED_EDGE('',*,*,#525,.F.);
#762 = ORIENTED_EDGE('',*,*,#723,.F.);
#763 = CYLINDRICAL_SURFACE('',#764,0.50000004);
#764 = AXIS2_PLACEMENT_3D('',#765,#766,#767);
#765 = CARTESIAN_POINT('',(-28.50002635,19.61259359,130.));
#766 = DIRECTION('',(-0.,0.,-1.));
#767 = DIRECTION('',(1.,0.,0.));
#768 = ADVANCED_FACE('',(#769),#780,.F.);
#769 = FACE_BOUND('',#770,.F.);
#770 = EDGE_LOOP('',(#771,#772,#773,#774));
#771 = ORIENTED_EDGE('',*,*,#191,.T.);
#772 = ORIENTED_EDGE('',*,*,#738,.T.);
#773 = ORIENTED_EDGE('',*,*,#423,.F.);
#774 = ORIENTED_EDGE('',*,*,#775,.F.);
#775 = EDGE_CURVE('',#192,#424,#776,.T.);
#776 = LINE('',#777,#778);
#777 = CARTESIAN_POINT('',(28.99997519,-19.61257632994,130.));
#778 = VECTOR('',#779,1.);
#779 = DIRECTION('',(0.,0.,1.));
#780 = CYLINDRICAL_SURFACE('',#781,0.50000004);
#781 = AXIS2_PLACEMENT_3D('',#782,#783,#784);
#782 = CARTESIAN_POINT('',(28.49997515,-19.61257707,130.));
#783 = DIRECTION('',(-0.,0.,-1.));
#784 = DIRECTION('',(1.,0.,0.));
#785 = ADVANCED_FACE('',(#786),#797,.T.);
#786 = FACE_BOUND('',#787,.T.);
#787 = EDGE_LOOP('',(#788,#789,#790,#796));
#788 = ORIENTED_EDGE('',*,*,#756,.T.);
#789 = ORIENTED_EDGE('',*,*,#517,.T.);
#790 = ORIENTED_EDGE('',*,*,#791,.F.);
#791 = EDGE_CURVE('',#277,#509,#792,.T.);
#792 = LINE('',#793,#794);
#793 = CARTESIAN_POINT('',(28.499973612947,19.112592845,130.));
#794 = VECTOR('',#795,1.);
#795 = DIRECTION('',(0.,0.,1.));
#796 = ORIENTED_EDGE('',*,*,#285,.F.);
#797 = PLANE('',#798);
#798 = AXIS2_PLACEMENT_3D('',#799,#800,#801);
#799 = CARTESIAN_POINT('',(-28.50002561,19.11259355,130.));
#800 = DIRECTION('',(1.228070194129E-08,1.,-0.));
#801 = DIRECTION('',(1.,-1.228070194129E-08,0.));
#802 = ADVANCED_FACE('',(#803),#814,.T.);
#803 = FACE_BOUND('',#804,.T.);
#804 = EDGE_LOOP('',(#805,#811,#812,#813));
#805 = ORIENTED_EDGE('',*,*,#806,.T.);
#806 = EDGE_CURVE('',#201,#433,#807,.T.);
#807 = LINE('',#808,#809);
#808 = CARTESIAN_POINT('',(28.99997542,-19.7125760119,130.));
#809 = VECTOR('',#810,1.);
#810 = DIRECTION('',(0.,0.,1.));
#811 = ORIENTED_EDGE('',*,*,#432,.T.);
#812 = ORIENTED_EDGE('',*,*,#775,.F.);
#813 = ORIENTED_EDGE('',*,*,#200,.F.);
#814 = PLANE('',#815);
#815 = AXIS2_PLACEMENT_3D('',#816,#817,#818);
#816 = CARTESIAN_POINT('',(28.99997542,-19.71257601,130.));
#817 = DIRECTION('',(-0.999999999997,-2.300007337158E-06,0.));
#818 = DIRECTION('',(-2.300007337158E-06,0.999999999997,0.));
#819 = ADVANCED_FACE('',(#820),#831,.F.);
#820 = FACE_BOUND('',#821,.F.);
#821 = EDGE_LOOP('',(#822,#823,#829,#830));
#822 = ORIENTED_EDGE('',*,*,#276,.T.);
#823 = ORIENTED_EDGE('',*,*,#824,.T.);
#824 = EDGE_CURVE('',#269,#501,#825,.T.);
#825 = LINE('',#826,#827);
#826 = CARTESIAN_POINT('',(28.999973575,19.61259269786,130.));
#827 = VECTOR('',#828,1.);
#828 = DIRECTION('',(0.,0.,1.));
#829 = ORIENTED_EDGE('',*,*,#508,.F.);
#830 = ORIENTED_EDGE('',*,*,#791,.F.);
#831 = CYLINDRICAL_SURFACE('',#832,0.49999991);
#832 = AXIS2_PLACEMENT_3D('',#833,#834,#835);
#833 = CARTESIAN_POINT('',(28.49997367,19.61259275,130.));
#834 = DIRECTION('',(-0.,0.,-1.));
#835 = DIRECTION('',(1.,0.,0.));
#836 = ADVANCED_FACE('',(#837),#848,.T.);
#837 = FACE_BOUND('',#838,.T.);
#838 = EDGE_LOOP('',(#839,#840,#846,#847));
#839 = ORIENTED_EDGE('',*,*,#208,.T.);
#840 = ORIENTED_EDGE('',*,*,#841,.T.);
#841 = EDGE_CURVE('',#209,#441,#842,.T.);
#842 = LINE('',#843,#844);
#843 = CARTESIAN_POINT('',(29.299975186927,-20.01257633,130.));
#844 = VECTOR('',#845,1.);
#845 = DIRECTION('',(0.,0.,1.));
#846 = ORIENTED_EDGE('',*,*,#440,.F.);
#847 = ORIENTED_EDGE('',*,*,#806,.F.);
#848 = CYLINDRICAL_SURFACE('',#849,0.30000004);
#849 = AXIS2_PLACEMENT_3D('',#850,#851,#852);
#850 = CARTESIAN_POINT('',(29.29997546,-19.71257629,130.));
#851 = DIRECTION('',(-0.,0.,-1.));
#852 = DIRECTION('',(1.,0.,0.));
#853 = ADVANCED_FACE('',(#854),#865,.T.);
#854 = FACE_BOUND('',#855,.T.);
#855 = EDGE_LOOP('',(#856,#857,#858,#864));
#856 = ORIENTED_EDGE('',*,*,#824,.T.);
#857 = ORIENTED_EDGE('',*,*,#500,.T.);
#858 = ORIENTED_EDGE('',*,*,#859,.F.);
#859 = EDGE_CURVE('',#260,#492,#860,.T.);
#860 = LINE('',#861,#862);
#861 = CARTESIAN_POINT('',(28.999973610939,19.712507349083,130.));
#862 = VECTOR('',#863,1.);
#863 = DIRECTION('',(0.,0.,1.));
#864 = ORIENTED_EDGE('',*,*,#268,.F.);
#865 = PLANE('',#866);
#866 = AXIS2_PLACEMENT_3D('',#867,#868,#869);
#867 = CARTESIAN_POINT('',(28.99997357,19.6125927,130.));
#868 = DIRECTION('',(-1.,4.003416892007E-07,0.));
#869 = DIRECTION('',(4.003416892007E-07,1.,0.));
#870 = ADVANCED_FACE('',(#871),#882,.T.);
#871 = FACE_BOUND('',#872,.T.);
#872 = EDGE_LOOP('',(#873,#879,#880,#881));
#873 = ORIENTED_EDGE('',*,*,#874,.T.);
#874 = EDGE_CURVE('',#218,#450,#875,.T.);
#875 = LINE('',#876,#877);
#876 = CARTESIAN_POINT('',(31.999975910654,-20.012575505,130.));
#877 = VECTOR('',#878,1.);
#878 = DIRECTION('',(0.,0.,1.));
#879 = ORIENTED_EDGE('',*,*,#449,.T.);
#880 = ORIENTED_EDGE('',*,*,#841,.F.);
#881 = ORIENTED_EDGE('',*,*,#217,.F.);
#882 = PLANE('',#883);
#883 = AXIS2_PLACEMENT_3D('',#884,#885,#886);
#884 = CARTESIAN_POINT('',(31.99997591,-20.0125755,130.));
#885 = DIRECTION('',(3.074073258665E-07,-1.,0.));
#886 = DIRECTION('',(-1.,-3.074073258665E-07,0.));
#887 = ADVANCED_FACE('',(#888),#899,.T.);
#888 = FACE_BOUND('',#889,.T.);
#889 = EDGE_LOOP('',(#890,#891,#892,#893));
#890 = ORIENTED_EDGE('',*,*,#259,.T.);
#891 = ORIENTED_EDGE('',*,*,#859,.T.);
#892 = ORIENTED_EDGE('',*,*,#491,.F.);
#893 = ORIENTED_EDGE('',*,*,#894,.F.);
#894 = EDGE_CURVE('',#252,#484,#895,.T.);
#895 = LINE('',#896,#897);
#896 = CARTESIAN_POINT('',(29.300058299819,20.012592004055,130.));
#897 = VECTOR('',#898,1.);
#898 = DIRECTION('',(0.,0.,1.));
#899 = CYLINDRICAL_SURFACE('',#900,0.30000024);
#900 = AXIS2_PLACEMENT_3D('',#901,#902,#903);
#901 = CARTESIAN_POINT('',(29.29997384,19.71259177,130.));
#902 = DIRECTION('',(-0.,0.,-1.));
#903 = DIRECTION('',(1.,0.,0.));
#904 = ADVANCED_FACE('',(#905),#916,.T.);
#905 = FACE_BOUND('',#906,.T.);
#906 = EDGE_LOOP('',(#907,#908,#914,#915));
#907 = ORIENTED_EDGE('',*,*,#225,.T.);
#908 = ORIENTED_EDGE('',*,*,#909,.T.);
#909 = EDGE_CURVE('',#226,#458,#910,.T.);
#910 = LINE('',#911,#912);
#911 = CARTESIAN_POINT('',(39.9999735,-12.01257605434,130.));
#912 = VECTOR('',#913,1.);
#913 = DIRECTION('',(0.,0.,1.));
#914 = ORIENTED_EDGE('',*,*,#457,.F.);
#915 = ORIENTED_EDGE('',*,*,#874,.F.);
#916 = CYLINDRICAL_SURFACE('',#917,7.99999852);
#917 = AXIS2_PLACEMENT_3D('',#918,#919,#920);
#918 = CARTESIAN_POINT('',(31.99997498,-12.01257699,130.));
#919 = DIRECTION('',(-0.,0.,-1.));
#920 = DIRECTION('',(1.,0.,0.));
#921 = ADVANCED_FACE('',(#922),#933,.T.);
#922 = FACE_BOUND('',#923,.T.);
#923 = EDGE_LOOP('',(#924,#925,#926,#932));
#924 = ORIENTED_EDGE('',*,*,#894,.T.);
#925 = ORIENTED_EDGE('',*,*,#483,.T.);
#926 = ORIENTED_EDGE('',*,*,#927,.F.);
#927 = EDGE_CURVE('',#243,#475,#928,.T.);
#928 = LINE('',#929,#930);
#929 = CARTESIAN_POINT('',(31.999844040305,20.012592849477,130.));
#930 = VECTOR('',#931,1.);
#931 = DIRECTION('',(0.,0.,1.));
#932 = ORIENTED_EDGE('',*,*,#251,.F.);
#933 = PLANE('',#934);
#934 = AXIS2_PLACEMENT_3D('',#935,#936,#937);
#935 = CARTESIAN_POINT('',(29.3000583,20.01259201,130.));
#936 = DIRECTION('',(-3.111358022064E-07,1.,0.));
#937 = DIRECTION('',(1.,3.111358022064E-07,0.));
#938 = ADVANCED_FACE('',(#939),#950,.T.);
#939 = FACE_BOUND('',#940,.T.);
#940 = EDGE_LOOP('',(#941,#947,#948,#949));
#941 = ORIENTED_EDGE('',*,*,#942,.T.);
#942 = EDGE_CURVE('',#235,#467,#943,.T.);
#943 = LINE('',#944,#945);
#944 = CARTESIAN_POINT('',(39.999973499496,12.012465702807,130.));
#945 = VECTOR('',#946,1.);
#946 = DIRECTION('',(0.,0.,1.));
#947 = ORIENTED_EDGE('',*,*,#466,.T.);
#948 = ORIENTED_EDGE('',*,*,#909,.F.);
#949 = ORIENTED_EDGE('',*,*,#234,.F.);
#950 = PLANE('',#951);
#951 = AXIS2_PLACEMENT_3D('',#952,#953,#954);
#952 = CARTESIAN_POINT('',(39.9999735,12.0124657,130.));
#953 = DIRECTION('',(1.,0.,-0.));
#954 = DIRECTION('',(0.,-1.,0.));
#955 = ADVANCED_FACE('',(#956),#962,.T.);
#956 = FACE_BOUND('',#957,.T.);
#957 = EDGE_LOOP('',(#958,#959,#960,#961));
#958 = ORIENTED_EDGE('',*,*,#242,.T.);
#959 = ORIENTED_EDGE('',*,*,#927,.T.);
#960 = ORIENTED_EDGE('',*,*,#474,.F.);
#961 = ORIENTED_EDGE('',*,*,#942,.F.);
#962 = CYLINDRICAL_SURFACE('',#963,8.00000009);
#963 = AXIS2_PLACEMENT_3D('',#964,#965,#966);
#964 = CARTESIAN_POINT('',(31.99997341,12.01259276,130.));
#965 = DIRECTION('',(-0.,0.,-1.));
#966 = DIRECTION('',(1.,0.,0.));
#967 = ADVANCED_FACE('',(#968),#987,.F.);
#968 = FACE_BOUND('',#969,.F.);
#969 = EDGE_LOOP('',(#970,#971,#979,#986));
#970 = ORIENTED_EDGE('',*,*,#337,.T.);
#971 = ORIENTED_EDGE('',*,*,#972,.T.);
#972 = EDGE_CURVE('',#338,#973,#975,.T.);
#973 = VERTEX_POINT('',#974);
#974 = CARTESIAN_POINT('',(37.17499059,-15.05740736,130.25004609152));
#975 = LINE('',#976,#977);
#976 = CARTESIAN_POINT('',(37.17499059,-15.05740736,121.5));
#977 = VECTOR('',#978,1.);
#978 = DIRECTION('',(0.,0.,1.));
#979 = ORIENTED_EDGE('',*,*,#980,.F.);
#980 = EDGE_CURVE('',#973,#973,#981,.T.);
#981 = CIRCLE('',#982,1.700017);
#982 = AXIS2_PLACEMENT_3D('',#983,#984,#985);
#983 = CARTESIAN_POINT('',(35.47497359,-15.05740736,130.25004609152));
#984 = DIRECTION('',(0.,0.,1.));
#985 = DIRECTION('',(1.,0.,-0.));
#986 = ORIENTED_EDGE('',*,*,#972,.F.);
#987 = CYLINDRICAL_SURFACE('',#988,1.700017);
#988 = AXIS2_PLACEMENT_3D('',#989,#990,#991);
#989 = CARTESIAN_POINT('',(35.47497359,-15.05740736,121.5));
#990 = DIRECTION('',(0.,0.,1.));
#991 = DIRECTION('',(1.,0.,-0.));
#992 = ADVANCED_FACE('',(#993),#1012,.F.);
#993 = FACE_BOUND('',#994,.F.);
#994 = EDGE_LOOP('',(#995,#996,#1004,#1011));
#995 = ORIENTED_EDGE('',*,*,#348,.T.);
#996 = ORIENTED_EDGE('',*,*,#997,.T.);
#997 = EDGE_CURVE('',#349,#998,#1000,.T.);
#998 = VERTEX_POINT('',#999);
#999 = CARTESIAN_POINT('',(37.17498933,15.06259218,130.25004609152));
#1000 = LINE('',#1001,#1002);
#1001 = CARTESIAN_POINT('',(37.17498933,15.06259218,121.5));
#1002 = VECTOR('',#1003,1.);
#1003 = DIRECTION('',(0.,0.,1.));
#1004 = ORIENTED_EDGE('',*,*,#1005,.F.);
#1005 = EDGE_CURVE('',#998,#998,#1006,.T.);
#1006 = CIRCLE('',#1007,1.700017);
#1007 = AXIS2_PLACEMENT_3D('',#1008,#1009,#1010);
#1008 = CARTESIAN_POINT('',(35.47497233,15.06259218,130.25004609152));
#1009 = DIRECTION('',(0.,0.,1.));
#1010 = DIRECTION('',(1.,0.,-0.));
#1011 = ORIENTED_EDGE('',*,*,#997,.F.);
#1012 = CYLINDRICAL_SURFACE('',#1013,1.700017);
#1013 = AXIS2_PLACEMENT_3D('',#1014,#1015,#1016);
#1014 = CARTESIAN_POINT('',(35.47497233,15.06259218,121.5));
#1015 = DIRECTION('',(0.,0.,1.));
#1016 = DIRECTION('',(1.,0.,-0.));
#1017 = ADVANCED_FACE('',(#1018),#1037,.F.);
#1018 = FACE_BOUND('',#1019,.F.);
#1019 = EDGE_LOOP('',(#1020,#1021,#1029,#1036));
#1020 = ORIENTED_EDGE('',*,*,#359,.T.);
#1021 = ORIENTED_EDGE('',*,*,#1022,.T.);
#1022 = EDGE_CURVE('',#360,#1023,#1025,.T.);
#1023 = VERTEX_POINT('',#1024);
#1024 = CARTESIAN_POINT('',(-33.7750081,-15.05740632,130.25004609152));
#1025 = LINE('',#1026,#1027);
#1026 = CARTESIAN_POINT('',(-33.7750081,-15.05740632,121.5));
#1027 = VECTOR('',#1028,1.);
#1028 = DIRECTION('',(0.,0.,1.));
#1029 = ORIENTED_EDGE('',*,*,#1030,.F.);
#1030 = EDGE_CURVE('',#1023,#1023,#1031,.T.);
#1031 = CIRCLE('',#1032,1.700017);
#1032 = AXIS2_PLACEMENT_3D('',#1033,#1034,#1035);
#1033 = CARTESIAN_POINT('',(-35.4750251,-15.05740632,130.25004609152));
#1034 = DIRECTION('',(0.,0.,1.));
#1035 = DIRECTION('',(1.,0.,-0.));
#1036 = ORIENTED_EDGE('',*,*,#1022,.F.);
#1037 = CYLINDRICAL_SURFACE('',#1038,1.700017);
#1038 = AXIS2_PLACEMENT_3D('',#1039,#1040,#1041);
#1039 = CARTESIAN_POINT('',(-35.4750251,-15.05740632,121.5));
#1040 = DIRECTION('',(0.,0.,1.));
#1041 = DIRECTION('',(1.,0.,-0.));
#1042 = ADVANCED_FACE('',(#1043),#1062,.F.);
#1043 = FACE_BOUND('',#1044,.F.);
#1044 = EDGE_LOOP('',(#1045,#1046,#1054,#1061));
#1045 = ORIENTED_EDGE('',*,*,#370,.T.);
#1046 = ORIENTED_EDGE('',*,*,#1047,.T.);
#1047 = EDGE_CURVE('',#371,#1048,#1050,.T.);
#1048 = VERTEX_POINT('',#1049);
#1049 = CARTESIAN_POINT('',(-33.77500937,15.06259322,130.25004609152));
#1050 = LINE('',#1051,#1052);
#1051 = CARTESIAN_POINT('',(-33.77500937,15.06259322,121.5));
#1052 = VECTOR('',#1053,1.);
#1053 = DIRECTION('',(0.,0.,1.));
#1054 = ORIENTED_EDGE('',*,*,#1055,.F.);
#1055 = EDGE_CURVE('',#1048,#1048,#1056,.T.);
#1056 = CIRCLE('',#1057,1.700017);
#1057 = AXIS2_PLACEMENT_3D('',#1058,#1059,#1060);
#1058 = CARTESIAN_POINT('',(-35.47502637,15.06259322,130.25004609152));
#1059 = DIRECTION('',(0.,0.,1.));
#1060 = DIRECTION('',(1.,0.,-0.));
#1061 = ORIENTED_EDGE('',*,*,#1047,.F.);
#1062 = CYLINDRICAL_SURFACE('',#1063,1.700017);
#1063 = AXIS2_PLACEMENT_3D('',#1064,#1065,#1066);
#1064 = CARTESIAN_POINT('',(-35.47502637,15.06259322,121.5));
#1065 = DIRECTION('',(0.,0.,1.));
#1066 = DIRECTION('',(1.,0.,-0.));
#1067 = ADVANCED_FACE('',(#1068),#1079,.F.);
#1068 = FACE_BOUND('',#1069,.F.);
#1069 = EDGE_LOOP('',(#1070,#1071,#1077,#1078));
#1070 = ORIENTED_EDGE('',*,*,#980,.T.);
#1071 = ORIENTED_EDGE('',*,*,#1072,.T.);
#1072 = EDGE_CURVE('',#973,#570,#1073,.T.);
#1073 = LINE('',#1074,#1075);
#1074 = CARTESIAN_POINT('',(37.17499059,-15.05740736,130.25004609152));
#1075 = VECTOR('',#1076,1.);
#1076 = DIRECTION('',(0.707106665647,0.,0.707106896726));
#1077 = ORIENTED_EDGE('',*,*,#569,.F.);
#1078 = ORIENTED_EDGE('',*,*,#1072,.F.);
#1079 = CONICAL_SURFACE('',#1080,1.700017,0.785398);
#1080 = AXIS2_PLACEMENT_3D('',#1081,#1082,#1083);
#1081 = CARTESIAN_POINT('',(35.47497359,-15.05740736,130.25004609152));
#1082 = DIRECTION('',(0.,0.,1.));
#1083 = DIRECTION('',(1.,0.,-0.));
#1084 = ADVANCED_FACE('',(#1085),#1096,.F.);
#1085 = FACE_BOUND('',#1086,.F.);
#1086 = EDGE_LOOP('',(#1087,#1088,#1094,#1095));
#1087 = ORIENTED_EDGE('',*,*,#1005,.T.);
#1088 = ORIENTED_EDGE('',*,*,#1089,.T.);
#1089 = EDGE_CURVE('',#998,#581,#1090,.T.);
#1090 = LINE('',#1091,#1092);
#1091 = CARTESIAN_POINT('',(37.17498933,15.06259218,130.25004609152));
#1092 = VECTOR('',#1093,1.);
#1093 = DIRECTION('',(0.707106665647,0.,0.707106896726));
#1094 = ORIENTED_EDGE('',*,*,#580,.F.);
#1095 = ORIENTED_EDGE('',*,*,#1089,.F.);
#1096 = CONICAL_SURFACE('',#1097,1.700017,0.785398);
#1097 = AXIS2_PLACEMENT_3D('',#1098,#1099,#1100);
#1098 = CARTESIAN_POINT('',(35.47497233,15.06259218,130.25004609152));
#1099 = DIRECTION('',(0.,0.,1.));
#1100 = DIRECTION('',(1.,0.,-0.));
#1101 = ADVANCED_FACE('',(#1102),#1113,.F.);
#1102 = FACE_BOUND('',#1103,.F.);
#1103 = EDGE_LOOP('',(#1104,#1105,#1111,#1112));
#1104 = ORIENTED_EDGE('',*,*,#1030,.T.);
#1105 = ORIENTED_EDGE('',*,*,#1106,.T.);
#1106 = EDGE_CURVE('',#1023,#592,#1107,.T.);
#1107 = LINE('',#1108,#1109);
#1108 = CARTESIAN_POINT('',(-33.7750081,-15.05740632,130.25004609152));
#1109 = VECTOR('',#1110,1.);
#1110 = DIRECTION('',(0.707106665647,0.,0.707106896726));
#1111 = ORIENTED_EDGE('',*,*,#591,.F.);
#1112 = ORIENTED_EDGE('',*,*,#1106,.F.);
#1113 = CONICAL_SURFACE('',#1114,1.700017,0.785398);
#1114 = AXIS2_PLACEMENT_3D('',#1115,#1116,#1117);
#1115 = CARTESIAN_POINT('',(-35.4750251,-15.05740632,130.25004609152));
#1116 = DIRECTION('',(0.,0.,1.));
#1117 = DIRECTION('',(1.,0.,-0.));
#1118 = ADVANCED_FACE('',(#1119),#1130,.F.);
#1119 = FACE_BOUND('',#1120,.F.);
#1120 = EDGE_LOOP('',(#1121,#1122,#1128,#1129));
#1121 = ORIENTED_EDGE('',*,*,#1055,.T.);
#1122 = ORIENTED_EDGE('',*,*,#1123,.T.);
#1123 = EDGE_CURVE('',#1048,#603,#1124,.T.);
#1124 = LINE('',#1125,#1126);
#1125 = CARTESIAN_POINT('',(-33.77500937,15.06259322,130.25004609152));
#1126 = VECTOR('',#1127,1.);
#1127 = DIRECTION('',(0.707106665647,0.,0.707106896726));
#1128 = ORIENTED_EDGE('',*,*,#602,.F.);
#1129 = ORIENTED_EDGE('',*,*,#1123,.F.);
#1130 = CONICAL_SURFACE('',#1131,1.700017,0.785398);
#1131 = AXIS2_PLACEMENT_3D('',#1132,#1133,#1134);
#1132 = CARTESIAN_POINT('',(-35.47502637,15.06259322,130.25004609152));
#1133 = DIRECTION('',(0.,0.,1.));
#1134 = DIRECTION('',(1.,0.,-0.));
#1135 = ( GEOMETRIC_REPRESENTATION_CONTEXT(3) 
GLOBAL_UNCERTAINTY_ASSIGNED_CONTEXT((#1139)) 
GLOBAL_UNIT_ASSIGNED_CONTEXT((#1136,#1137,#1138)) REPRESENTATION_CONTEXT
('Context #1','3D Context with UNIT and UNCERTAINTY') );
#1136 = ( LENGTH_UNIT() NAMED_UNIT(*) SI_UNIT(.MILLI.,.METRE.) );
#1137 = ( NAMED_UNIT(*) PLANE_ANGLE_UNIT() SI_UNIT($,.RADIAN.) );
#1138 = ( NAMED_UNIT(*) SI_UNIT($,.STERADIAN.) SOLID_ANGLE_UNIT() );
#1139 = UNCERTAINTY_MEASURE_WITH_UNIT(LENGTH_MEASURE(1.E-07),#1136,
  'distance_accuracy_value','confusion accuracy');
#1140 = CONTEXT_DEPENDENT_SHAPE_REPRESENTATION(#1141,#1143);
#1141 = ( REPRESENTATION_RELATIONSHIP('','',#44,#10) 
REPRESENTATION_RELATIONSHIP_WITH_TRANSFORMATION(#1142) 
SHAPE_REPRESENTATION_RELATIONSHIP() );
#1142 = ITEM_DEFINED_TRANSFORMATION('','',#11,#15);
#1143 = PRODUCT_DEFINITION_SHAPE('Placement','Placement of an item',
  #1144);
#1144 = NEXT_ASSEMBLY_USAGE_OCCURRENCE('5','Box Front','',#5,#39,$);
#1145 = PRODUCT_RELATED_PRODUCT_CATEGORY('part',$,(#41));
#1146 = SHAPE_DEFINITION_REPRESENTATION(#1147,#1153);
#1147 = PRODUCT_DEFINITION_SHAPE('','',#1148);
#1148 = PRODUCT_DEFINITION('design','',#1149,#1152);
#1149 = PRODUCT_DEFINITION_FORMATION('','',#1150);
#1150 = PRODUCT('Box Back','Box Back','',(#1151));
#1151 = PRODUCT_CONTEXT('',#2,'mechanical');
#1152 = PRODUCT_DEFINITION_CONTEXT('part definition',#2,'design');
#1153 = ADVANCED_BREP_SHAPE_REPRESENTATION('',(#11,#1154),#2244);
#1154 = MANIFOLD_SOLID_BREP('',#1155);
#1155 = CLOSED_SHELL('',(#1156,#1198,#1229,#1260,#1492,#1724,#1741,#1758
    ,#1775,#1792,#1809,#1826,#1843,#1860,#1877,#1894,#1911,#1928,#1945,
    #1962,#1979,#1996,#2013,#2030,#2047,#2064,#2076,#2101,#2126,#2151,
    #2176,#2193,#2210,#2227));
#1156 = ADVANCED_FACE('',(#1157),#1193,.T.);
#1157 = FACE_BOUND('',#1158,.T.);
#1158 = EDGE_LOOP('',(#1159,#1170,#1178,#1187));
#1159 = ORIENTED_EDGE('',*,*,#1160,.T.);
#1160 = EDGE_CURVE('',#1161,#1163,#1165,.T.);
#1161 = VERTEX_POINT('',#1162);
#1162 = CARTESIAN_POINT('',(40.00002629,-12.01257579831,0.));
#1163 = VERTEX_POINT('',#1164);
#1164 = CARTESIAN_POINT('',(32.000023800929,-20.01257633,0.));
#1165 = CIRCLE('',#1166,8.);
#1166 = AXIS2_PLACEMENT_3D('',#1167,#1168,#1169);
#1167 = CARTESIAN_POINT('',(32.00002629,-12.01257633,0.));
#1168 = DIRECTION('',(0.,0.,-1.));
#1169 = DIRECTION('',(-1.,0.,0.));
#1170 = ORIENTED_EDGE('',*,*,#1171,.T.);
#1171 = EDGE_CURVE('',#1163,#1172,#1174,.T.);
#1172 = VERTEX_POINT('',#1173);
#1173 = CARTESIAN_POINT('',(32.000023800929,-20.01257633,-1.5));
#1174 = LINE('',#1175,#1176);
#1175 = CARTESIAN_POINT('',(32.000023800929,-20.01257633,0.));
#1176 = VECTOR('',#1177,1.);
#1177 = DIRECTION('',(-0.,-0.,-1.));
#1178 = ORIENTED_EDGE('',*,*,#1179,.F.);
#1179 = EDGE_CURVE('',#1180,#1172,#1182,.T.);
#1180 = VERTEX_POINT('',#1181);
#1181 = CARTESIAN_POINT('',(40.00002629,-12.01257579831,-1.5));
#1182 = CIRCLE('',#1183,8.);
#1183 = AXIS2_PLACEMENT_3D('',#1184,#1185,#1186);
#1184 = CARTESIAN_POINT('',(32.00002629,-12.01257633,-1.5));
#1185 = DIRECTION('',(0.,0.,-1.));
#1186 = DIRECTION('',(-1.,0.,0.));
#1187 = ORIENTED_EDGE('',*,*,#1188,.F.);
#1188 = EDGE_CURVE('',#1161,#1180,#1189,.T.);
#1189 = LINE('',#1190,#1191);
#1190 = CARTESIAN_POINT('',(40.00002629,-12.01257579831,0.));
#1191 = VECTOR('',#1192,1.);
#1192 = DIRECTION('',(-0.,-0.,-1.));
#1193 = CYLINDRICAL_SURFACE('',#1194,8.);
#1194 = AXIS2_PLACEMENT_3D('',#1195,#1196,#1197);
#1195 = CARTESIAN_POINT('',(32.00002629,-12.01257633,0.));
#1196 = DIRECTION('',(-0.,-0.,1.));
#1197 = DIRECTION('',(-1.,0.,0.));
#1198 = ADVANCED_FACE('',(#1199),#1224,.T.);
#1199 = FACE_BOUND('',#1200,.T.);
#1200 = EDGE_LOOP('',(#1201,#1202,#1210,#1218));
#1201 = ORIENTED_EDGE('',*,*,#1188,.T.);
#1202 = ORIENTED_EDGE('',*,*,#1203,.T.);
#1203 = EDGE_CURVE('',#1180,#1204,#1206,.T.);
#1204 = VERTEX_POINT('',#1205);
#1205 = CARTESIAN_POINT('',(40.0000247,12.012592569346,-1.5));
#1206 = LINE('',#1207,#1208);
#1207 = CARTESIAN_POINT('',(40.00002629,-12.0125758,-1.5));
#1208 = VECTOR('',#1209,1.);
#1209 = DIRECTION('',(-6.618059774536E-08,1.,0.));
#1210 = ORIENTED_EDGE('',*,*,#1211,.F.);
#1211 = EDGE_CURVE('',#1212,#1204,#1214,.T.);
#1212 = VERTEX_POINT('',#1213);
#1213 = CARTESIAN_POINT('',(40.0000247,12.012592569346,0.));
#1214 = LINE('',#1215,#1216);
#1215 = CARTESIAN_POINT('',(40.0000247,12.012592569346,0.));
#1216 = VECTOR('',#1217,1.);
#1217 = DIRECTION('',(-0.,-0.,-1.));
#1218 = ORIENTED_EDGE('',*,*,#1219,.F.);
#1219 = EDGE_CURVE('',#1161,#1212,#1220,.T.);
#1220 = LINE('',#1221,#1222);
#1221 = CARTESIAN_POINT('',(40.00002629,-12.0125758,0.));
#1222 = VECTOR('',#1223,1.);
#1223 = DIRECTION('',(-6.618059774536E-08,1.,0.));
#1224 = PLANE('',#1225);
#1225 = AXIS2_PLACEMENT_3D('',#1226,#1227,#1228);
#1226 = CARTESIAN_POINT('',(40.00002629,-12.0125758,0.));
#1227 = DIRECTION('',(1.,6.618059774536E-08,-0.));
#1228 = DIRECTION('',(-6.618059774536E-08,1.,0.));
#1229 = ADVANCED_FACE('',(#1230),#1255,.T.);
#1230 = FACE_BOUND('',#1231,.T.);
#1231 = EDGE_LOOP('',(#1232,#1242,#1248,#1249));
#1232 = ORIENTED_EDGE('',*,*,#1233,.T.);
#1233 = EDGE_CURVE('',#1234,#1236,#1238,.T.);
#1234 = VERTEX_POINT('',#1235);
#1235 = CARTESIAN_POINT('',(29.300109499819,-20.01257548905,0.));
#1236 = VERTEX_POINT('',#1237);
#1237 = CARTESIAN_POINT('',(29.300109499819,-20.01257548905,-1.5));
#1238 = LINE('',#1239,#1240);
#1239 = CARTESIAN_POINT('',(29.300109499819,-20.01257548905,0.));
#1240 = VECTOR('',#1241,1.);
#1241 = DIRECTION('',(-0.,-0.,-1.));
#1242 = ORIENTED_EDGE('',*,*,#1243,.T.);
#1243 = EDGE_CURVE('',#1236,#1172,#1244,.T.);
#1244 = LINE('',#1245,#1246);
#1245 = CARTESIAN_POINT('',(29.3001095,-20.01257549,-1.5));
#1246 = VECTOR('',#1247,1.);
#1247 = DIRECTION('',(1.,-3.111209870626E-07,0.));
#1248 = ORIENTED_EDGE('',*,*,#1171,.F.);
#1249 = ORIENTED_EDGE('',*,*,#1250,.F.);
#1250 = EDGE_CURVE('',#1234,#1163,#1251,.T.);
#1251 = LINE('',#1252,#1253);
#1252 = CARTESIAN_POINT('',(29.3001095,-20.01257549,0.));
#1253 = VECTOR('',#1254,1.);
#1254 = DIRECTION('',(1.,-3.111209870626E-07,0.));
#1255 = PLANE('',#1256);
#1256 = AXIS2_PLACEMENT_3D('',#1257,#1258,#1259);
#1257 = CARTESIAN_POINT('',(29.3001095,-20.01257549,0.));
#1258 = DIRECTION('',(-3.111209870626E-07,-1.,0.));
#1259 = DIRECTION('',(1.,-3.111209870626E-07,0.));
#1260 = ADVANCED_FACE('',(#1261,#1443,#1454,#1465,#1476),#1487,.F.);
#1261 = FACE_BOUND('',#1262,.F.);
#1262 = EDGE_LOOP('',(#1263,#1264,#1265,#1274,#1282,#1291,#1299,#1308,
    #1316,#1325,#1333,#1342,#1350,#1359,#1367,#1376,#1384,#1393,#1401,
    #1410,#1418,#1427,#1435,#1442));
#1263 = ORIENTED_EDGE('',*,*,#1160,.T.);
#1264 = ORIENTED_EDGE('',*,*,#1250,.F.);
#1265 = ORIENTED_EDGE('',*,*,#1266,.T.);
#1266 = EDGE_CURVE('',#1234,#1267,#1269,.T.);
#1267 = VERTEX_POINT('',#1268);
#1268 = CARTESIAN_POINT('',(29.000024810939,-19.71249083908,0.));
#1269 = CIRCLE('',#1270,0.30000024);
#1270 = AXIS2_PLACEMENT_3D('',#1271,#1272,#1273);
#1271 = CARTESIAN_POINT('',(29.30002504,-19.71257526,0.));
#1272 = DIRECTION('',(0.,0.,-1.));
#1273 = DIRECTION('',(-1.,0.,0.));
#1274 = ORIENTED_EDGE('',*,*,#1275,.F.);
#1275 = EDGE_CURVE('',#1276,#1267,#1278,.T.);
#1276 = VERTEX_POINT('',#1277);
#1277 = CARTESIAN_POINT('',(29.000024775,-19.61257618286,0.));
#1278 = LINE('',#1279,#1280);
#1279 = CARTESIAN_POINT('',(29.00002477,-19.61257618,0.));
#1280 = VECTOR('',#1281,1.);
#1281 = DIRECTION('',(4.003416491324E-07,-1.,0.));
#1282 = ORIENTED_EDGE('',*,*,#1283,.F.);
#1283 = EDGE_CURVE('',#1284,#1276,#1286,.T.);
#1284 = VERTEX_POINT('',#1285);
#1285 = CARTESIAN_POINT('',(28.500024812947,-19.11257633,0.));
#1286 = CIRCLE('',#1287,0.49999991);
#1287 = AXIS2_PLACEMENT_3D('',#1288,#1289,#1290);
#1288 = CARTESIAN_POINT('',(28.50002487,-19.61257624,0.));
#1289 = DIRECTION('',(0.,0.,-1.));
#1290 = DIRECTION('',(-1.,0.,0.));
#1291 = ORIENTED_EDGE('',*,*,#1292,.F.);
#1292 = EDGE_CURVE('',#1293,#1284,#1295,.T.);
#1293 = VERTEX_POINT('',#1294);
#1294 = CARTESIAN_POINT('',(-28.49997440994,-19.11257703,0.));
#1295 = LINE('',#1296,#1297);
#1296 = CARTESIAN_POINT('',(-28.49997441,-19.11257703,0.));
#1297 = VECTOR('',#1298,1.);
#1298 = DIRECTION('',(1.,1.228070194129E-08,-0.));
#1299 = ORIENTED_EDGE('',*,*,#1300,.F.);
#1300 = EDGE_CURVE('',#1301,#1293,#1303,.T.);
#1301 = VERTEX_POINT('',#1302);
#1302 = CARTESIAN_POINT('',(-28.99997519,-19.61257632994,0.));
#1303 = CIRCLE('',#1304,0.50000004);
#1304 = AXIS2_PLACEMENT_3D('',#1305,#1306,#1307);
#1305 = CARTESIAN_POINT('',(-28.49997515,-19.61257707,0.));
#1306 = DIRECTION('',(0.,0.,-1.));
#1307 = DIRECTION('',(-1.,0.,0.));
#1308 = ORIENTED_EDGE('',*,*,#1309,.F.);
#1309 = EDGE_CURVE('',#1310,#1301,#1312,.T.);
#1310 = VERTEX_POINT('',#1311);
#1311 = CARTESIAN_POINT('',(-28.99997542,-19.7125760119,0.));
#1312 = LINE('',#1313,#1314);
#1313 = CARTESIAN_POINT('',(-28.99997542,-19.71257601,0.));
#1314 = VECTOR('',#1315,1.);
#1315 = DIRECTION('',(2.300007337158E-06,0.999999999997,-0.));
#1316 = ORIENTED_EDGE('',*,*,#1317,.T.);
#1317 = EDGE_CURVE('',#1310,#1318,#1320,.T.);
#1318 = VERTEX_POINT('',#1319);
#1319 = CARTESIAN_POINT('',(-29.29997518692,-20.01257633,0.));
#1320 = CIRCLE('',#1321,0.30000004);
#1321 = AXIS2_PLACEMENT_3D('',#1322,#1323,#1324);
#1322 = CARTESIAN_POINT('',(-29.29997546,-19.71257629,0.));
#1323 = DIRECTION('',(0.,0.,-1.));
#1324 = DIRECTION('',(-1.,0.,0.));
#1325 = ORIENTED_EDGE('',*,*,#1326,.F.);
#1326 = EDGE_CURVE('',#1327,#1318,#1329,.T.);
#1327 = VERTEX_POINT('',#1328);
#1328 = CARTESIAN_POINT('',(-31.99997591065,-20.012575505,0.));
#1329 = LINE('',#1330,#1331);
#1330 = CARTESIAN_POINT('',(-31.99997591,-20.0125755,0.));
#1331 = VECTOR('',#1332,1.);
#1332 = DIRECTION('',(1.,-3.074073258665E-07,0.));
#1333 = ORIENTED_EDGE('',*,*,#1334,.T.);
#1334 = EDGE_CURVE('',#1327,#1335,#1337,.T.);
#1335 = VERTEX_POINT('',#1336);
#1336 = CARTESIAN_POINT('',(-39.9999735,-12.01257605434,0.));
#1337 = CIRCLE('',#1338,7.99999852);
#1338 = AXIS2_PLACEMENT_3D('',#1339,#1340,#1341);
#1339 = CARTESIAN_POINT('',(-31.99997498,-12.01257699,0.));
#1340 = DIRECTION('',(0.,0.,-1.));
#1341 = DIRECTION('',(-1.,0.,0.));
#1342 = ORIENTED_EDGE('',*,*,#1343,.F.);
#1343 = EDGE_CURVE('',#1344,#1335,#1346,.T.);
#1344 = VERTEX_POINT('',#1345);
#1345 = CARTESIAN_POINT('',(-39.99997349949,12.012465702807,0.));
#1346 = LINE('',#1347,#1348);
#1347 = CARTESIAN_POINT('',(-39.9999735,12.0124657,0.));
#1348 = VECTOR('',#1349,1.);
#1349 = DIRECTION('',(-0.,-1.,0.));
#1350 = ORIENTED_EDGE('',*,*,#1351,.T.);
#1351 = EDGE_CURVE('',#1344,#1352,#1354,.T.);
#1352 = VERTEX_POINT('',#1353);
#1353 = CARTESIAN_POINT('',(-31.9998440403,20.012592849477,0.));
#1354 = CIRCLE('',#1355,8.00000009);
#1355 = AXIS2_PLACEMENT_3D('',#1356,#1357,#1358);
#1356 = CARTESIAN_POINT('',(-31.99997341,12.01259276,0.));
#1357 = DIRECTION('',(0.,0.,-1.));
#1358 = DIRECTION('',(-1.,0.,0.));
#1359 = ORIENTED_EDGE('',*,*,#1360,.F.);
#1360 = EDGE_CURVE('',#1361,#1352,#1363,.T.);
#1361 = VERTEX_POINT('',#1362);
#1362 = CARTESIAN_POINT('',(-29.30005829981,20.012592004055,0.));
#1363 = LINE('',#1364,#1365);
#1364 = CARTESIAN_POINT('',(-29.3000583,20.01259201,0.));
#1365 = VECTOR('',#1366,1.);
#1366 = DIRECTION('',(-1.,3.111358022064E-07,0.));
#1367 = ORIENTED_EDGE('',*,*,#1368,.T.);
#1368 = EDGE_CURVE('',#1361,#1369,#1371,.T.);
#1369 = VERTEX_POINT('',#1370);
#1370 = CARTESIAN_POINT('',(-28.99997361093,19.712507349083,0.));
#1371 = CIRCLE('',#1372,0.30000024);
#1372 = AXIS2_PLACEMENT_3D('',#1373,#1374,#1375);
#1373 = CARTESIAN_POINT('',(-29.29997384,19.71259177,0.));
#1374 = DIRECTION('',(0.,0.,-1.));
#1375 = DIRECTION('',(-1.,0.,0.));
#1376 = ORIENTED_EDGE('',*,*,#1377,.F.);
#1377 = EDGE_CURVE('',#1378,#1369,#1380,.T.);
#1378 = VERTEX_POINT('',#1379);
#1379 = CARTESIAN_POINT('',(-28.999973575,19.61259269786,0.));
#1380 = LINE('',#1381,#1382);
#1381 = CARTESIAN_POINT('',(-28.99997357,19.6125927,0.));
#1382 = VECTOR('',#1383,1.);
#1383 = DIRECTION('',(-4.003416892007E-07,1.,0.));
#1384 = ORIENTED_EDGE('',*,*,#1385,.F.);
#1385 = EDGE_CURVE('',#1386,#1378,#1388,.T.);
#1386 = VERTEX_POINT('',#1387);
#1387 = CARTESIAN_POINT('',(-28.49997361294,19.112592845,0.));
#1388 = CIRCLE('',#1389,0.49999991);
#1389 = AXIS2_PLACEMENT_3D('',#1390,#1391,#1392);
#1390 = CARTESIAN_POINT('',(-28.49997367,19.61259275,0.));
#1391 = DIRECTION('',(0.,0.,-1.));
#1392 = DIRECTION('',(-1.,0.,0.));
#1393 = ORIENTED_EDGE('',*,*,#1394,.F.);
#1394 = EDGE_CURVE('',#1395,#1386,#1397,.T.);
#1395 = VERTEX_POINT('',#1396);
#1396 = CARTESIAN_POINT('',(28.500025609947,19.11259355,0.));
#1397 = LINE('',#1398,#1399);
#1398 = CARTESIAN_POINT('',(28.50002561,19.11259355,0.));
#1399 = VECTOR('',#1400,1.);
#1400 = DIRECTION('',(-1.,-1.228070194129E-08,0.));
#1401 = ORIENTED_EDGE('',*,*,#1402,.F.);
#1402 = EDGE_CURVE('',#1403,#1395,#1405,.T.);
#1403 = VERTEX_POINT('',#1404);
#1404 = CARTESIAN_POINT('',(29.00002639,19.612592849947,0.));
#1405 = CIRCLE('',#1406,0.50000004);
#1406 = AXIS2_PLACEMENT_3D('',#1407,#1408,#1409);
#1407 = CARTESIAN_POINT('',(28.50002635,19.61259359,0.));
#1408 = DIRECTION('',(0.,0.,-1.));
#1409 = DIRECTION('',(-1.,0.,0.));
#1410 = ORIENTED_EDGE('',*,*,#1411,.F.);
#1411 = EDGE_CURVE('',#1412,#1403,#1414,.T.);
#1412 = VERTEX_POINT('',#1413);
#1413 = CARTESIAN_POINT('',(29.00002662,19.712592526901,0.));
#1414 = LINE('',#1415,#1416);
#1415 = CARTESIAN_POINT('',(29.00002662,19.71259253,0.));
#1416 = VECTOR('',#1417,1.);
#1417 = DIRECTION('',(-2.300007372686E-06,-0.999999999997,0.));
#1418 = ORIENTED_EDGE('',*,*,#1419,.T.);
#1419 = EDGE_CURVE('',#1412,#1420,#1422,.T.);
#1420 = VERTEX_POINT('',#1421);
#1421 = CARTESIAN_POINT('',(29.300026386927,20.012592845,0.));
#1422 = CIRCLE('',#1423,0.30000004);
#1423 = AXIS2_PLACEMENT_3D('',#1424,#1425,#1426);
#1424 = CARTESIAN_POINT('',(29.30002666,19.7125928,0.));
#1425 = DIRECTION('',(0.,0.,-1.));
#1426 = DIRECTION('',(-1.,0.,0.));
#1427 = ORIENTED_EDGE('',*,*,#1428,.F.);
#1428 = EDGE_CURVE('',#1429,#1420,#1431,.T.);
#1429 = VERTEX_POINT('',#1430);
#1430 = CARTESIAN_POINT('',(32.000027110654,20.01259202,0.));
#1431 = LINE('',#1432,#1433);
#1432 = CARTESIAN_POINT('',(32.00002711,20.01259202,0.));
#1433 = VECTOR('',#1434,1.);
#1434 = DIRECTION('',(-1.,3.074073258665E-07,0.));
#1435 = ORIENTED_EDGE('',*,*,#1436,.T.);
#1436 = EDGE_CURVE('',#1429,#1212,#1437,.T.);
#1437 = CIRCLE('',#1438,7.99999852);
#1438 = AXIS2_PLACEMENT_3D('',#1439,#1440,#1441);
#1439 = CARTESIAN_POINT('',(32.00002618,12.0125935,0.));
#1440 = DIRECTION('',(0.,0.,-1.));
#1441 = DIRECTION('',(-1.,0.,0.));
#1442 = ORIENTED_EDGE('',*,*,#1219,.F.);
#1443 = FACE_BOUND('',#1444,.F.);
#1444 = EDGE_LOOP('',(#1445));
#1445 = ORIENTED_EDGE('',*,*,#1446,.F.);
#1446 = EDGE_CURVE('',#1447,#1447,#1449,.T.);
#1447 = VERTEX_POINT('',#1448);
#1448 = CARTESIAN_POINT('',(33.7750081,-15.05740632,0.));
#1449 = CIRCLE('',#1450,1.700017);
#1450 = AXIS2_PLACEMENT_3D('',#1451,#1452,#1453);
#1451 = CARTESIAN_POINT('',(35.4750251,-15.05740632,0.));
#1452 = DIRECTION('',(0.,0.,-1.));
#1453 = DIRECTION('',(-1.,0.,0.));
#1454 = FACE_BOUND('',#1455,.F.);
#1455 = EDGE_LOOP('',(#1456));
#1456 = ORIENTED_EDGE('',*,*,#1457,.F.);
#1457 = EDGE_CURVE('',#1458,#1458,#1460,.T.);
#1458 = VERTEX_POINT('',#1459);
#1459 = CARTESIAN_POINT('',(-37.17499059,-15.05740736,0.));
#1460 = CIRCLE('',#1461,1.700017);
#1461 = AXIS2_PLACEMENT_3D('',#1462,#1463,#1464);
#1462 = CARTESIAN_POINT('',(-35.47497359,-15.05740736,0.));
#1463 = DIRECTION('',(0.,0.,-1.));
#1464 = DIRECTION('',(-1.,0.,0.));
#1465 = FACE_BOUND('',#1466,.F.);
#1466 = EDGE_LOOP('',(#1467));
#1467 = ORIENTED_EDGE('',*,*,#1468,.F.);
#1468 = EDGE_CURVE('',#1469,#1469,#1471,.T.);
#1469 = VERTEX_POINT('',#1470);
#1470 = CARTESIAN_POINT('',(33.77500937,15.06259322,0.));
#1471 = CIRCLE('',#1472,1.700017);
#1472 = AXIS2_PLACEMENT_3D('',#1473,#1474,#1475);
#1473 = CARTESIAN_POINT('',(35.47502637,15.06259322,0.));
#1474 = DIRECTION('',(0.,0.,-1.));
#1475 = DIRECTION('',(-1.,0.,0.));
#1476 = FACE_BOUND('',#1477,.F.);
#1477 = EDGE_LOOP('',(#1478));
#1478 = ORIENTED_EDGE('',*,*,#1479,.F.);
#1479 = EDGE_CURVE('',#1480,#1480,#1482,.T.);
#1480 = VERTEX_POINT('',#1481);
#1481 = CARTESIAN_POINT('',(-37.17498933,15.06259218,0.));
#1482 = CIRCLE('',#1483,1.700017);
#1483 = AXIS2_PLACEMENT_3D('',#1484,#1485,#1486);
#1484 = CARTESIAN_POINT('',(-35.47497233,15.06259218,0.));
#1485 = DIRECTION('',(0.,0.,-1.));
#1486 = DIRECTION('',(-1.,0.,0.));
#1487 = PLANE('',#1488);
#1488 = AXIS2_PLACEMENT_3D('',#1489,#1490,#1491);
#1489 = CARTESIAN_POINT('',(2.775136594005E-05,7.123897217804E-06,0.));
#1490 = DIRECTION('',(-0.,-0.,-1.));
#1491 = DIRECTION('',(-1.,0.,0.));
#1492 = ADVANCED_FACE('',(#1493,#1675,#1686,#1697,#1708),#1719,.T.);
#1493 = FACE_BOUND('',#1494,.T.);
#1494 = EDGE_LOOP('',(#1495,#1496,#1497,#1506,#1514,#1523,#1531,#1540,
    #1548,#1557,#1565,#1574,#1582,#1591,#1599,#1608,#1616,#1625,#1633,
    #1642,#1650,#1659,#1667,#1674));
#1495 = ORIENTED_EDGE('',*,*,#1179,.T.);
#1496 = ORIENTED_EDGE('',*,*,#1243,.F.);
#1497 = ORIENTED_EDGE('',*,*,#1498,.T.);
#1498 = EDGE_CURVE('',#1236,#1499,#1501,.T.);
#1499 = VERTEX_POINT('',#1500);
#1500 = CARTESIAN_POINT('',(29.000024810939,-19.71249083908,-1.5));
#1501 = CIRCLE('',#1502,0.30000024);
#1502 = AXIS2_PLACEMENT_3D('',#1503,#1504,#1505);
#1503 = CARTESIAN_POINT('',(29.30002504,-19.71257526,-1.5));
#1504 = DIRECTION('',(0.,0.,-1.));
#1505 = DIRECTION('',(-1.,0.,0.));
#1506 = ORIENTED_EDGE('',*,*,#1507,.F.);
#1507 = EDGE_CURVE('',#1508,#1499,#1510,.T.);
#1508 = VERTEX_POINT('',#1509);
#1509 = CARTESIAN_POINT('',(29.000024775,-19.61257618286,-1.5));
#1510 = LINE('',#1511,#1512);
#1511 = CARTESIAN_POINT('',(29.00002477,-19.61257618,-1.5));
#1512 = VECTOR('',#1513,1.);
#1513 = DIRECTION('',(4.003416491324E-07,-1.,0.));
#1514 = ORIENTED_EDGE('',*,*,#1515,.F.);
#1515 = EDGE_CURVE('',#1516,#1508,#1518,.T.);
#1516 = VERTEX_POINT('',#1517);
#1517 = CARTESIAN_POINT('',(28.500024812947,-19.11257633,-1.5));
#1518 = CIRCLE('',#1519,0.49999991);
#1519 = AXIS2_PLACEMENT_3D('',#1520,#1521,#1522);
#1520 = CARTESIAN_POINT('',(28.50002487,-19.61257624,-1.5));
#1521 = DIRECTION('',(0.,0.,-1.));
#1522 = DIRECTION('',(-1.,0.,0.));
#1523 = ORIENTED_EDGE('',*,*,#1524,.F.);
#1524 = EDGE_CURVE('',#1525,#1516,#1527,.T.);
#1525 = VERTEX_POINT('',#1526);
#1526 = CARTESIAN_POINT('',(-28.49997440994,-19.11257703,-1.5));
#1527 = LINE('',#1528,#1529);
#1528 = CARTESIAN_POINT('',(-28.49997441,-19.11257703,-1.5));
#1529 = VECTOR('',#1530,1.);
#1530 = DIRECTION('',(1.,1.228070194129E-08,-0.));
#1531 = ORIENTED_EDGE('',*,*,#1532,.F.);
#1532 = EDGE_CURVE('',#1533,#1525,#1535,.T.);
#1533 = VERTEX_POINT('',#1534);
#1534 = CARTESIAN_POINT('',(-28.99997519,-19.61257632994,-1.5));
#1535 = CIRCLE('',#1536,0.50000004);
#1536 = AXIS2_PLACEMENT_3D('',#1537,#1538,#1539);
#1537 = CARTESIAN_POINT('',(-28.49997515,-19.61257707,-1.5));
#1538 = DIRECTION('',(0.,0.,-1.));
#1539 = DIRECTION('',(-1.,0.,0.));
#1540 = ORIENTED_EDGE('',*,*,#1541,.F.);
#1541 = EDGE_CURVE('',#1542,#1533,#1544,.T.);
#1542 = VERTEX_POINT('',#1543);
#1543 = CARTESIAN_POINT('',(-28.99997542,-19.7125760119,-1.5));
#1544 = LINE('',#1545,#1546);
#1545 = CARTESIAN_POINT('',(-28.99997542,-19.71257601,-1.5));
#1546 = VECTOR('',#1547,1.);
#1547 = DIRECTION('',(2.300007337158E-06,0.999999999997,-0.));
#1548 = ORIENTED_EDGE('',*,*,#1549,.T.);
#1549 = EDGE_CURVE('',#1542,#1550,#1552,.T.);
#1550 = VERTEX_POINT('',#1551);
#1551 = CARTESIAN_POINT('',(-29.29997518692,-20.01257633,-1.5));
#1552 = CIRCLE('',#1553,0.30000004);
#1553 = AXIS2_PLACEMENT_3D('',#1554,#1555,#1556);
#1554 = CARTESIAN_POINT('',(-29.29997546,-19.71257629,-1.5));
#1555 = DIRECTION('',(0.,0.,-1.));
#1556 = DIRECTION('',(-1.,0.,0.));
#1557 = ORIENTED_EDGE('',*,*,#1558,.F.);
#1558 = EDGE_CURVE('',#1559,#1550,#1561,.T.);
#1559 = VERTEX_POINT('',#1560);
#1560 = CARTESIAN_POINT('',(-31.99997591065,-20.012575505,-1.5));
#1561 = LINE('',#1562,#1563);
#1562 = CARTESIAN_POINT('',(-31.99997591,-20.0125755,-1.5));
#1563 = VECTOR('',#1564,1.);
#1564 = DIRECTION('',(1.,-3.074073258665E-07,0.));
#1565 = ORIENTED_EDGE('',*,*,#1566,.T.);
#1566 = EDGE_CURVE('',#1559,#1567,#1569,.T.);
#1567 = VERTEX_POINT('',#1568);
#1568 = CARTESIAN_POINT('',(-39.9999735,-12.01257605434,-1.5));
#1569 = CIRCLE('',#1570,7.99999852);
#1570 = AXIS2_PLACEMENT_3D('',#1571,#1572,#1573);
#1571 = CARTESIAN_POINT('',(-31.99997498,-12.01257699,-1.5));
#1572 = DIRECTION('',(0.,0.,-1.));
#1573 = DIRECTION('',(-1.,0.,0.));
#1574 = ORIENTED_EDGE('',*,*,#1575,.F.);
#1575 = EDGE_CURVE('',#1576,#1567,#1578,.T.);
#1576 = VERTEX_POINT('',#1577);
#1577 = CARTESIAN_POINT('',(-39.99997349949,12.012465702807,-1.5));
#1578 = LINE('',#1579,#1580);
#1579 = CARTESIAN_POINT('',(-39.9999735,12.0124657,-1.5));
#1580 = VECTOR('',#1581,1.);
#1581 = DIRECTION('',(-0.,-1.,0.));
#1582 = ORIENTED_EDGE('',*,*,#1583,.T.);
#1583 = EDGE_CURVE('',#1576,#1584,#1586,.T.);
#1584 = VERTEX_POINT('',#1585);
#1585 = CARTESIAN_POINT('',(-31.9998440403,20.012592849477,-1.5));
#1586 = CIRCLE('',#1587,8.00000009);
#1587 = AXIS2_PLACEMENT_3D('',#1588,#1589,#1590);
#1588 = CARTESIAN_POINT('',(-31.99997341,12.01259276,-1.5));
#1589 = DIRECTION('',(0.,0.,-1.));
#1590 = DIRECTION('',(-1.,0.,0.));
#1591 = ORIENTED_EDGE('',*,*,#1592,.F.);
#1592 = EDGE_CURVE('',#1593,#1584,#1595,.T.);
#1593 = VERTEX_POINT('',#1594);
#1594 = CARTESIAN_POINT('',(-29.30005829981,20.012592004055,-1.5));
#1595 = LINE('',#1596,#1597);
#1596 = CARTESIAN_POINT('',(-29.3000583,20.01259201,-1.5));
#1597 = VECTOR('',#1598,1.);
#1598 = DIRECTION('',(-1.,3.111358022064E-07,0.));
#1599 = ORIENTED_EDGE('',*,*,#1600,.T.);
#1600 = EDGE_CURVE('',#1593,#1601,#1603,.T.);
#1601 = VERTEX_POINT('',#1602);
#1602 = CARTESIAN_POINT('',(-28.99997361093,19.712507349083,-1.5));
#1603 = CIRCLE('',#1604,0.30000024);
#1604 = AXIS2_PLACEMENT_3D('',#1605,#1606,#1607);
#1605 = CARTESIAN_POINT('',(-29.29997384,19.71259177,-1.5));
#1606 = DIRECTION('',(0.,0.,-1.));
#1607 = DIRECTION('',(-1.,0.,0.));
#1608 = ORIENTED_EDGE('',*,*,#1609,.F.);
#1609 = EDGE_CURVE('',#1610,#1601,#1612,.T.);
#1610 = VERTEX_POINT('',#1611);
#1611 = CARTESIAN_POINT('',(-28.999973575,19.61259269786,-1.5));
#1612 = LINE('',#1613,#1614);
#1613 = CARTESIAN_POINT('',(-28.99997357,19.6125927,-1.5));
#1614 = VECTOR('',#1615,1.);
#1615 = DIRECTION('',(-4.003416892007E-07,1.,0.));
#1616 = ORIENTED_EDGE('',*,*,#1617,.F.);
#1617 = EDGE_CURVE('',#1618,#1610,#1620,.T.);
#1618 = VERTEX_POINT('',#1619);
#1619 = CARTESIAN_POINT('',(-28.49997361294,19.112592845,-1.5));
#1620 = CIRCLE('',#1621,0.49999991);
#1621 = AXIS2_PLACEMENT_3D('',#1622,#1623,#1624);
#1622 = CARTESIAN_POINT('',(-28.49997367,19.61259275,-1.5));
#1623 = DIRECTION('',(0.,0.,-1.));
#1624 = DIRECTION('',(-1.,0.,0.));
#1625 = ORIENTED_EDGE('',*,*,#1626,.F.);
#1626 = EDGE_CURVE('',#1627,#1618,#1629,.T.);
#1627 = VERTEX_POINT('',#1628);
#1628 = CARTESIAN_POINT('',(28.500025609947,19.11259355,-1.5));
#1629 = LINE('',#1630,#1631);
#1630 = CARTESIAN_POINT('',(28.50002561,19.11259355,-1.5));
#1631 = VECTOR('',#1632,1.);
#1632 = DIRECTION('',(-1.,-1.228070194129E-08,0.));
#1633 = ORIENTED_EDGE('',*,*,#1634,.F.);
#1634 = EDGE_CURVE('',#1635,#1627,#1637,.T.);
#1635 = VERTEX_POINT('',#1636);
#1636 = CARTESIAN_POINT('',(29.00002639,19.612592849947,-1.5));
#1637 = CIRCLE('',#1638,0.50000004);
#1638 = AXIS2_PLACEMENT_3D('',#1639,#1640,#1641);
#1639 = CARTESIAN_POINT('',(28.50002635,19.61259359,-1.5));
#1640 = DIRECTION('',(0.,0.,-1.));
#1641 = DIRECTION('',(-1.,0.,0.));
#1642 = ORIENTED_EDGE('',*,*,#1643,.F.);
#1643 = EDGE_CURVE('',#1644,#1635,#1646,.T.);
#1644 = VERTEX_POINT('',#1645);
#1645 = CARTESIAN_POINT('',(29.00002662,19.712592526901,-1.5));
#1646 = LINE('',#1647,#1648);
#1647 = CARTESIAN_POINT('',(29.00002662,19.71259253,-1.5));
#1648 = VECTOR('',#1649,1.);
#1649 = DIRECTION('',(-2.300007372686E-06,-0.999999999997,0.));
#1650 = ORIENTED_EDGE('',*,*,#1651,.T.);
#1651 = EDGE_CURVE('',#1644,#1652,#1654,.T.);
#1652 = VERTEX_POINT('',#1653);
#1653 = CARTESIAN_POINT('',(29.300026386927,20.012592845,-1.5));
#1654 = CIRCLE('',#1655,0.30000004);
#1655 = AXIS2_PLACEMENT_3D('',#1656,#1657,#1658);
#1656 = CARTESIAN_POINT('',(29.30002666,19.7125928,-1.5));
#1657 = DIRECTION('',(0.,0.,-1.));
#1658 = DIRECTION('',(-1.,0.,0.));
#1659 = ORIENTED_EDGE('',*,*,#1660,.F.);
#1660 = EDGE_CURVE('',#1661,#1652,#1663,.T.);
#1661 = VERTEX_POINT('',#1662);
#1662 = CARTESIAN_POINT('',(32.000027110654,20.01259202,-1.5));
#1663 = LINE('',#1664,#1665);
#1664 = CARTESIAN_POINT('',(32.00002711,20.01259202,-1.5));
#1665 = VECTOR('',#1666,1.);
#1666 = DIRECTION('',(-1.,3.074073258665E-07,0.));
#1667 = ORIENTED_EDGE('',*,*,#1668,.T.);
#1668 = EDGE_CURVE('',#1661,#1204,#1669,.T.);
#1669 = CIRCLE('',#1670,7.99999852);
#1670 = AXIS2_PLACEMENT_3D('',#1671,#1672,#1673);
#1671 = CARTESIAN_POINT('',(32.00002618,12.0125935,-1.5));
#1672 = DIRECTION('',(0.,0.,-1.));
#1673 = DIRECTION('',(-1.,0.,0.));
#1674 = ORIENTED_EDGE('',*,*,#1203,.F.);
#1675 = FACE_BOUND('',#1676,.T.);
#1676 = EDGE_LOOP('',(#1677));
#1677 = ORIENTED_EDGE('',*,*,#1678,.F.);
#1678 = EDGE_CURVE('',#1679,#1679,#1681,.T.);
#1679 = VERTEX_POINT('',#1680);
#1680 = CARTESIAN_POINT('',(32.5250546,-15.05740632,-1.5));
#1681 = CIRCLE('',#1682,2.9499705);
#1682 = AXIS2_PLACEMENT_3D('',#1683,#1684,#1685);
#1683 = CARTESIAN_POINT('',(35.4750251,-15.05740632,-1.5));
#1684 = DIRECTION('',(0.,0.,-1.));
#1685 = DIRECTION('',(-1.,0.,0.));
#1686 = FACE_BOUND('',#1687,.T.);
#1687 = EDGE_LOOP('',(#1688));
#1688 = ORIENTED_EDGE('',*,*,#1689,.F.);
#1689 = EDGE_CURVE('',#1690,#1690,#1692,.T.);
#1690 = VERTEX_POINT('',#1691);
#1691 = CARTESIAN_POINT('',(-38.42494409,-15.05740736,-1.5));
#1692 = CIRCLE('',#1693,2.9499705);
#1693 = AXIS2_PLACEMENT_3D('',#1694,#1695,#1696);
#1694 = CARTESIAN_POINT('',(-35.47497359,-15.05740736,-1.5));
#1695 = DIRECTION('',(0.,0.,-1.));
#1696 = DIRECTION('',(-1.,0.,0.));
#1697 = FACE_BOUND('',#1698,.T.);
#1698 = EDGE_LOOP('',(#1699));
#1699 = ORIENTED_EDGE('',*,*,#1700,.F.);
#1700 = EDGE_CURVE('',#1701,#1701,#1703,.T.);
#1701 = VERTEX_POINT('',#1702);
#1702 = CARTESIAN_POINT('',(32.52505587,15.06259322,-1.5));
#1703 = CIRCLE('',#1704,2.9499705);
#1704 = AXIS2_PLACEMENT_3D('',#1705,#1706,#1707);
#1705 = CARTESIAN_POINT('',(35.47502637,15.06259322,-1.5));
#1706 = DIRECTION('',(0.,0.,-1.));
#1707 = DIRECTION('',(-1.,0.,0.));
#1708 = FACE_BOUND('',#1709,.T.);
#1709 = EDGE_LOOP('',(#1710));
#1710 = ORIENTED_EDGE('',*,*,#1711,.F.);
#1711 = EDGE_CURVE('',#1712,#1712,#1714,.T.);
#1712 = VERTEX_POINT('',#1713);
#1713 = CARTESIAN_POINT('',(-38.42494283,15.06259218,-1.5));
#1714 = CIRCLE('',#1715,2.9499705);
#1715 = AXIS2_PLACEMENT_3D('',#1716,#1717,#1718);
#1716 = CARTESIAN_POINT('',(-35.47497233,15.06259218,-1.5));
#1717 = DIRECTION('',(0.,0.,-1.));
#1718 = DIRECTION('',(-1.,0.,0.));
#1719 = PLANE('',#1720);
#1720 = AXIS2_PLACEMENT_3D('',#1721,#1722,#1723);
#1721 = CARTESIAN_POINT('',(2.775136594005E-05,7.123897217804E-06,-1.5)
  );
#1722 = DIRECTION('',(-0.,-0.,-1.));
#1723 = DIRECTION('',(-1.,0.,0.));
#1724 = ADVANCED_FACE('',(#1725),#1736,.T.);
#1725 = FACE_BOUND('',#1726,.T.);
#1726 = EDGE_LOOP('',(#1727,#1728,#1729,#1730));
#1727 = ORIENTED_EDGE('',*,*,#1436,.T.);
#1728 = ORIENTED_EDGE('',*,*,#1211,.T.);
#1729 = ORIENTED_EDGE('',*,*,#1668,.F.);
#1730 = ORIENTED_EDGE('',*,*,#1731,.F.);
#1731 = EDGE_CURVE('',#1429,#1661,#1732,.T.);
#1732 = LINE('',#1733,#1734);
#1733 = CARTESIAN_POINT('',(32.000027110654,20.01259202,0.));
#1734 = VECTOR('',#1735,1.);
#1735 = DIRECTION('',(-0.,-0.,-1.));
#1736 = CYLINDRICAL_SURFACE('',#1737,7.99999852);
#1737 = AXIS2_PLACEMENT_3D('',#1738,#1739,#1740);
#1738 = CARTESIAN_POINT('',(32.00002618,12.0125935,0.));
#1739 = DIRECTION('',(-0.,-0.,1.));
#1740 = DIRECTION('',(-1.,0.,0.));
#1741 = ADVANCED_FACE('',(#1742),#1753,.T.);
#1742 = FACE_BOUND('',#1743,.T.);
#1743 = EDGE_LOOP('',(#1744,#1745,#1751,#1752));
#1744 = ORIENTED_EDGE('',*,*,#1266,.T.);
#1745 = ORIENTED_EDGE('',*,*,#1746,.T.);
#1746 = EDGE_CURVE('',#1267,#1499,#1747,.T.);
#1747 = LINE('',#1748,#1749);
#1748 = CARTESIAN_POINT('',(29.000024810939,-19.71249083908,0.));
#1749 = VECTOR('',#1750,1.);
#1750 = DIRECTION('',(-0.,-0.,-1.));
#1751 = ORIENTED_EDGE('',*,*,#1498,.F.);
#1752 = ORIENTED_EDGE('',*,*,#1233,.F.);
#1753 = CYLINDRICAL_SURFACE('',#1754,0.30000024);
#1754 = AXIS2_PLACEMENT_3D('',#1755,#1756,#1757);
#1755 = CARTESIAN_POINT('',(29.30002504,-19.71257526,0.));
#1756 = DIRECTION('',(-0.,-0.,1.));
#1757 = DIRECTION('',(-1.,0.,0.));
#1758 = ADVANCED_FACE('',(#1759),#1770,.T.);
#1759 = FACE_BOUND('',#1760,.T.);
#1760 = EDGE_LOOP('',(#1761,#1762,#1763,#1769));
#1761 = ORIENTED_EDGE('',*,*,#1731,.T.);
#1762 = ORIENTED_EDGE('',*,*,#1660,.T.);
#1763 = ORIENTED_EDGE('',*,*,#1764,.F.);
#1764 = EDGE_CURVE('',#1420,#1652,#1765,.T.);
#1765 = LINE('',#1766,#1767);
#1766 = CARTESIAN_POINT('',(29.300026386927,20.012592845,0.));
#1767 = VECTOR('',#1768,1.);
#1768 = DIRECTION('',(-0.,-0.,-1.));
#1769 = ORIENTED_EDGE('',*,*,#1428,.F.);
#1770 = PLANE('',#1771);
#1771 = AXIS2_PLACEMENT_3D('',#1772,#1773,#1774);
#1772 = CARTESIAN_POINT('',(32.00002711,20.01259202,0.));
#1773 = DIRECTION('',(3.074073258665E-07,1.,-0.));
#1774 = DIRECTION('',(-1.,3.074073258665E-07,0.));
#1775 = ADVANCED_FACE('',(#1776),#1787,.T.);
#1776 = FACE_BOUND('',#1777,.T.);
#1777 = EDGE_LOOP('',(#1778,#1784,#1785,#1786));
#1778 = ORIENTED_EDGE('',*,*,#1779,.T.);
#1779 = EDGE_CURVE('',#1276,#1508,#1780,.T.);
#1780 = LINE('',#1781,#1782);
#1781 = CARTESIAN_POINT('',(29.000024775,-19.61257618286,0.));
#1782 = VECTOR('',#1783,1.);
#1783 = DIRECTION('',(-0.,-0.,-1.));
#1784 = ORIENTED_EDGE('',*,*,#1507,.T.);
#1785 = ORIENTED_EDGE('',*,*,#1746,.F.);
#1786 = ORIENTED_EDGE('',*,*,#1275,.F.);
#1787 = PLANE('',#1788);
#1788 = AXIS2_PLACEMENT_3D('',#1789,#1790,#1791);
#1789 = CARTESIAN_POINT('',(29.00002477,-19.61257618,0.));
#1790 = DIRECTION('',(-1.,-4.003416491324E-07,0.));
#1791 = DIRECTION('',(4.003416491324E-07,-1.,0.));
#1792 = ADVANCED_FACE('',(#1793),#1804,.T.);
#1793 = FACE_BOUND('',#1794,.T.);
#1794 = EDGE_LOOP('',(#1795,#1796,#1797,#1798));
#1795 = ORIENTED_EDGE('',*,*,#1419,.T.);
#1796 = ORIENTED_EDGE('',*,*,#1764,.T.);
#1797 = ORIENTED_EDGE('',*,*,#1651,.F.);
#1798 = ORIENTED_EDGE('',*,*,#1799,.F.);
#1799 = EDGE_CURVE('',#1412,#1644,#1800,.T.);
#1800 = LINE('',#1801,#1802);
#1801 = CARTESIAN_POINT('',(29.00002662,19.712592526901,0.));
#1802 = VECTOR('',#1803,1.);
#1803 = DIRECTION('',(-0.,-0.,-1.));
#1804 = CYLINDRICAL_SURFACE('',#1805,0.30000004);
#1805 = AXIS2_PLACEMENT_3D('',#1806,#1807,#1808);
#1806 = CARTESIAN_POINT('',(29.30002666,19.7125928,0.));
#1807 = DIRECTION('',(-0.,-0.,1.));
#1808 = DIRECTION('',(-1.,0.,0.));
#1809 = ADVANCED_FACE('',(#1810),#1821,.F.);
#1810 = FACE_BOUND('',#1811,.F.);
#1811 = EDGE_LOOP('',(#1812,#1813,#1814,#1815));
#1812 = ORIENTED_EDGE('',*,*,#1283,.T.);
#1813 = ORIENTED_EDGE('',*,*,#1779,.T.);
#1814 = ORIENTED_EDGE('',*,*,#1515,.F.);
#1815 = ORIENTED_EDGE('',*,*,#1816,.F.);
#1816 = EDGE_CURVE('',#1284,#1516,#1817,.T.);
#1817 = LINE('',#1818,#1819);
#1818 = CARTESIAN_POINT('',(28.500024812947,-19.11257633,0.));
#1819 = VECTOR('',#1820,1.);
#1820 = DIRECTION('',(-0.,-0.,-1.));
#1821 = CYLINDRICAL_SURFACE('',#1822,0.49999991);
#1822 = AXIS2_PLACEMENT_3D('',#1823,#1824,#1825);
#1823 = CARTESIAN_POINT('',(28.50002487,-19.61257624,0.));
#1824 = DIRECTION('',(-0.,-0.,1.));
#1825 = DIRECTION('',(-1.,0.,0.));
#1826 = ADVANCED_FACE('',(#1827),#1838,.T.);
#1827 = FACE_BOUND('',#1828,.T.);
#1828 = EDGE_LOOP('',(#1829,#1830,#1831,#1837));
#1829 = ORIENTED_EDGE('',*,*,#1799,.T.);
#1830 = ORIENTED_EDGE('',*,*,#1643,.T.);
#1831 = ORIENTED_EDGE('',*,*,#1832,.F.);
#1832 = EDGE_CURVE('',#1403,#1635,#1833,.T.);
#1833 = LINE('',#1834,#1835);
#1834 = CARTESIAN_POINT('',(29.00002639,19.612592849947,0.));
#1835 = VECTOR('',#1836,1.);
#1836 = DIRECTION('',(-0.,-0.,-1.));
#1837 = ORIENTED_EDGE('',*,*,#1411,.F.);
#1838 = PLANE('',#1839);
#1839 = AXIS2_PLACEMENT_3D('',#1840,#1841,#1842);
#1840 = CARTESIAN_POINT('',(29.00002662,19.71259253,0.));
#1841 = DIRECTION('',(-0.999999999997,2.300007372686E-06,0.));
#1842 = DIRECTION('',(-2.300007372686E-06,-0.999999999997,0.));
#1843 = ADVANCED_FACE('',(#1844),#1855,.T.);
#1844 = FACE_BOUND('',#1845,.T.);
#1845 = EDGE_LOOP('',(#1846,#1852,#1853,#1854));
#1846 = ORIENTED_EDGE('',*,*,#1847,.T.);
#1847 = EDGE_CURVE('',#1293,#1525,#1848,.T.);
#1848 = LINE('',#1849,#1850);
#1849 = CARTESIAN_POINT('',(-28.49997440994,-19.11257703,0.));
#1850 = VECTOR('',#1851,1.);
#1851 = DIRECTION('',(-0.,-0.,-1.));
#1852 = ORIENTED_EDGE('',*,*,#1524,.T.);
#1853 = ORIENTED_EDGE('',*,*,#1816,.F.);
#1854 = ORIENTED_EDGE('',*,*,#1292,.F.);
#1855 = PLANE('',#1856);
#1856 = AXIS2_PLACEMENT_3D('',#1857,#1858,#1859);
#1857 = CARTESIAN_POINT('',(-28.49997441,-19.11257703,0.));
#1858 = DIRECTION('',(1.228070194129E-08,-1.,0.));
#1859 = DIRECTION('',(1.,1.228070194129E-08,0.));
#1860 = ADVANCED_FACE('',(#1861),#1872,.F.);
#1861 = FACE_BOUND('',#1862,.F.);
#1862 = EDGE_LOOP('',(#1863,#1864,#1870,#1871));
#1863 = ORIENTED_EDGE('',*,*,#1402,.T.);
#1864 = ORIENTED_EDGE('',*,*,#1865,.T.);
#1865 = EDGE_CURVE('',#1395,#1627,#1866,.T.);
#1866 = LINE('',#1867,#1868);
#1867 = CARTESIAN_POINT('',(28.500025609947,19.11259355,0.));
#1868 = VECTOR('',#1869,1.);
#1869 = DIRECTION('',(-0.,-0.,-1.));
#1870 = ORIENTED_EDGE('',*,*,#1634,.F.);
#1871 = ORIENTED_EDGE('',*,*,#1832,.F.);
#1872 = CYLINDRICAL_SURFACE('',#1873,0.50000004);
#1873 = AXIS2_PLACEMENT_3D('',#1874,#1875,#1876);
#1874 = CARTESIAN_POINT('',(28.50002635,19.61259359,0.));
#1875 = DIRECTION('',(-0.,-0.,1.));
#1876 = DIRECTION('',(-1.,0.,0.));
#1877 = ADVANCED_FACE('',(#1878),#1889,.F.);
#1878 = FACE_BOUND('',#1879,.F.);
#1879 = EDGE_LOOP('',(#1880,#1881,#1882,#1883));
#1880 = ORIENTED_EDGE('',*,*,#1300,.T.);
#1881 = ORIENTED_EDGE('',*,*,#1847,.T.);
#1882 = ORIENTED_EDGE('',*,*,#1532,.F.);
#1883 = ORIENTED_EDGE('',*,*,#1884,.F.);
#1884 = EDGE_CURVE('',#1301,#1533,#1885,.T.);
#1885 = LINE('',#1886,#1887);
#1886 = CARTESIAN_POINT('',(-28.99997519,-19.61257632994,0.));
#1887 = VECTOR('',#1888,1.);
#1888 = DIRECTION('',(-0.,-0.,-1.));
#1889 = CYLINDRICAL_SURFACE('',#1890,0.50000004);
#1890 = AXIS2_PLACEMENT_3D('',#1891,#1892,#1893);
#1891 = CARTESIAN_POINT('',(-28.49997515,-19.61257707,0.));
#1892 = DIRECTION('',(-0.,-0.,1.));
#1893 = DIRECTION('',(-1.,0.,0.));
#1894 = ADVANCED_FACE('',(#1895),#1906,.T.);
#1895 = FACE_BOUND('',#1896,.T.);
#1896 = EDGE_LOOP('',(#1897,#1898,#1899,#1905));
#1897 = ORIENTED_EDGE('',*,*,#1865,.T.);
#1898 = ORIENTED_EDGE('',*,*,#1626,.T.);
#1899 = ORIENTED_EDGE('',*,*,#1900,.F.);
#1900 = EDGE_CURVE('',#1386,#1618,#1901,.T.);
#1901 = LINE('',#1902,#1903);
#1902 = CARTESIAN_POINT('',(-28.49997361294,19.112592845,0.));
#1903 = VECTOR('',#1904,1.);
#1904 = DIRECTION('',(-0.,-0.,-1.));
#1905 = ORIENTED_EDGE('',*,*,#1394,.F.);
#1906 = PLANE('',#1907);
#1907 = AXIS2_PLACEMENT_3D('',#1908,#1909,#1910);
#1908 = CARTESIAN_POINT('',(28.50002561,19.11259355,0.));
#1909 = DIRECTION('',(-1.228070194129E-08,1.,0.));
#1910 = DIRECTION('',(-1.,-1.228070194129E-08,0.));
#1911 = ADVANCED_FACE('',(#1912),#1923,.T.);
#1912 = FACE_BOUND('',#1913,.T.);
#1913 = EDGE_LOOP('',(#1914,#1920,#1921,#1922));
#1914 = ORIENTED_EDGE('',*,*,#1915,.T.);
#1915 = EDGE_CURVE('',#1310,#1542,#1916,.T.);
#1916 = LINE('',#1917,#1918);
#1917 = CARTESIAN_POINT('',(-28.99997542,-19.7125760119,0.));
#1918 = VECTOR('',#1919,1.);
#1919 = DIRECTION('',(-0.,-0.,-1.));
#1920 = ORIENTED_EDGE('',*,*,#1541,.T.);
#1921 = ORIENTED_EDGE('',*,*,#1884,.F.);
#1922 = ORIENTED_EDGE('',*,*,#1309,.F.);
#1923 = PLANE('',#1924);
#1924 = AXIS2_PLACEMENT_3D('',#1925,#1926,#1927);
#1925 = CARTESIAN_POINT('',(-28.99997542,-19.71257601,0.));
#1926 = DIRECTION('',(0.999999999997,-2.300007337158E-06,0.));
#1927 = DIRECTION('',(2.300007337158E-06,0.999999999997,0.));
#1928 = ADVANCED_FACE('',(#1929),#1940,.F.);
#1929 = FACE_BOUND('',#1930,.F.);
#1930 = EDGE_LOOP('',(#1931,#1932,#1938,#1939));
#1931 = ORIENTED_EDGE('',*,*,#1385,.T.);
#1932 = ORIENTED_EDGE('',*,*,#1933,.T.);
#1933 = EDGE_CURVE('',#1378,#1610,#1934,.T.);
#1934 = LINE('',#1935,#1936);
#1935 = CARTESIAN_POINT('',(-28.999973575,19.61259269786,0.));
#1936 = VECTOR('',#1937,1.);
#1937 = DIRECTION('',(-0.,-0.,-1.));
#1938 = ORIENTED_EDGE('',*,*,#1617,.F.);
#1939 = ORIENTED_EDGE('',*,*,#1900,.F.);
#1940 = CYLINDRICAL_SURFACE('',#1941,0.49999991);
#1941 = AXIS2_PLACEMENT_3D('',#1942,#1943,#1944);
#1942 = CARTESIAN_POINT('',(-28.49997367,19.61259275,0.));
#1943 = DIRECTION('',(-0.,-0.,1.));
#1944 = DIRECTION('',(-1.,0.,0.));
#1945 = ADVANCED_FACE('',(#1946),#1957,.T.);
#1946 = FACE_BOUND('',#1947,.T.);
#1947 = EDGE_LOOP('',(#1948,#1949,#1955,#1956));
#1948 = ORIENTED_EDGE('',*,*,#1317,.T.);
#1949 = ORIENTED_EDGE('',*,*,#1950,.T.);
#1950 = EDGE_CURVE('',#1318,#1550,#1951,.T.);
#1951 = LINE('',#1952,#1953);
#1952 = CARTESIAN_POINT('',(-29.29997518692,-20.01257633,0.));
#1953 = VECTOR('',#1954,1.);
#1954 = DIRECTION('',(-0.,-0.,-1.));
#1955 = ORIENTED_EDGE('',*,*,#1549,.F.);
#1956 = ORIENTED_EDGE('',*,*,#1915,.F.);
#1957 = CYLINDRICAL_SURFACE('',#1958,0.30000004);
#1958 = AXIS2_PLACEMENT_3D('',#1959,#1960,#1961);
#1959 = CARTESIAN_POINT('',(-29.29997546,-19.71257629,0.));
#1960 = DIRECTION('',(-0.,-0.,1.));
#1961 = DIRECTION('',(-1.,0.,0.));
#1962 = ADVANCED_FACE('',(#1963),#1974,.T.);
#1963 = FACE_BOUND('',#1964,.T.);
#1964 = EDGE_LOOP('',(#1965,#1966,#1967,#1973));
#1965 = ORIENTED_EDGE('',*,*,#1933,.T.);
#1966 = ORIENTED_EDGE('',*,*,#1609,.T.);
#1967 = ORIENTED_EDGE('',*,*,#1968,.F.);
#1968 = EDGE_CURVE('',#1369,#1601,#1969,.T.);
#1969 = LINE('',#1970,#1971);
#1970 = CARTESIAN_POINT('',(-28.99997361093,19.712507349083,0.));
#1971 = VECTOR('',#1972,1.);
#1972 = DIRECTION('',(-0.,-0.,-1.));
#1973 = ORIENTED_EDGE('',*,*,#1377,.F.);
#1974 = PLANE('',#1975);
#1975 = AXIS2_PLACEMENT_3D('',#1976,#1977,#1978);
#1976 = CARTESIAN_POINT('',(-28.99997357,19.6125927,0.));
#1977 = DIRECTION('',(1.,4.003416892007E-07,-0.));
#1978 = DIRECTION('',(-4.003416892007E-07,1.,0.));
#1979 = ADVANCED_FACE('',(#1980),#1991,.T.);
#1980 = FACE_BOUND('',#1981,.T.);
#1981 = EDGE_LOOP('',(#1982,#1988,#1989,#1990));
#1982 = ORIENTED_EDGE('',*,*,#1983,.T.);
#1983 = EDGE_CURVE('',#1327,#1559,#1984,.T.);
#1984 = LINE('',#1985,#1986);
#1985 = CARTESIAN_POINT('',(-31.99997591065,-20.012575505,0.));
#1986 = VECTOR('',#1987,1.);
#1987 = DIRECTION('',(-0.,-0.,-1.));
#1988 = ORIENTED_EDGE('',*,*,#1558,.T.);
#1989 = ORIENTED_EDGE('',*,*,#1950,.F.);
#1990 = ORIENTED_EDGE('',*,*,#1326,.F.);
#1991 = PLANE('',#1992);
#1992 = AXIS2_PLACEMENT_3D('',#1993,#1994,#1995);
#1993 = CARTESIAN_POINT('',(-31.99997591,-20.0125755,0.));
#1994 = DIRECTION('',(-3.074073258665E-07,-1.,0.));
#1995 = DIRECTION('',(1.,-3.074073258665E-07,0.));
#1996 = ADVANCED_FACE('',(#1997),#2008,.T.);
#1997 = FACE_BOUND('',#1998,.T.);
#1998 = EDGE_LOOP('',(#1999,#2000,#2001,#2002));
#1999 = ORIENTED_EDGE('',*,*,#1368,.T.);
#2000 = ORIENTED_EDGE('',*,*,#1968,.T.);
#2001 = ORIENTED_EDGE('',*,*,#1600,.F.);
#2002 = ORIENTED_EDGE('',*,*,#2003,.F.);
#2003 = EDGE_CURVE('',#1361,#1593,#2004,.T.);
#2004 = LINE('',#2005,#2006);
#2005 = CARTESIAN_POINT('',(-29.30005829981,20.012592004055,0.));
#2006 = VECTOR('',#2007,1.);
#2007 = DIRECTION('',(-0.,-0.,-1.));
#2008 = CYLINDRICAL_SURFACE('',#2009,0.30000024);
#2009 = AXIS2_PLACEMENT_3D('',#2010,#2011,#2012);
#2010 = CARTESIAN_POINT('',(-29.29997384,19.71259177,0.));
#2011 = DIRECTION('',(-0.,-0.,1.));
#2012 = DIRECTION('',(-1.,0.,0.));
#2013 = ADVANCED_FACE('',(#2014),#2025,.T.);
#2014 = FACE_BOUND('',#2015,.T.);
#2015 = EDGE_LOOP('',(#2016,#2017,#2023,#2024));
#2016 = ORIENTED_EDGE('',*,*,#1334,.T.);
#2017 = ORIENTED_EDGE('',*,*,#2018,.T.);
#2018 = EDGE_CURVE('',#1335,#1567,#2019,.T.);
#2019 = LINE('',#2020,#2021);
#2020 = CARTESIAN_POINT('',(-39.9999735,-12.01257605434,0.));
#2021 = VECTOR('',#2022,1.);
#2022 = DIRECTION('',(-0.,-0.,-1.));
#2023 = ORIENTED_EDGE('',*,*,#1566,.F.);
#2024 = ORIENTED_EDGE('',*,*,#1983,.F.);
#2025 = CYLINDRICAL_SURFACE('',#2026,7.99999852);
#2026 = AXIS2_PLACEMENT_3D('',#2027,#2028,#2029);
#2027 = CARTESIAN_POINT('',(-31.99997498,-12.01257699,0.));
#2028 = DIRECTION('',(-0.,-0.,1.));
#2029 = DIRECTION('',(-1.,0.,0.));
#2030 = ADVANCED_FACE('',(#2031),#2042,.T.);
#2031 = FACE_BOUND('',#2032,.T.);
#2032 = EDGE_LOOP('',(#2033,#2034,#2035,#2041));
#2033 = ORIENTED_EDGE('',*,*,#2003,.T.);
#2034 = ORIENTED_EDGE('',*,*,#1592,.T.);
#2035 = ORIENTED_EDGE('',*,*,#2036,.F.);
#2036 = EDGE_CURVE('',#1352,#1584,#2037,.T.);
#2037 = LINE('',#2038,#2039);
#2038 = CARTESIAN_POINT('',(-31.9998440403,20.012592849477,0.));
#2039 = VECTOR('',#2040,1.);
#2040 = DIRECTION('',(-0.,-0.,-1.));
#2041 = ORIENTED_EDGE('',*,*,#1360,.F.);
#2042 = PLANE('',#2043);
#2043 = AXIS2_PLACEMENT_3D('',#2044,#2045,#2046);
#2044 = CARTESIAN_POINT('',(-29.3000583,20.01259201,0.));
#2045 = DIRECTION('',(3.111358022064E-07,1.,-0.));
#2046 = DIRECTION('',(-1.,3.111358022064E-07,0.));
#2047 = ADVANCED_FACE('',(#2048),#2059,.T.);
#2048 = FACE_BOUND('',#2049,.T.);
#2049 = EDGE_LOOP('',(#2050,#2056,#2057,#2058));
#2050 = ORIENTED_EDGE('',*,*,#2051,.T.);
#2051 = EDGE_CURVE('',#1344,#1576,#2052,.T.);
#2052 = LINE('',#2053,#2054);
#2053 = CARTESIAN_POINT('',(-39.99997349949,12.012465702807,0.));
#2054 = VECTOR('',#2055,1.);
#2055 = DIRECTION('',(-0.,-0.,-1.));
#2056 = ORIENTED_EDGE('',*,*,#1575,.T.);
#2057 = ORIENTED_EDGE('',*,*,#2018,.F.);
#2058 = ORIENTED_EDGE('',*,*,#1343,.F.);
#2059 = PLANE('',#2060);
#2060 = AXIS2_PLACEMENT_3D('',#2061,#2062,#2063);
#2061 = CARTESIAN_POINT('',(-39.9999735,12.0124657,0.));
#2062 = DIRECTION('',(-1.,0.,0.));
#2063 = DIRECTION('',(-0.,-1.,0.));
#2064 = ADVANCED_FACE('',(#2065),#2071,.T.);
#2065 = FACE_BOUND('',#2066,.T.);
#2066 = EDGE_LOOP('',(#2067,#2068,#2069,#2070));
#2067 = ORIENTED_EDGE('',*,*,#1351,.T.);
#2068 = ORIENTED_EDGE('',*,*,#2036,.T.);
#2069 = ORIENTED_EDGE('',*,*,#1583,.F.);
#2070 = ORIENTED_EDGE('',*,*,#2051,.F.);
#2071 = CYLINDRICAL_SURFACE('',#2072,8.00000009);
#2072 = AXIS2_PLACEMENT_3D('',#2073,#2074,#2075);
#2073 = CARTESIAN_POINT('',(-31.99997341,12.01259276,0.));
#2074 = DIRECTION('',(-0.,-0.,1.));
#2075 = DIRECTION('',(-1.,0.,0.));
#2076 = ADVANCED_FACE('',(#2077),#2096,.F.);
#2077 = FACE_BOUND('',#2078,.F.);
#2078 = EDGE_LOOP('',(#2079,#2080,#2088,#2095));
#2079 = ORIENTED_EDGE('',*,*,#1446,.T.);
#2080 = ORIENTED_EDGE('',*,*,#2081,.T.);
#2081 = EDGE_CURVE('',#1447,#2082,#2084,.T.);
#2082 = VERTEX_POINT('',#2083);
#2083 = CARTESIAN_POINT('',(33.7750081,-15.05740632,-0.250046091522));
#2084 = LINE('',#2085,#2086);
#2085 = CARTESIAN_POINT('',(33.7750081,-15.05740632,8.5));
#2086 = VECTOR('',#2087,1.);
#2087 = DIRECTION('',(-0.,0.,-1.));
#2088 = ORIENTED_EDGE('',*,*,#2089,.F.);
#2089 = EDGE_CURVE('',#2082,#2082,#2090,.T.);
#2090 = CIRCLE('',#2091,1.700017);
#2091 = AXIS2_PLACEMENT_3D('',#2092,#2093,#2094);
#2092 = CARTESIAN_POINT('',(35.4750251,-15.05740632,-0.250046091522));
#2093 = DIRECTION('',(0.,0.,-1.));
#2094 = DIRECTION('',(-1.,0.,0.));
#2095 = ORIENTED_EDGE('',*,*,#2081,.F.);
#2096 = CYLINDRICAL_SURFACE('',#2097,1.700017);
#2097 = AXIS2_PLACEMENT_3D('',#2098,#2099,#2100);
#2098 = CARTESIAN_POINT('',(35.4750251,-15.05740632,8.5));
#2099 = DIRECTION('',(0.,0.,-1.));
#2100 = DIRECTION('',(-1.,0.,0.));
#2101 = ADVANCED_FACE('',(#2102),#2121,.F.);
#2102 = FACE_BOUND('',#2103,.F.);
#2103 = EDGE_LOOP('',(#2104,#2105,#2113,#2120));
#2104 = ORIENTED_EDGE('',*,*,#1457,.T.);
#2105 = ORIENTED_EDGE('',*,*,#2106,.T.);
#2106 = EDGE_CURVE('',#1458,#2107,#2109,.T.);
#2107 = VERTEX_POINT('',#2108);
#2108 = CARTESIAN_POINT('',(-37.17499059,-15.05740736,-0.250046091522));
#2109 = LINE('',#2110,#2111);
#2110 = CARTESIAN_POINT('',(-37.17499059,-15.05740736,8.5));
#2111 = VECTOR('',#2112,1.);
#2112 = DIRECTION('',(-0.,0.,-1.));
#2113 = ORIENTED_EDGE('',*,*,#2114,.F.);
#2114 = EDGE_CURVE('',#2107,#2107,#2115,.T.);
#2115 = CIRCLE('',#2116,1.700017);
#2116 = AXIS2_PLACEMENT_3D('',#2117,#2118,#2119);
#2117 = CARTESIAN_POINT('',(-35.47497359,-15.05740736,-0.250046091522));
#2118 = DIRECTION('',(0.,0.,-1.));
#2119 = DIRECTION('',(-1.,0.,0.));
#2120 = ORIENTED_EDGE('',*,*,#2106,.F.);
#2121 = CYLINDRICAL_SURFACE('',#2122,1.700017);
#2122 = AXIS2_PLACEMENT_3D('',#2123,#2124,#2125);
#2123 = CARTESIAN_POINT('',(-35.47497359,-15.05740736,8.5));
#2124 = DIRECTION('',(0.,0.,-1.));
#2125 = DIRECTION('',(-1.,0.,0.));
#2126 = ADVANCED_FACE('',(#2127),#2146,.F.);
#2127 = FACE_BOUND('',#2128,.F.);
#2128 = EDGE_LOOP('',(#2129,#2130,#2138,#2145));
#2129 = ORIENTED_EDGE('',*,*,#1468,.T.);
#2130 = ORIENTED_EDGE('',*,*,#2131,.T.);
#2131 = EDGE_CURVE('',#1469,#2132,#2134,.T.);
#2132 = VERTEX_POINT('',#2133);
#2133 = CARTESIAN_POINT('',(33.77500937,15.06259322,-0.250046091522));
#2134 = LINE('',#2135,#2136);
#2135 = CARTESIAN_POINT('',(33.77500937,15.06259322,8.5));
#2136 = VECTOR('',#2137,1.);
#2137 = DIRECTION('',(-0.,0.,-1.));
#2138 = ORIENTED_EDGE('',*,*,#2139,.F.);
#2139 = EDGE_CURVE('',#2132,#2132,#2140,.T.);
#2140 = CIRCLE('',#2141,1.700017);
#2141 = AXIS2_PLACEMENT_3D('',#2142,#2143,#2144);
#2142 = CARTESIAN_POINT('',(35.47502637,15.06259322,-0.250046091522));
#2143 = DIRECTION('',(0.,0.,-1.));
#2144 = DIRECTION('',(-1.,0.,0.));
#2145 = ORIENTED_EDGE('',*,*,#2131,.F.);
#2146 = CYLINDRICAL_SURFACE('',#2147,1.700017);
#2147 = AXIS2_PLACEMENT_3D('',#2148,#2149,#2150);
#2148 = CARTESIAN_POINT('',(35.47502637,15.06259322,8.5));
#2149 = DIRECTION('',(0.,0.,-1.));
#2150 = DIRECTION('',(-1.,0.,0.));
#2151 = ADVANCED_FACE('',(#2152),#2171,.F.);
#2152 = FACE_BOUND('',#2153,.F.);
#2153 = EDGE_LOOP('',(#2154,#2155,#2163,#2170));
#2154 = ORIENTED_EDGE('',*,*,#1479,.T.);
#2155 = ORIENTED_EDGE('',*,*,#2156,.T.);
#2156 = EDGE_CURVE('',#1480,#2157,#2159,.T.);
#2157 = VERTEX_POINT('',#2158);
#2158 = CARTESIAN_POINT('',(-37.17498933,15.06259218,-0.250046091522));
#2159 = LINE('',#2160,#2161);
#2160 = CARTESIAN_POINT('',(-37.17498933,15.06259218,8.5));
#2161 = VECTOR('',#2162,1.);
#2162 = DIRECTION('',(-0.,0.,-1.));
#2163 = ORIENTED_EDGE('',*,*,#2164,.F.);
#2164 = EDGE_CURVE('',#2157,#2157,#2165,.T.);
#2165 = CIRCLE('',#2166,1.700017);
#2166 = AXIS2_PLACEMENT_3D('',#2167,#2168,#2169);
#2167 = CARTESIAN_POINT('',(-35.47497233,15.06259218,-0.250046091522));
#2168 = DIRECTION('',(0.,0.,-1.));
#2169 = DIRECTION('',(-1.,0.,0.));
#2170 = ORIENTED_EDGE('',*,*,#2156,.F.);
#2171 = CYLINDRICAL_SURFACE('',#2172,1.700017);
#2172 = AXIS2_PLACEMENT_3D('',#2173,#2174,#2175);
#2173 = CARTESIAN_POINT('',(-35.47497233,15.06259218,8.5));
#2174 = DIRECTION('',(0.,0.,-1.));
#2175 = DIRECTION('',(-1.,0.,0.));
#2176 = ADVANCED_FACE('',(#2177),#2188,.F.);
#2177 = FACE_BOUND('',#2178,.F.);
#2178 = EDGE_LOOP('',(#2179,#2180,#2186,#2187));
#2179 = ORIENTED_EDGE('',*,*,#2089,.T.);
#2180 = ORIENTED_EDGE('',*,*,#2181,.T.);
#2181 = EDGE_CURVE('',#2082,#1679,#2182,.T.);
#2182 = LINE('',#2183,#2184);
#2183 = CARTESIAN_POINT('',(33.7750081,-15.05740632,-0.250046091522));
#2184 = VECTOR('',#2185,1.);
#2185 = DIRECTION('',(-0.707106665647,0.,-0.707106896726));
#2186 = ORIENTED_EDGE('',*,*,#1678,.F.);
#2187 = ORIENTED_EDGE('',*,*,#2181,.F.);
#2188 = CONICAL_SURFACE('',#2189,1.700017,0.785398);
#2189 = AXIS2_PLACEMENT_3D('',#2190,#2191,#2192);
#2190 = CARTESIAN_POINT('',(35.4750251,-15.05740632,-0.250046091522));
#2191 = DIRECTION('',(0.,0.,-1.));
#2192 = DIRECTION('',(-1.,0.,0.));
#2193 = ADVANCED_FACE('',(#2194),#2205,.F.);
#2194 = FACE_BOUND('',#2195,.F.);
#2195 = EDGE_LOOP('',(#2196,#2197,#2203,#2204));
#2196 = ORIENTED_EDGE('',*,*,#2114,.T.);
#2197 = ORIENTED_EDGE('',*,*,#2198,.T.);
#2198 = EDGE_CURVE('',#2107,#1690,#2199,.T.);
#2199 = LINE('',#2200,#2201);
#2200 = CARTESIAN_POINT('',(-37.17499059,-15.05740736,-0.250046091522));
#2201 = VECTOR('',#2202,1.);
#2202 = DIRECTION('',(-0.707106665647,0.,-0.707106896726));
#2203 = ORIENTED_EDGE('',*,*,#1689,.F.);
#2204 = ORIENTED_EDGE('',*,*,#2198,.F.);
#2205 = CONICAL_SURFACE('',#2206,1.700017,0.785398);
#2206 = AXIS2_PLACEMENT_3D('',#2207,#2208,#2209);
#2207 = CARTESIAN_POINT('',(-35.47497359,-15.05740736,-0.250046091522));
#2208 = DIRECTION('',(0.,0.,-1.));
#2209 = DIRECTION('',(-1.,0.,0.));
#2210 = ADVANCED_FACE('',(#2211),#2222,.F.);
#2211 = FACE_BOUND('',#2212,.F.);
#2212 = EDGE_LOOP('',(#2213,#2214,#2220,#2221));
#2213 = ORIENTED_EDGE('',*,*,#2139,.T.);
#2214 = ORIENTED_EDGE('',*,*,#2215,.T.);
#2215 = EDGE_CURVE('',#2132,#1701,#2216,.T.);
#2216 = LINE('',#2217,#2218);
#2217 = CARTESIAN_POINT('',(33.77500937,15.06259322,-0.250046091522));
#2218 = VECTOR('',#2219,1.);
#2219 = DIRECTION('',(-0.707106665647,0.,-0.707106896726));
#2220 = ORIENTED_EDGE('',*,*,#1700,.F.);
#2221 = ORIENTED_EDGE('',*,*,#2215,.F.);
#2222 = CONICAL_SURFACE('',#2223,1.700017,0.785398);
#2223 = AXIS2_PLACEMENT_3D('',#2224,#2225,#2226);
#2224 = CARTESIAN_POINT('',(35.47502637,15.06259322,-0.250046091522));
#2225 = DIRECTION('',(0.,0.,-1.));
#2226 = DIRECTION('',(-1.,0.,0.));
#2227 = ADVANCED_FACE('',(#2228),#2239,.F.);
#2228 = FACE_BOUND('',#2229,.F.);
#2229 = EDGE_LOOP('',(#2230,#2231,#2237,#2238));
#2230 = ORIENTED_EDGE('',*,*,#2164,.T.);
#2231 = ORIENTED_EDGE('',*,*,#2232,.T.);
#2232 = EDGE_CURVE('',#2157,#1712,#2233,.T.);
#2233 = LINE('',#2234,#2235);
#2234 = CARTESIAN_POINT('',(-37.17498933,15.06259218,-0.250046091522));
#2235 = VECTOR('',#2236,1.);
#2236 = DIRECTION('',(-0.707106665647,0.,-0.707106896726));
#2237 = ORIENTED_EDGE('',*,*,#1711,.F.);
#2238 = ORIENTED_EDGE('',*,*,#2232,.F.);
#2239 = CONICAL_SURFACE('',#2240,1.700017,0.785398);
#2240 = AXIS2_PLACEMENT_3D('',#2241,#2242,#2243);
#2241 = CARTESIAN_POINT('',(-35.47497233,15.06259218,-0.250046091522));
#2242 = DIRECTION('',(0.,0.,-1.));
#2243 = DIRECTION('',(-1.,0.,0.));
#2244 = ( GEOMETRIC_REPRESENTATION_CONTEXT(3) 
GLOBAL_UNCERTAINTY_ASSIGNED_CONTEXT((#2248)) 
GLOBAL_UNIT_ASSIGNED_CONTEXT((#2245,#2246,#2247)) REPRESENTATION_CONTEXT
('Context #1','3D Context with UNIT and UNCERTAINTY') );
#2245 = ( LENGTH_UNIT() NAMED_UNIT(*) SI_UNIT(.MILLI.,.METRE.) );
#2246 = ( NAMED_UNIT(*) PLANE_ANGLE_UNIT() SI_UNIT($,.RADIAN.) );
#2247 = ( NAMED_UNIT(*) SI_UNIT($,.STERADIAN.) SOLID_ANGLE_UNIT() );
#2248 = UNCERTAINTY_MEASURE_WITH_UNIT(LENGTH_MEASURE(1.E-07),#2245,
  'distance_accuracy_value','confusion accuracy');
#2249 = CONTEXT_DEPENDENT_SHAPE_REPRESENTATION(#2250,#2252);
#2250 = ( REPRESENTATION_RELATIONSHIP('','',#1153,#10) 
REPRESENTATION_RELATIONSHIP_WITH_TRANSFORMATION(#2251) 
SHAPE_REPRESENTATION_RELATIONSHIP() );
#2251 = ITEM_DEFINED_TRANSFORMATION('','',#11,#19);
#2252 = PRODUCT_DEFINITION_SHAPE('Placement','Placement of an item',
  #2253);
#2253 = NEXT_ASSEMBLY_USAGE_OCCURRENCE('6','Box Back','',#5,#1148,$);
#2254 = PRODUCT_RELATED_PRODUCT_CATEGORY('part',$,(#1150));
#2255 = SHAPE_DEFINITION_REPRESENTATION(#2256,#2262);
#2256 = PRODUCT_DEFINITION_SHAPE('','',#2257);
#2257 = PRODUCT_DEFINITION('design','',#2258,#2261);
#2258 = PRODUCT_DEFINITION_FORMATION('','',#2259);
#2259 = PRODUCT('Box Bottom','Box Bottom','',(#2260));
#2260 = PRODUCT_CONTEXT('',#2,'mechanical');
#2261 = PRODUCT_DEFINITION_CONTEXT('part definition',#2,'design');
#2262 = ADVANCED_BREP_SHAPE_REPRESENTATION('',(#11,#2263),#4427);
#2263 = MANIFOLD_SOLID_BREP('',#2264);
#2264 = CLOSED_SHELL('',(#2265,#2305,#2338,#2369,#2402,#2433,#2464,#2495
    ,#2528,#2559,#2592,#2623,#2654,#2685,#2716,#2747,#2778,#2809,#2840,
    #2871,#2902,#2933,#2964,#2995,#3026,#3059,#3090,#3123,#3154,#3187,
    #3218,#3249,#3280,#3313,#3344,#3377,#3408,#3441,#3472,#3503,#3534,
    #3565,#3596,#3627,#3658,#3689,#3720,#3751,#3784,#3815,#3846,#3877,
    #3910,#3941,#3974,#4005,#4036,#4067,#4100,#4131,#4164,#4195,#4228,
    #4259,#4283,#4355));
#2265 = ADVANCED_FACE('',(#2266),#2300,.T.);
#2266 = FACE_BOUND('',#2267,.T.);
#2267 = EDGE_LOOP('',(#2268,#2278,#2286,#2294));
#2268 = ORIENTED_EDGE('',*,*,#2269,.T.);
#2269 = EDGE_CURVE('',#2270,#2272,#2274,.T.);
#2270 = VERTEX_POINT('',#2271);
#2271 = CARTESIAN_POINT('',(29.00002957,-19.7099857719,0.));
#2272 = VERTEX_POINT('',#2273);
#2273 = CARTESIAN_POINT('',(29.00002957,-19.7099857719,130.));
#2274 = LINE('',#2275,#2276);
#2275 = CARTESIAN_POINT('',(29.00002957,-19.7099857719,0.));
#2276 = VECTOR('',#2277,1.);
#2277 = DIRECTION('',(0.,0.,1.));
#2278 = ORIENTED_EDGE('',*,*,#2279,.T.);
#2279 = EDGE_CURVE('',#2272,#2280,#2282,.T.);
#2280 = VERTEX_POINT('',#2281);
#2281 = CARTESIAN_POINT('',(29.00002934,-19.60998608994,130.));
#2282 = LINE('',#2283,#2284);
#2283 = CARTESIAN_POINT('',(29.00002957,-19.70998577,130.));
#2284 = VECTOR('',#2285,1.);
#2285 = DIRECTION('',(-2.300007337158E-06,0.999999999997,0.));
#2286 = ORIENTED_EDGE('',*,*,#2287,.F.);
#2287 = EDGE_CURVE('',#2288,#2280,#2290,.T.);
#2288 = VERTEX_POINT('',#2289);
#2289 = CARTESIAN_POINT('',(29.00002934,-19.60998608994,0.));
#2290 = LINE('',#2291,#2292);
#2291 = CARTESIAN_POINT('',(29.00002934,-19.60998608994,0.));
#2292 = VECTOR('',#2293,1.);
#2293 = DIRECTION('',(0.,0.,1.));
#2294 = ORIENTED_EDGE('',*,*,#2295,.F.);
#2295 = EDGE_CURVE('',#2270,#2288,#2296,.T.);
#2296 = LINE('',#2297,#2298);
#2297 = CARTESIAN_POINT('',(29.00002957,-19.70998577,0.));
#2298 = VECTOR('',#2299,1.);
#2299 = DIRECTION('',(-2.300007337158E-06,0.999999999997,0.));
#2300 = PLANE('',#2301);
#2301 = AXIS2_PLACEMENT_3D('',#2302,#2303,#2304);
#2302 = CARTESIAN_POINT('',(29.00002957,-19.70998577,0.));
#2303 = DIRECTION('',(-0.999999999997,-2.300007337158E-06,0.));
#2304 = DIRECTION('',(-2.300007337158E-06,0.999999999997,0.));
#2305 = ADVANCED_FACE('',(#2306),#2333,.T.);
#2306 = FACE_BOUND('',#2307,.T.);
#2307 = EDGE_LOOP('',(#2308,#2317,#2325,#2332));
#2308 = ORIENTED_EDGE('',*,*,#2309,.T.);
#2309 = EDGE_CURVE('',#2270,#2310,#2312,.T.);
#2310 = VERTEX_POINT('',#2311);
#2311 = CARTESIAN_POINT('',(29.300029336927,-20.00998609,0.));
#2312 = CIRCLE('',#2313,0.30000004);
#2313 = AXIS2_PLACEMENT_3D('',#2314,#2315,#2316);
#2314 = CARTESIAN_POINT('',(29.30002961,-19.70998605,0.));
#2315 = DIRECTION('',(0.,-0.,1.));
#2316 = DIRECTION('',(1.,0.,0.));
#2317 = ORIENTED_EDGE('',*,*,#2318,.T.);
#2318 = EDGE_CURVE('',#2310,#2319,#2321,.T.);
#2319 = VERTEX_POINT('',#2320);
#2320 = CARTESIAN_POINT('',(29.300029336927,-20.00998609,130.));
#2321 = LINE('',#2322,#2323);
#2322 = CARTESIAN_POINT('',(29.300029336927,-20.00998609,0.));
#2323 = VECTOR('',#2324,1.);
#2324 = DIRECTION('',(0.,0.,1.));
#2325 = ORIENTED_EDGE('',*,*,#2326,.F.);
#2326 = EDGE_CURVE('',#2272,#2319,#2327,.T.);
#2327 = CIRCLE('',#2328,0.30000004);
#2328 = AXIS2_PLACEMENT_3D('',#2329,#2330,#2331);
#2329 = CARTESIAN_POINT('',(29.30002961,-19.70998605,130.));
#2330 = DIRECTION('',(0.,-0.,1.));
#2331 = DIRECTION('',(1.,0.,0.));
#2332 = ORIENTED_EDGE('',*,*,#2269,.F.);
#2333 = CYLINDRICAL_SURFACE('',#2334,0.30000004);
#2334 = AXIS2_PLACEMENT_3D('',#2335,#2336,#2337);
#2335 = CARTESIAN_POINT('',(29.30002961,-19.70998605,0.));
#2336 = DIRECTION('',(-0.,0.,-1.));
#2337 = DIRECTION('',(1.,0.,0.));
#2338 = ADVANCED_FACE('',(#2339),#2364,.T.);
#2339 = FACE_BOUND('',#2340,.T.);
#2340 = EDGE_LOOP('',(#2341,#2351,#2357,#2358));
#2341 = ORIENTED_EDGE('',*,*,#2342,.T.);
#2342 = EDGE_CURVE('',#2343,#2345,#2347,.T.);
#2343 = VERTEX_POINT('',#2344);
#2344 = CARTESIAN_POINT('',(32.000030060654,-20.00998526,0.));
#2345 = VERTEX_POINT('',#2346);
#2346 = CARTESIAN_POINT('',(32.000030060654,-20.00998526,130.));
#2347 = LINE('',#2348,#2349);
#2348 = CARTESIAN_POINT('',(32.000030060654,-20.00998526,0.));
#2349 = VECTOR('',#2350,1.);
#2350 = DIRECTION('',(0.,0.,1.));
#2351 = ORIENTED_EDGE('',*,*,#2352,.T.);
#2352 = EDGE_CURVE('',#2345,#2319,#2353,.T.);
#2353 = LINE('',#2354,#2355);
#2354 = CARTESIAN_POINT('',(32.00003006,-20.00998526,130.));
#2355 = VECTOR('',#2356,1.);
#2356 = DIRECTION('',(-1.,-3.074073258665E-07,0.));
#2357 = ORIENTED_EDGE('',*,*,#2318,.F.);
#2358 = ORIENTED_EDGE('',*,*,#2359,.F.);
#2359 = EDGE_CURVE('',#2343,#2310,#2360,.T.);
#2360 = LINE('',#2361,#2362);
#2361 = CARTESIAN_POINT('',(32.00003006,-20.00998526,0.));
#2362 = VECTOR('',#2363,1.);
#2363 = DIRECTION('',(-1.,-3.074073258665E-07,0.));
#2364 = PLANE('',#2365);
#2365 = AXIS2_PLACEMENT_3D('',#2366,#2367,#2368);
#2366 = CARTESIAN_POINT('',(32.00003006,-20.00998526,0.));
#2367 = DIRECTION('',(3.074073258665E-07,-1.,0.));
#2368 = DIRECTION('',(-1.,-3.074073258665E-07,0.));
#2369 = ADVANCED_FACE('',(#2370),#2397,.T.);
#2370 = FACE_BOUND('',#2371,.T.);
#2371 = EDGE_LOOP('',(#2372,#2381,#2389,#2396));
#2372 = ORIENTED_EDGE('',*,*,#2373,.T.);
#2373 = EDGE_CURVE('',#2343,#2374,#2376,.T.);
#2374 = VERTEX_POINT('',#2375);
#2375 = CARTESIAN_POINT('',(40.00002765,-12.00998580934,0.));
#2376 = CIRCLE('',#2377,7.99999852);
#2377 = AXIS2_PLACEMENT_3D('',#2378,#2379,#2380);
#2378 = CARTESIAN_POINT('',(32.00002913,-12.00998674,0.));
#2379 = DIRECTION('',(0.,-0.,1.));
#2380 = DIRECTION('',(1.,0.,0.));
#2381 = ORIENTED_EDGE('',*,*,#2382,.T.);
#2382 = EDGE_CURVE('',#2374,#2383,#2385,.T.);
#2383 = VERTEX_POINT('',#2384);
#2384 = CARTESIAN_POINT('',(40.00002765,-12.00998580934,130.));
#2385 = LINE('',#2386,#2387);
#2386 = CARTESIAN_POINT('',(40.00002765,-12.00998580934,0.));
#2387 = VECTOR('',#2388,1.);
#2388 = DIRECTION('',(0.,0.,1.));
#2389 = ORIENTED_EDGE('',*,*,#2390,.F.);
#2390 = EDGE_CURVE('',#2345,#2383,#2391,.T.);
#2391 = CIRCLE('',#2392,7.99999852);
#2392 = AXIS2_PLACEMENT_3D('',#2393,#2394,#2395);
#2393 = CARTESIAN_POINT('',(32.00002913,-12.00998674,130.));
#2394 = DIRECTION('',(0.,-0.,1.));
#2395 = DIRECTION('',(1.,0.,0.));
#2396 = ORIENTED_EDGE('',*,*,#2342,.F.);
#2397 = CYLINDRICAL_SURFACE('',#2398,7.99999852);
#2398 = AXIS2_PLACEMENT_3D('',#2399,#2400,#2401);
#2399 = CARTESIAN_POINT('',(32.00002913,-12.00998674,0.));
#2400 = DIRECTION('',(-0.,0.,-1.));
#2401 = DIRECTION('',(1.,0.,0.));
#2402 = ADVANCED_FACE('',(#2403),#2428,.T.);
#2403 = FACE_BOUND('',#2404,.T.);
#2404 = EDGE_LOOP('',(#2405,#2415,#2421,#2422));
#2405 = ORIENTED_EDGE('',*,*,#2406,.T.);
#2406 = EDGE_CURVE('',#2407,#2409,#2411,.T.);
#2407 = VERTEX_POINT('',#2408);
#2408 = CARTESIAN_POINT('',(40.00002765,-9.98617E-03,0.));
#2409 = VERTEX_POINT('',#2410);
#2410 = CARTESIAN_POINT('',(40.00002765,-9.98617E-03,130.));
#2411 = LINE('',#2412,#2413);
#2412 = CARTESIAN_POINT('',(40.00002765,-9.98617E-03,0.));
#2413 = VECTOR('',#2414,1.);
#2414 = DIRECTION('',(0.,0.,1.));
#2415 = ORIENTED_EDGE('',*,*,#2416,.T.);
#2416 = EDGE_CURVE('',#2409,#2383,#2417,.T.);
#2417 = LINE('',#2418,#2419);
#2418 = CARTESIAN_POINT('',(40.00002765,-9.98617E-03,130.));
#2419 = VECTOR('',#2420,1.);
#2420 = DIRECTION('',(0.,-1.,-0.));
#2421 = ORIENTED_EDGE('',*,*,#2382,.F.);
#2422 = ORIENTED_EDGE('',*,*,#2423,.F.);
#2423 = EDGE_CURVE('',#2407,#2374,#2424,.T.);
#2424 = LINE('',#2425,#2426);
#2425 = CARTESIAN_POINT('',(40.00002765,-9.98617E-03,0.));
#2426 = VECTOR('',#2427,1.);
#2427 = DIRECTION('',(0.,-1.,-0.));
#2428 = PLANE('',#2429);
#2429 = AXIS2_PLACEMENT_3D('',#2430,#2431,#2432);
#2430 = CARTESIAN_POINT('',(40.00002765,-9.98617E-03,0.));
#2431 = DIRECTION('',(1.,0.,-0.));
#2432 = DIRECTION('',(0.,-1.,0.));
#2433 = ADVANCED_FACE('',(#2434),#2459,.T.);
#2434 = FACE_BOUND('',#2435,.T.);
#2435 = EDGE_LOOP('',(#2436,#2446,#2452,#2453));
#2436 = ORIENTED_EDGE('',*,*,#2437,.T.);
#2437 = EDGE_CURVE('',#2438,#2440,#2442,.T.);
#2438 = VERTEX_POINT('',#2439);
#2439 = CARTESIAN_POINT('',(38.70002799,-9.98617E-03,0.));
#2440 = VERTEX_POINT('',#2441);
#2441 = CARTESIAN_POINT('',(38.70002799,-9.98617E-03,130.));
#2442 = LINE('',#2443,#2444);
#2443 = CARTESIAN_POINT('',(38.70002799,-9.98617E-03,0.));
#2444 = VECTOR('',#2445,1.);
#2445 = DIRECTION('',(0.,0.,1.));
#2446 = ORIENTED_EDGE('',*,*,#2447,.T.);
#2447 = EDGE_CURVE('',#2440,#2409,#2448,.T.);
#2448 = LINE('',#2449,#2450);
#2449 = CARTESIAN_POINT('',(38.70002799,-9.98617E-03,130.));
#2450 = VECTOR('',#2451,1.);
#2451 = DIRECTION('',(1.,0.,0.));
#2452 = ORIENTED_EDGE('',*,*,#2406,.F.);
#2453 = ORIENTED_EDGE('',*,*,#2454,.F.);
#2454 = EDGE_CURVE('',#2438,#2407,#2455,.T.);
#2455 = LINE('',#2456,#2457);
#2456 = CARTESIAN_POINT('',(38.70002799,-9.98617E-03,0.));
#2457 = VECTOR('',#2458,1.);
#2458 = DIRECTION('',(1.,0.,0.));
#2459 = PLANE('',#2460);
#2460 = AXIS2_PLACEMENT_3D('',#2461,#2462,#2463);
#2461 = CARTESIAN_POINT('',(38.70002799,-9.98617E-03,0.));
#2462 = DIRECTION('',(0.,1.,0.));
#2463 = DIRECTION('',(1.,0.,0.));
#2464 = ADVANCED_FACE('',(#2465),#2490,.T.);
#2465 = FACE_BOUND('',#2466,.T.);
#2466 = EDGE_LOOP('',(#2467,#2477,#2483,#2484));
#2467 = ORIENTED_EDGE('',*,*,#2468,.T.);
#2468 = EDGE_CURVE('',#2469,#2471,#2473,.T.);
#2469 = VERTEX_POINT('',#2470);
#2470 = CARTESIAN_POINT('',(38.700027993705,0.688855209338,0.));
#2471 = VERTEX_POINT('',#2472);
#2472 = CARTESIAN_POINT('',(38.700027993705,0.688855209338,130.));
#2473 = LINE('',#2474,#2475);
#2474 = CARTESIAN_POINT('',(38.700027993705,0.688855209338,0.));
#2475 = VECTOR('',#2476,1.);
#2476 = DIRECTION('',(0.,0.,1.));
#2477 = ORIENTED_EDGE('',*,*,#2478,.T.);
#2478 = EDGE_CURVE('',#2471,#2440,#2479,.T.);
#2479 = LINE('',#2480,#2481);
#2480 = CARTESIAN_POINT('',(38.70002799,0.68885521,130.));
#2481 = VECTOR('',#2482,1.);
#2482 = DIRECTION('',(0.,-1.,-0.));
#2483 = ORIENTED_EDGE('',*,*,#2437,.F.);
#2484 = ORIENTED_EDGE('',*,*,#2485,.F.);
#2485 = EDGE_CURVE('',#2469,#2438,#2486,.T.);
#2486 = LINE('',#2487,#2488);
#2487 = CARTESIAN_POINT('',(38.70002799,0.68885521,0.));
#2488 = VECTOR('',#2489,1.);
#2489 = DIRECTION('',(0.,-1.,-0.));
#2490 = PLANE('',#2491);
#2491 = AXIS2_PLACEMENT_3D('',#2492,#2493,#2494);
#2492 = CARTESIAN_POINT('',(38.70002799,0.68885521,0.));
#2493 = DIRECTION('',(1.,0.,-0.));
#2494 = DIRECTION('',(0.,-1.,0.));
#2495 = ADVANCED_FACE('',(#2496),#2523,.T.);
#2496 = FACE_BOUND('',#2497,.T.);
#2497 = EDGE_LOOP('',(#2498,#2507,#2515,#2522));
#2498 = ORIENTED_EDGE('',*,*,#2499,.T.);
#2499 = EDGE_CURVE('',#2469,#2500,#2502,.T.);
#2500 = VERTEX_POINT('',#2501);
#2501 = CARTESIAN_POINT('',(38.199862873173,1.190013881145,0.));
#2502 = CIRCLE('',#2503,0.5);
#2503 = AXIS2_PLACEMENT_3D('',#2504,#2505,#2506);
#2504 = CARTESIAN_POINT('',(38.20002934,0.69001391,0.));
#2505 = DIRECTION('',(0.,-0.,1.));
#2506 = DIRECTION('',(1.,0.,0.));
#2507 = ORIENTED_EDGE('',*,*,#2508,.T.);
#2508 = EDGE_CURVE('',#2500,#2509,#2511,.T.);
#2509 = VERTEX_POINT('',#2510);
#2510 = CARTESIAN_POINT('',(38.199862873173,1.190013881145,130.));
#2511 = LINE('',#2512,#2513);
#2512 = CARTESIAN_POINT('',(38.199862873173,1.190013881145,0.));
#2513 = VECTOR('',#2514,1.);
#2514 = DIRECTION('',(0.,0.,1.));
#2515 = ORIENTED_EDGE('',*,*,#2516,.F.);
#2516 = EDGE_CURVE('',#2471,#2509,#2517,.T.);
#2517 = CIRCLE('',#2518,0.5);
#2518 = AXIS2_PLACEMENT_3D('',#2519,#2520,#2521);
#2519 = CARTESIAN_POINT('',(38.20002934,0.69001391,130.));
#2520 = DIRECTION('',(0.,-0.,1.));
#2521 = DIRECTION('',(1.,0.,0.));
#2522 = ORIENTED_EDGE('',*,*,#2468,.F.);
#2523 = CYLINDRICAL_SURFACE('',#2524,0.5);
#2524 = AXIS2_PLACEMENT_3D('',#2525,#2526,#2527);
#2525 = CARTESIAN_POINT('',(38.20002934,0.69001391,0.));
#2526 = DIRECTION('',(-0.,0.,-1.));
#2527 = DIRECTION('',(1.,0.,0.));
#2528 = ADVANCED_FACE('',(#2529),#2554,.T.);
#2529 = FACE_BOUND('',#2530,.T.);
#2530 = EDGE_LOOP('',(#2531,#2541,#2547,#2548));
#2531 = ORIENTED_EDGE('',*,*,#2532,.T.);
#2532 = EDGE_CURVE('',#2533,#2535,#2537,.T.);
#2533 = VERTEX_POINT('',#2534);
#2534 = CARTESIAN_POINT('',(38.100195801965,1.190013881023,0.));
#2535 = VERTEX_POINT('',#2536);
#2536 = CARTESIAN_POINT('',(38.100195801965,1.190013881023,130.));
#2537 = LINE('',#2538,#2539);
#2538 = CARTESIAN_POINT('',(38.100195801965,1.190013881023,0.));
#2539 = VECTOR('',#2540,1.);
#2540 = DIRECTION('',(0.,0.,1.));
#2541 = ORIENTED_EDGE('',*,*,#2542,.T.);
#2542 = EDGE_CURVE('',#2535,#2509,#2543,.T.);
#2543 = LINE('',#2544,#2545);
#2544 = CARTESIAN_POINT('',(38.1001958,1.19001388,130.));
#2545 = VECTOR('',#2546,1.);
#2546 = DIRECTION('',(1.,0.,0.));
#2547 = ORIENTED_EDGE('',*,*,#2508,.F.);
#2548 = ORIENTED_EDGE('',*,*,#2549,.F.);
#2549 = EDGE_CURVE('',#2533,#2500,#2550,.T.);
#2550 = LINE('',#2551,#2552);
#2551 = CARTESIAN_POINT('',(38.1001958,1.19001388,0.));
#2552 = VECTOR('',#2553,1.);
#2553 = DIRECTION('',(1.,0.,0.));
#2554 = PLANE('',#2555);
#2555 = AXIS2_PLACEMENT_3D('',#2556,#2557,#2558);
#2556 = CARTESIAN_POINT('',(38.1001958,1.19001388,0.));
#2557 = DIRECTION('',(0.,1.,0.));
#2558 = DIRECTION('',(1.,0.,0.));
#2559 = ADVANCED_FACE('',(#2560),#2587,.T.);
#2560 = FACE_BOUND('',#2561,.T.);
#2561 = EDGE_LOOP('',(#2562,#2571,#2579,#2586));
#2562 = ORIENTED_EDGE('',*,*,#2563,.T.);
#2563 = EDGE_CURVE('',#2533,#2564,#2566,.T.);
#2564 = VERTEX_POINT('',#2565);
#2565 = CARTESIAN_POINT('',(37.600028,0.690014029862,0.));
#2566 = CIRCLE('',#2567,0.50000061);
#2567 = AXIS2_PLACEMENT_3D('',#2568,#2569,#2570);
#2568 = CARTESIAN_POINT('',(38.10002861,0.6900133,0.));
#2569 = DIRECTION('',(0.,-0.,1.));
#2570 = DIRECTION('',(1.,0.,0.));
#2571 = ORIENTED_EDGE('',*,*,#2572,.T.);
#2572 = EDGE_CURVE('',#2564,#2573,#2575,.T.);
#2573 = VERTEX_POINT('',#2574);
#2574 = CARTESIAN_POINT('',(37.600028,0.690014029862,130.));
#2575 = LINE('',#2576,#2577);
#2576 = CARTESIAN_POINT('',(37.600028,0.690014029862,0.));
#2577 = VECTOR('',#2578,1.);
#2578 = DIRECTION('',(0.,0.,1.));
#2579 = ORIENTED_EDGE('',*,*,#2580,.F.);
#2580 = EDGE_CURVE('',#2535,#2573,#2581,.T.);
#2581 = CIRCLE('',#2582,0.50000061);
#2582 = AXIS2_PLACEMENT_3D('',#2583,#2584,#2585);
#2583 = CARTESIAN_POINT('',(38.10002861,0.6900133,130.));
#2584 = DIRECTION('',(0.,-0.,1.));
#2585 = DIRECTION('',(1.,0.,0.));
#2586 = ORIENTED_EDGE('',*,*,#2532,.F.);
#2587 = CYLINDRICAL_SURFACE('',#2588,0.50000061);
#2588 = AXIS2_PLACEMENT_3D('',#2589,#2590,#2591);
#2589 = CARTESIAN_POINT('',(38.10002861,0.6900133,0.));
#2590 = DIRECTION('',(-0.,0.,-1.));
#2591 = DIRECTION('',(1.,0.,0.));
#2592 = ADVANCED_FACE('',(#2593),#2618,.T.);
#2593 = FACE_BOUND('',#2594,.T.);
#2594 = EDGE_LOOP('',(#2595,#2605,#2611,#2612));
#2595 = ORIENTED_EDGE('',*,*,#2596,.T.);
#2596 = EDGE_CURVE('',#2597,#2599,#2601,.T.);
#2597 = VERTEX_POINT('',#2598);
#2598 = CARTESIAN_POINT('',(37.600028,-9.98617E-03,0.));
#2599 = VERTEX_POINT('',#2600);
#2600 = CARTESIAN_POINT('',(37.600028,-9.98617E-03,130.));
#2601 = LINE('',#2602,#2603);
#2602 = CARTESIAN_POINT('',(37.600028,-9.98617E-03,0.));
#2603 = VECTOR('',#2604,1.);
#2604 = DIRECTION('',(0.,0.,1.));
#2605 = ORIENTED_EDGE('',*,*,#2606,.T.);
#2606 = EDGE_CURVE('',#2599,#2573,#2607,.T.);
#2607 = LINE('',#2608,#2609);
#2608 = CARTESIAN_POINT('',(37.600028,-9.98617E-03,130.));
#2609 = VECTOR('',#2610,1.);
#2610 = DIRECTION('',(0.,1.,0.));
#2611 = ORIENTED_EDGE('',*,*,#2572,.F.);
#2612 = ORIENTED_EDGE('',*,*,#2613,.F.);
#2613 = EDGE_CURVE('',#2597,#2564,#2614,.T.);
#2614 = LINE('',#2615,#2616);
#2615 = CARTESIAN_POINT('',(37.600028,-9.98617E-03,0.));
#2616 = VECTOR('',#2617,1.);
#2617 = DIRECTION('',(0.,1.,0.));
#2618 = PLANE('',#2619);
#2619 = AXIS2_PLACEMENT_3D('',#2620,#2621,#2622);
#2620 = CARTESIAN_POINT('',(37.600028,-9.98617E-03,0.));
#2621 = DIRECTION('',(-1.,0.,0.));
#2622 = DIRECTION('',(0.,1.,0.));
#2623 = ADVANCED_FACE('',(#2624),#2649,.T.);
#2624 = FACE_BOUND('',#2625,.T.);
#2625 = EDGE_LOOP('',(#2626,#2636,#2642,#2643));
#2626 = ORIENTED_EDGE('',*,*,#2627,.T.);
#2627 = EDGE_CURVE('',#2628,#2630,#2632,.T.);
#2628 = VERTEX_POINT('',#2629);
#2629 = CARTESIAN_POINT('',(36.30002834,-9.98617E-03,0.));
#2630 = VERTEX_POINT('',#2631);
#2631 = CARTESIAN_POINT('',(36.30002834,-9.98617E-03,130.));
#2632 = LINE('',#2633,#2634);
#2633 = CARTESIAN_POINT('',(36.30002834,-9.98617E-03,0.));
#2634 = VECTOR('',#2635,1.);
#2635 = DIRECTION('',(0.,0.,1.));
#2636 = ORIENTED_EDGE('',*,*,#2637,.T.);
#2637 = EDGE_CURVE('',#2630,#2599,#2638,.T.);
#2638 = LINE('',#2639,#2640);
#2639 = CARTESIAN_POINT('',(36.30002834,-9.98617E-03,130.));
#2640 = VECTOR('',#2641,1.);
#2641 = DIRECTION('',(1.,0.,0.));
#2642 = ORIENTED_EDGE('',*,*,#2596,.F.);
#2643 = ORIENTED_EDGE('',*,*,#2644,.F.);
#2644 = EDGE_CURVE('',#2628,#2597,#2645,.T.);
#2645 = LINE('',#2646,#2647);
#2646 = CARTESIAN_POINT('',(36.30002834,-9.98617E-03,0.));
#2647 = VECTOR('',#2648,1.);
#2648 = DIRECTION('',(1.,0.,0.));
#2649 = PLANE('',#2650);
#2650 = AXIS2_PLACEMENT_3D('',#2651,#2652,#2653);
#2651 = CARTESIAN_POINT('',(36.30002834,-9.98617E-03,0.));
#2652 = DIRECTION('',(0.,1.,0.));
#2653 = DIRECTION('',(1.,0.,0.));
#2654 = ADVANCED_FACE('',(#2655),#2680,.T.);
#2655 = FACE_BOUND('',#2656,.T.);
#2656 = EDGE_LOOP('',(#2657,#2667,#2673,#2674));
#2657 = ORIENTED_EDGE('',*,*,#2658,.T.);
#2658 = EDGE_CURVE('',#2659,#2661,#2663,.T.);
#2659 = VERTEX_POINT('',#2660);
#2660 = CARTESIAN_POINT('',(36.30002834,-1.30998629,0.));
#2661 = VERTEX_POINT('',#2662);
#2662 = CARTESIAN_POINT('',(36.30002834,-1.30998629,130.));
#2663 = LINE('',#2664,#2665);
#2664 = CARTESIAN_POINT('',(36.30002834,-1.30998629,0.));
#2665 = VECTOR('',#2666,1.);
#2666 = DIRECTION('',(0.,0.,1.));
#2667 = ORIENTED_EDGE('',*,*,#2668,.T.);
#2668 = EDGE_CURVE('',#2661,#2630,#2669,.T.);
#2669 = LINE('',#2670,#2671);
#2670 = CARTESIAN_POINT('',(36.30002834,-1.30998629,130.));
#2671 = VECTOR('',#2672,1.);
#2672 = DIRECTION('',(0.,1.,0.));
#2673 = ORIENTED_EDGE('',*,*,#2627,.F.);
#2674 = ORIENTED_EDGE('',*,*,#2675,.F.);
#2675 = EDGE_CURVE('',#2659,#2628,#2676,.T.);
#2676 = LINE('',#2677,#2678);
#2677 = CARTESIAN_POINT('',(36.30002834,-1.30998629,0.));
#2678 = VECTOR('',#2679,1.);
#2679 = DIRECTION('',(0.,1.,0.));
#2680 = PLANE('',#2681);
#2681 = AXIS2_PLACEMENT_3D('',#2682,#2683,#2684);
#2682 = CARTESIAN_POINT('',(36.30002834,-1.30998629,0.));
#2683 = DIRECTION('',(-1.,0.,0.));
#2684 = DIRECTION('',(0.,1.,0.));
#2685 = ADVANCED_FACE('',(#2686),#2711,.T.);
#2686 = FACE_BOUND('',#2687,.T.);
#2687 = EDGE_LOOP('',(#2688,#2698,#2704,#2705));
#2688 = ORIENTED_EDGE('',*,*,#2689,.T.);
#2689 = EDGE_CURVE('',#2690,#2692,#2694,.T.);
#2690 = VERTEX_POINT('',#2691);
#2691 = CARTESIAN_POINT('',(38.15002986,-1.30998629,0.));
#2692 = VERTEX_POINT('',#2693);
#2693 = CARTESIAN_POINT('',(38.15002986,-1.30998629,130.));
#2694 = LINE('',#2695,#2696);
#2695 = CARTESIAN_POINT('',(38.15002986,-1.30998629,0.));
#2696 = VECTOR('',#2697,1.);
#2697 = DIRECTION('',(0.,0.,1.));
#2698 = ORIENTED_EDGE('',*,*,#2699,.T.);
#2699 = EDGE_CURVE('',#2692,#2661,#2700,.T.);
#2700 = LINE('',#2701,#2702);
#2701 = CARTESIAN_POINT('',(38.15002986,-1.30998629,130.));
#2702 = VECTOR('',#2703,1.);
#2703 = DIRECTION('',(-1.,0.,0.));
#2704 = ORIENTED_EDGE('',*,*,#2658,.F.);
#2705 = ORIENTED_EDGE('',*,*,#2706,.F.);
#2706 = EDGE_CURVE('',#2690,#2659,#2707,.T.);
#2707 = LINE('',#2708,#2709);
#2708 = CARTESIAN_POINT('',(38.15002986,-1.30998629,0.));
#2709 = VECTOR('',#2710,1.);
#2710 = DIRECTION('',(-1.,0.,0.));
#2711 = PLANE('',#2712);
#2712 = AXIS2_PLACEMENT_3D('',#2713,#2714,#2715);
#2713 = CARTESIAN_POINT('',(38.15002986,-1.30998629,0.));
#2714 = DIRECTION('',(0.,-1.,0.));
#2715 = DIRECTION('',(-1.,0.,0.));
#2716 = ADVANCED_FACE('',(#2717),#2742,.T.);
#2717 = FACE_BOUND('',#2718,.T.);
#2718 = EDGE_LOOP('',(#2719,#2729,#2735,#2736));
#2719 = ORIENTED_EDGE('',*,*,#2720,.T.);
#2720 = EDGE_CURVE('',#2721,#2723,#2725,.T.);
#2721 = VERTEX_POINT('',#2722);
#2722 = CARTESIAN_POINT('',(38.15002986,-5.10998636,0.));
#2723 = VERTEX_POINT('',#2724);
#2724 = CARTESIAN_POINT('',(38.15002986,-5.10998636,130.));
#2725 = LINE('',#2726,#2727);
#2726 = CARTESIAN_POINT('',(38.15002986,-5.10998636,0.));
#2727 = VECTOR('',#2728,1.);
#2728 = DIRECTION('',(0.,0.,1.));
#2729 = ORIENTED_EDGE('',*,*,#2730,.T.);
#2730 = EDGE_CURVE('',#2723,#2692,#2731,.T.);
#2731 = LINE('',#2732,#2733);
#2732 = CARTESIAN_POINT('',(38.15002986,-5.10998636,130.));
#2733 = VECTOR('',#2734,1.);
#2734 = DIRECTION('',(0.,1.,0.));
#2735 = ORIENTED_EDGE('',*,*,#2689,.F.);
#2736 = ORIENTED_EDGE('',*,*,#2737,.F.);
#2737 = EDGE_CURVE('',#2721,#2690,#2738,.T.);
#2738 = LINE('',#2739,#2740);
#2739 = CARTESIAN_POINT('',(38.15002986,-5.10998636,0.));
#2740 = VECTOR('',#2741,1.);
#2741 = DIRECTION('',(0.,1.,0.));
#2742 = PLANE('',#2743);
#2743 = AXIS2_PLACEMENT_3D('',#2744,#2745,#2746);
#2744 = CARTESIAN_POINT('',(38.15002986,-5.10998636,0.));
#2745 = DIRECTION('',(-1.,0.,0.));
#2746 = DIRECTION('',(0.,1.,0.));
#2747 = ADVANCED_FACE('',(#2748),#2773,.T.);
#2748 = FACE_BOUND('',#2749,.T.);
#2749 = EDGE_LOOP('',(#2750,#2760,#2766,#2767));
#2750 = ORIENTED_EDGE('',*,*,#2751,.T.);
#2751 = EDGE_CURVE('',#2752,#2754,#2756,.T.);
#2752 = VERTEX_POINT('',#2753);
#2753 = CARTESIAN_POINT('',(36.00003072,-5.10998636,0.));
#2754 = VERTEX_POINT('',#2755);
#2755 = CARTESIAN_POINT('',(36.00003072,-5.10998636,130.));
#2756 = LINE('',#2757,#2758);
#2757 = CARTESIAN_POINT('',(36.00003072,-5.10998636,0.));
#2758 = VECTOR('',#2759,1.);
#2759 = DIRECTION('',(0.,0.,1.));
#2760 = ORIENTED_EDGE('',*,*,#2761,.T.);
#2761 = EDGE_CURVE('',#2754,#2723,#2762,.T.);
#2762 = LINE('',#2763,#2764);
#2763 = CARTESIAN_POINT('',(36.00003072,-5.10998636,130.));
#2764 = VECTOR('',#2765,1.);
#2765 = DIRECTION('',(1.,0.,0.));
#2766 = ORIENTED_EDGE('',*,*,#2720,.F.);
#2767 = ORIENTED_EDGE('',*,*,#2768,.F.);
#2768 = EDGE_CURVE('',#2752,#2721,#2769,.T.);
#2769 = LINE('',#2770,#2771);
#2770 = CARTESIAN_POINT('',(36.00003072,-5.10998636,0.));
#2771 = VECTOR('',#2772,1.);
#2772 = DIRECTION('',(1.,0.,0.));
#2773 = PLANE('',#2774);
#2774 = AXIS2_PLACEMENT_3D('',#2775,#2776,#2777);
#2775 = CARTESIAN_POINT('',(36.00003072,-5.10998636,0.));
#2776 = DIRECTION('',(0.,1.,0.));
#2777 = DIRECTION('',(1.,0.,0.));
#2778 = ADVANCED_FACE('',(#2779),#2804,.T.);
#2779 = FACE_BOUND('',#2780,.T.);
#2780 = EDGE_LOOP('',(#2781,#2791,#2797,#2798));
#2781 = ORIENTED_EDGE('',*,*,#2782,.T.);
#2782 = EDGE_CURVE('',#2783,#2785,#2787,.T.);
#2783 = VERTEX_POINT('',#2784);
#2784 = CARTESIAN_POINT('',(36.00003072,-6.50998584,0.));
#2785 = VERTEX_POINT('',#2786);
#2786 = CARTESIAN_POINT('',(36.00003072,-6.50998584,130.));
#2787 = LINE('',#2788,#2789);
#2788 = CARTESIAN_POINT('',(36.00003072,-6.50998584,0.));
#2789 = VECTOR('',#2790,1.);
#2790 = DIRECTION('',(0.,0.,1.));
#2791 = ORIENTED_EDGE('',*,*,#2792,.T.);
#2792 = EDGE_CURVE('',#2785,#2754,#2793,.T.);
#2793 = LINE('',#2794,#2795);
#2794 = CARTESIAN_POINT('',(36.00003072,-6.50998584,130.));
#2795 = VECTOR('',#2796,1.);
#2796 = DIRECTION('',(0.,1.,0.));
#2797 = ORIENTED_EDGE('',*,*,#2751,.F.);
#2798 = ORIENTED_EDGE('',*,*,#2799,.F.);
#2799 = EDGE_CURVE('',#2783,#2752,#2800,.T.);
#2800 = LINE('',#2801,#2802);
#2801 = CARTESIAN_POINT('',(36.00003072,-6.50998584,0.));
#2802 = VECTOR('',#2803,1.);
#2803 = DIRECTION('',(0.,1.,0.));
#2804 = PLANE('',#2805);
#2805 = AXIS2_PLACEMENT_3D('',#2806,#2807,#2808);
#2806 = CARTESIAN_POINT('',(36.00003072,-6.50998584,0.));
#2807 = DIRECTION('',(-1.,0.,0.));
#2808 = DIRECTION('',(0.,1.,0.));
#2809 = ADVANCED_FACE('',(#2810),#2835,.T.);
#2810 = FACE_BOUND('',#2811,.T.);
#2811 = EDGE_LOOP('',(#2812,#2822,#2828,#2829));
#2812 = ORIENTED_EDGE('',*,*,#2813,.T.);
#2813 = EDGE_CURVE('',#2814,#2816,#2818,.T.);
#2814 = VERTEX_POINT('',#2815);
#2815 = CARTESIAN_POINT('',(38.15002986,-6.50998584,0.));
#2816 = VERTEX_POINT('',#2817);
#2817 = CARTESIAN_POINT('',(38.15002986,-6.50998584,130.));
#2818 = LINE('',#2819,#2820);
#2819 = CARTESIAN_POINT('',(38.15002986,-6.50998584,0.));
#2820 = VECTOR('',#2821,1.);
#2821 = DIRECTION('',(0.,0.,1.));
#2822 = ORIENTED_EDGE('',*,*,#2823,.T.);
#2823 = EDGE_CURVE('',#2816,#2785,#2824,.T.);
#2824 = LINE('',#2825,#2826);
#2825 = CARTESIAN_POINT('',(38.15002986,-6.50998584,130.));
#2826 = VECTOR('',#2827,1.);
#2827 = DIRECTION('',(-1.,0.,0.));
#2828 = ORIENTED_EDGE('',*,*,#2782,.F.);
#2829 = ORIENTED_EDGE('',*,*,#2830,.F.);
#2830 = EDGE_CURVE('',#2814,#2783,#2831,.T.);
#2831 = LINE('',#2832,#2833);
#2832 = CARTESIAN_POINT('',(38.15002986,-6.50998584,0.));
#2833 = VECTOR('',#2834,1.);
#2834 = DIRECTION('',(-1.,0.,0.));
#2835 = PLANE('',#2836);
#2836 = AXIS2_PLACEMENT_3D('',#2837,#2838,#2839);
#2837 = CARTESIAN_POINT('',(38.15002986,-6.50998584,0.));
#2838 = DIRECTION('',(0.,-1.,0.));
#2839 = DIRECTION('',(-1.,0.,0.));
#2840 = ADVANCED_FACE('',(#2841),#2866,.T.);
#2841 = FACE_BOUND('',#2842,.T.);
#2842 = EDGE_LOOP('',(#2843,#2853,#2859,#2860));
#2843 = ORIENTED_EDGE('',*,*,#2844,.T.);
#2844 = EDGE_CURVE('',#2845,#2847,#2849,.T.);
#2845 = VERTEX_POINT('',#2846);
#2846 = CARTESIAN_POINT('',(38.15002986,-8.70998583,0.));
#2847 = VERTEX_POINT('',#2848);
#2848 = CARTESIAN_POINT('',(38.15002986,-8.70998583,130.));
#2849 = LINE('',#2850,#2851);
#2850 = CARTESIAN_POINT('',(38.15002986,-8.70998583,0.));
#2851 = VECTOR('',#2852,1.);
#2852 = DIRECTION('',(0.,0.,1.));
#2853 = ORIENTED_EDGE('',*,*,#2854,.T.);
#2854 = EDGE_CURVE('',#2847,#2816,#2855,.T.);
#2855 = LINE('',#2856,#2857);
#2856 = CARTESIAN_POINT('',(38.15002986,-8.70998583,130.));
#2857 = VECTOR('',#2858,1.);
#2858 = DIRECTION('',(0.,1.,0.));
#2859 = ORIENTED_EDGE('',*,*,#2813,.F.);
#2860 = ORIENTED_EDGE('',*,*,#2861,.F.);
#2861 = EDGE_CURVE('',#2845,#2814,#2862,.T.);
#2862 = LINE('',#2863,#2864);
#2863 = CARTESIAN_POINT('',(38.15002986,-8.70998583,0.));
#2864 = VECTOR('',#2865,1.);
#2865 = DIRECTION('',(0.,1.,0.));
#2866 = PLANE('',#2867);
#2867 = AXIS2_PLACEMENT_3D('',#2868,#2869,#2870);
#2868 = CARTESIAN_POINT('',(38.15002986,-8.70998583,0.));
#2869 = DIRECTION('',(-1.,0.,0.));
#2870 = DIRECTION('',(0.,1.,0.));
#2871 = ADVANCED_FACE('',(#2872),#2897,.T.);
#2872 = FACE_BOUND('',#2873,.T.);
#2873 = EDGE_LOOP('',(#2874,#2884,#2890,#2891));
#2874 = ORIENTED_EDGE('',*,*,#2875,.T.);
#2875 = EDGE_CURVE('',#2876,#2878,#2880,.T.);
#2876 = VERTEX_POINT('',#2877);
#2877 = CARTESIAN_POINT('',(36.00003072,-8.70998583,0.));
#2878 = VERTEX_POINT('',#2879);
#2879 = CARTESIAN_POINT('',(36.00003072,-8.70998583,130.));
#2880 = LINE('',#2881,#2882);
#2881 = CARTESIAN_POINT('',(36.00003072,-8.70998583,0.));
#2882 = VECTOR('',#2883,1.);
#2883 = DIRECTION('',(0.,0.,1.));
#2884 = ORIENTED_EDGE('',*,*,#2885,.T.);
#2885 = EDGE_CURVE('',#2878,#2847,#2886,.T.);
#2886 = LINE('',#2887,#2888);
#2887 = CARTESIAN_POINT('',(36.00003072,-8.70998583,130.));
#2888 = VECTOR('',#2889,1.);
#2889 = DIRECTION('',(1.,0.,0.));
#2890 = ORIENTED_EDGE('',*,*,#2844,.F.);
#2891 = ORIENTED_EDGE('',*,*,#2892,.F.);
#2892 = EDGE_CURVE('',#2876,#2845,#2893,.T.);
#2893 = LINE('',#2894,#2895);
#2894 = CARTESIAN_POINT('',(36.00003072,-8.70998583,0.));
#2895 = VECTOR('',#2896,1.);
#2896 = DIRECTION('',(1.,0.,0.));
#2897 = PLANE('',#2898);
#2898 = AXIS2_PLACEMENT_3D('',#2899,#2900,#2901);
#2899 = CARTESIAN_POINT('',(36.00003072,-8.70998583,0.));
#2900 = DIRECTION('',(0.,1.,0.));
#2901 = DIRECTION('',(1.,0.,0.));
#2902 = ADVANCED_FACE('',(#2903),#2928,.T.);
#2903 = FACE_BOUND('',#2904,.T.);
#2904 = EDGE_LOOP('',(#2905,#2915,#2921,#2922));
#2905 = ORIENTED_EDGE('',*,*,#2906,.T.);
#2906 = EDGE_CURVE('',#2907,#2909,#2911,.T.);
#2907 = VERTEX_POINT('',#2908);
#2908 = CARTESIAN_POINT('',(36.00003072,-10.10998625,0.));
#2909 = VERTEX_POINT('',#2910);
#2910 = CARTESIAN_POINT('',(36.00003072,-10.10998625,130.));
#2911 = LINE('',#2912,#2913);
#2912 = CARTESIAN_POINT('',(36.00003072,-10.10998625,0.));
#2913 = VECTOR('',#2914,1.);
#2914 = DIRECTION('',(0.,0.,1.));
#2915 = ORIENTED_EDGE('',*,*,#2916,.T.);
#2916 = EDGE_CURVE('',#2909,#2878,#2917,.T.);
#2917 = LINE('',#2918,#2919);
#2918 = CARTESIAN_POINT('',(36.00003072,-10.10998625,130.));
#2919 = VECTOR('',#2920,1.);
#2920 = DIRECTION('',(0.,1.,0.));
#2921 = ORIENTED_EDGE('',*,*,#2875,.F.);
#2922 = ORIENTED_EDGE('',*,*,#2923,.F.);
#2923 = EDGE_CURVE('',#2907,#2876,#2924,.T.);
#2924 = LINE('',#2925,#2926);
#2925 = CARTESIAN_POINT('',(36.00003072,-10.10998625,0.));
#2926 = VECTOR('',#2927,1.);
#2927 = DIRECTION('',(0.,1.,0.));
#2928 = PLANE('',#2929);
#2929 = AXIS2_PLACEMENT_3D('',#2930,#2931,#2932);
#2930 = CARTESIAN_POINT('',(36.00003072,-10.10998625,0.));
#2931 = DIRECTION('',(-1.,0.,0.));
#2932 = DIRECTION('',(0.,1.,0.));
#2933 = ADVANCED_FACE('',(#2934),#2959,.T.);
#2934 = FACE_BOUND('',#2935,.T.);
#2935 = EDGE_LOOP('',(#2936,#2946,#2952,#2953));
#2936 = ORIENTED_EDGE('',*,*,#2937,.T.);
#2937 = EDGE_CURVE('',#2938,#2940,#2942,.T.);
#2938 = VERTEX_POINT('',#2939);
#2939 = CARTESIAN_POINT('',(38.15002986,-10.10998625,0.));
#2940 = VERTEX_POINT('',#2941);
#2941 = CARTESIAN_POINT('',(38.15002986,-10.10998625,130.));
#2942 = LINE('',#2943,#2944);
#2943 = CARTESIAN_POINT('',(38.15002986,-10.10998625,0.));
#2944 = VECTOR('',#2945,1.);
#2945 = DIRECTION('',(0.,0.,1.));
#2946 = ORIENTED_EDGE('',*,*,#2947,.T.);
#2947 = EDGE_CURVE('',#2940,#2909,#2948,.T.);
#2948 = LINE('',#2949,#2950);
#2949 = CARTESIAN_POINT('',(38.15002986,-10.10998625,130.));
#2950 = VECTOR('',#2951,1.);
#2951 = DIRECTION('',(-1.,0.,0.));
#2952 = ORIENTED_EDGE('',*,*,#2906,.F.);
#2953 = ORIENTED_EDGE('',*,*,#2954,.F.);
#2954 = EDGE_CURVE('',#2938,#2907,#2955,.T.);
#2955 = LINE('',#2956,#2957);
#2956 = CARTESIAN_POINT('',(38.15002986,-10.10998625,0.));
#2957 = VECTOR('',#2958,1.);
#2958 = DIRECTION('',(-1.,0.,0.));
#2959 = PLANE('',#2960);
#2960 = AXIS2_PLACEMENT_3D('',#2961,#2962,#2963);
#2961 = CARTESIAN_POINT('',(38.15002986,-10.10998625,0.));
#2962 = DIRECTION('',(0.,-1.,0.));
#2963 = DIRECTION('',(-1.,0.,0.));
#2964 = ADVANCED_FACE('',(#2965),#2990,.T.);
#2965 = FACE_BOUND('',#2966,.T.);
#2966 = EDGE_LOOP('',(#2967,#2977,#2983,#2984));
#2967 = ORIENTED_EDGE('',*,*,#2968,.T.);
#2968 = EDGE_CURVE('',#2969,#2971,#2973,.T.);
#2969 = VERTEX_POINT('',#2970);
#2970 = CARTESIAN_POINT('',(38.15002986,-12.3099853,0.));
#2971 = VERTEX_POINT('',#2972);
#2972 = CARTESIAN_POINT('',(38.15002986,-12.3099853,130.));
#2973 = LINE('',#2974,#2975);
#2974 = CARTESIAN_POINT('',(38.15002986,-12.3099853,0.));
#2975 = VECTOR('',#2976,1.);
#2976 = DIRECTION('',(0.,0.,1.));
#2977 = ORIENTED_EDGE('',*,*,#2978,.T.);
#2978 = EDGE_CURVE('',#2971,#2940,#2979,.T.);
#2979 = LINE('',#2980,#2981);
#2980 = CARTESIAN_POINT('',(38.15002986,-12.3099853,130.));
#2981 = VECTOR('',#2982,1.);
#2982 = DIRECTION('',(0.,1.,0.));
#2983 = ORIENTED_EDGE('',*,*,#2937,.F.);
#2984 = ORIENTED_EDGE('',*,*,#2985,.F.);
#2985 = EDGE_CURVE('',#2969,#2938,#2986,.T.);
#2986 = LINE('',#2987,#2988);
#2987 = CARTESIAN_POINT('',(38.15002986,-12.3099853,0.));
#2988 = VECTOR('',#2989,1.);
#2989 = DIRECTION('',(0.,1.,0.));
#2990 = PLANE('',#2991);
#2991 = AXIS2_PLACEMENT_3D('',#2992,#2993,#2994);
#2992 = CARTESIAN_POINT('',(38.15002986,-12.3099853,0.));
#2993 = DIRECTION('',(-1.,0.,0.));
#2994 = DIRECTION('',(0.,1.,0.));
#2995 = ADVANCED_FACE('',(#2996),#3021,.T.);
#2996 = FACE_BOUND('',#2997,.T.);
#2997 = EDGE_LOOP('',(#2998,#3008,#3014,#3015));
#2998 = ORIENTED_EDGE('',*,*,#2999,.T.);
#2999 = EDGE_CURVE('',#3000,#3002,#3004,.T.);
#3000 = VERTEX_POINT('',#3001);
#3001 = CARTESIAN_POINT('',(34.99881413247,-12.30998609,0.));
#3002 = VERTEX_POINT('',#3003);
#3003 = CARTESIAN_POINT('',(34.99881413247,-12.30998609,130.));
#3004 = LINE('',#3005,#3006);
#3005 = CARTESIAN_POINT('',(34.99881413247,-12.30998609,0.));
#3006 = VECTOR('',#3007,1.);
#3007 = DIRECTION('',(0.,0.,1.));
#3008 = ORIENTED_EDGE('',*,*,#3009,.T.);
#3009 = EDGE_CURVE('',#3002,#2971,#3010,.T.);
#3010 = LINE('',#3011,#3012);
#3011 = CARTESIAN_POINT('',(34.99881413,-12.30998609,130.));
#3012 = VECTOR('',#3013,1.);
#3013 = DIRECTION('',(1.,2.506968957711E-07,0.));
#3014 = ORIENTED_EDGE('',*,*,#2968,.F.);
#3015 = ORIENTED_EDGE('',*,*,#3016,.F.);
#3016 = EDGE_CURVE('',#3000,#2969,#3017,.T.);
#3017 = LINE('',#3018,#3019);
#3018 = CARTESIAN_POINT('',(34.99881413,-12.30998609,0.));
#3019 = VECTOR('',#3020,1.);
#3020 = DIRECTION('',(1.,2.506968957711E-07,0.));
#3021 = PLANE('',#3022);
#3022 = AXIS2_PLACEMENT_3D('',#3023,#3024,#3025);
#3023 = CARTESIAN_POINT('',(34.99881413,-12.30998609,0.));
#3024 = DIRECTION('',(-2.506968957711E-07,1.,0.));
#3025 = DIRECTION('',(1.,2.506968957711E-07,0.));
#3026 = ADVANCED_FACE('',(#3027),#3054,.T.);
#3027 = FACE_BOUND('',#3028,.T.);
#3028 = EDGE_LOOP('',(#3029,#3038,#3046,#3053));
#3029 = ORIENTED_EDGE('',*,*,#3030,.T.);
#3030 = EDGE_CURVE('',#3000,#3031,#3033,.T.);
#3031 = VERTEX_POINT('',#3032);
#3032 = CARTESIAN_POINT('',(34.805628144828,-12.56174972989,0.));
#3033 = CIRCLE('',#3034,0.20000023);
#3034 = AXIS2_PLACEMENT_3D('',#3035,#3036,#3037);
#3035 = CARTESIAN_POINT('',(34.99881366,-12.50998632,0.));
#3036 = DIRECTION('',(0.,-0.,1.));
#3037 = DIRECTION('',(1.,0.,0.));
#3038 = ORIENTED_EDGE('',*,*,#3039,.T.);
#3039 = EDGE_CURVE('',#3031,#3040,#3042,.T.);
#3040 = VERTEX_POINT('',#3041);
#3041 = CARTESIAN_POINT('',(34.805628144828,-12.56174972989,130.));
#3042 = LINE('',#3043,#3044);
#3043 = CARTESIAN_POINT('',(34.805628144828,-12.56174972989,0.));
#3044 = VECTOR('',#3045,1.);
#3045 = DIRECTION('',(0.,0.,1.));
#3046 = ORIENTED_EDGE('',*,*,#3047,.F.);
#3047 = EDGE_CURVE('',#3002,#3040,#3048,.T.);
#3048 = CIRCLE('',#3049,0.20000023);
#3049 = AXIS2_PLACEMENT_3D('',#3050,#3051,#3052);
#3050 = CARTESIAN_POINT('',(34.99881366,-12.50998632,130.));
#3051 = DIRECTION('',(0.,-0.,1.));
#3052 = DIRECTION('',(1.,0.,0.));
#3053 = ORIENTED_EDGE('',*,*,#2999,.F.);
#3054 = CYLINDRICAL_SURFACE('',#3055,0.20000023);
#3055 = AXIS2_PLACEMENT_3D('',#3056,#3057,#3058);
#3056 = CARTESIAN_POINT('',(34.99881366,-12.50998632,0.));
#3057 = DIRECTION('',(-0.,0.,-1.));
#3058 = DIRECTION('',(1.,0.,0.));
#3059 = ADVANCED_FACE('',(#3060),#3085,.T.);
#3060 = FACE_BOUND('',#3061,.T.);
#3061 = EDGE_LOOP('',(#3062,#3072,#3078,#3079));
#3062 = ORIENTED_EDGE('',*,*,#3063,.T.);
#3063 = EDGE_CURVE('',#3064,#3066,#3068,.T.);
#3064 = VERTEX_POINT('',#3065);
#3065 = CARTESIAN_POINT('',(35.151505527227,-13.85257880942,0.));
#3066 = VERTEX_POINT('',#3067);
#3067 = CARTESIAN_POINT('',(35.151505527227,-13.85257880942,130.));
#3068 = LINE('',#3069,#3070);
#3069 = CARTESIAN_POINT('',(35.151505527227,-13.85257880942,0.));
#3070 = VECTOR('',#3071,1.);
#3071 = DIRECTION('',(0.,0.,1.));
#3072 = ORIENTED_EDGE('',*,*,#3073,.T.);
#3073 = EDGE_CURVE('',#3066,#3040,#3074,.T.);
#3074 = LINE('',#3075,#3076);
#3075 = CARTESIAN_POINT('',(35.15150553,-13.85257881,130.));
#3076 = VECTOR('',#3077,1.);
#3077 = DIRECTION('',(-0.258819589989,0.965925680287,0.));
#3078 = ORIENTED_EDGE('',*,*,#3039,.F.);
#3079 = ORIENTED_EDGE('',*,*,#3080,.F.);
#3080 = EDGE_CURVE('',#3064,#3031,#3081,.T.);
#3081 = LINE('',#3082,#3083);
#3082 = CARTESIAN_POINT('',(35.15150553,-13.85257881,0.));
#3083 = VECTOR('',#3084,1.);
#3084 = DIRECTION('',(-0.258819589989,0.965925680287,0.));
#3085 = PLANE('',#3086);
#3086 = AXIS2_PLACEMENT_3D('',#3087,#3088,#3089);
#3087 = CARTESIAN_POINT('',(35.15150553,-13.85257881,0.));
#3088 = DIRECTION('',(-0.965925680287,-0.258819589989,0.));
#3089 = DIRECTION('',(-0.258819589989,0.965925680287,0.));
#3090 = ADVANCED_FACE('',(#3091),#3118,.F.);
#3091 = FACE_BOUND('',#3092,.F.);
#3092 = EDGE_LOOP('',(#3093,#3102,#3103,#3112));
#3093 = ORIENTED_EDGE('',*,*,#3094,.T.);
#3094 = EDGE_CURVE('',#3095,#3064,#3097,.T.);
#3095 = VERTEX_POINT('',#3096);
#3096 = CARTESIAN_POINT('',(34.267621714977,-14.73646245322,0.));
#3097 = CIRCLE('',#3098,1.25000036);
#3098 = AXIS2_PLACEMENT_3D('',#3099,#3100,#3101);
#3099 = CARTESIAN_POINT('',(35.47502931,-15.05998647,0.));
#3100 = DIRECTION('',(0.,-0.,1.));
#3101 = DIRECTION('',(1.,0.,0.));
#3102 = ORIENTED_EDGE('',*,*,#3063,.T.);
#3103 = ORIENTED_EDGE('',*,*,#3104,.F.);
#3104 = EDGE_CURVE('',#3105,#3066,#3107,.T.);
#3105 = VERTEX_POINT('',#3106);
#3106 = CARTESIAN_POINT('',(34.267621714977,-14.73646245322,130.));
#3107 = CIRCLE('',#3108,1.25000036);
#3108 = AXIS2_PLACEMENT_3D('',#3109,#3110,#3111);
#3109 = CARTESIAN_POINT('',(35.47502931,-15.05998647,130.));
#3110 = DIRECTION('',(0.,-0.,1.));
#3111 = DIRECTION('',(1.,0.,0.));
#3112 = ORIENTED_EDGE('',*,*,#3113,.F.);
#3113 = EDGE_CURVE('',#3095,#3105,#3114,.T.);
#3114 = LINE('',#3115,#3116);
#3115 = CARTESIAN_POINT('',(34.267621714977,-14.73646245322,0.));
#3116 = VECTOR('',#3117,1.);
#3117 = DIRECTION('',(0.,0.,1.));
#3118 = CYLINDRICAL_SURFACE('',#3119,1.25000036);
#3119 = AXIS2_PLACEMENT_3D('',#3120,#3121,#3122);
#3120 = CARTESIAN_POINT('',(35.47502931,-15.05998647,0.));
#3121 = DIRECTION('',(-0.,0.,-1.));
#3122 = DIRECTION('',(1.,0.,0.));
#3123 = ADVANCED_FACE('',(#3124),#3149,.T.);
#3124 = FACE_BOUND('',#3125,.T.);
#3125 = EDGE_LOOP('',(#3126,#3136,#3142,#3143));
#3126 = ORIENTED_EDGE('',*,*,#3127,.T.);
#3127 = EDGE_CURVE('',#3128,#3130,#3132,.T.);
#3128 = VERTEX_POINT('',#3129);
#3129 = CARTESIAN_POINT('',(32.201793143943,-14.18292509665,0.));
#3130 = VERTEX_POINT('',#3131);
#3131 = CARTESIAN_POINT('',(32.201793143943,-14.18292509665,130.));
#3132 = LINE('',#3133,#3134);
#3133 = CARTESIAN_POINT('',(32.201793143943,-14.18292509665,0.));
#3134 = VECTOR('',#3135,1.);
#3135 = DIRECTION('',(0.,0.,1.));
#3136 = ORIENTED_EDGE('',*,*,#3137,.T.);
#3137 = EDGE_CURVE('',#3130,#3105,#3138,.T.);
#3138 = LINE('',#3139,#3140);
#3139 = CARTESIAN_POINT('',(32.20179314,-14.1829251,130.));
#3140 = VECTOR('',#3141,1.);
#3141 = DIRECTION('',(0.965925797032,-0.258819154291,-0.));
#3142 = ORIENTED_EDGE('',*,*,#3113,.F.);
#3143 = ORIENTED_EDGE('',*,*,#3144,.F.);
#3144 = EDGE_CURVE('',#3128,#3095,#3145,.T.);
#3145 = LINE('',#3146,#3147);
#3146 = CARTESIAN_POINT('',(32.20179314,-14.1829251,0.));
#3147 = VECTOR('',#3148,1.);
#3148 = DIRECTION('',(0.965925797032,-0.258819154291,-0.));
#3149 = PLANE('',#3150);
#3150 = AXIS2_PLACEMENT_3D('',#3151,#3152,#3153);
#3151 = CARTESIAN_POINT('',(32.20179314,-14.1829251,0.));
#3152 = DIRECTION('',(0.258819154291,0.965925797032,-0.));
#3153 = DIRECTION('',(0.965925797032,-0.258819154291,0.));
#3154 = ADVANCED_FACE('',(#3155),#3182,.T.);
#3155 = FACE_BOUND('',#3156,.T.);
#3156 = EDGE_LOOP('',(#3157,#3166,#3174,#3181));
#3157 = ORIENTED_EDGE('',*,*,#3158,.T.);
#3158 = EDGE_CURVE('',#3128,#3159,#3161,.T.);
#3159 = VERTEX_POINT('',#3160);
#3160 = CARTESIAN_POINT('',(31.95002922,-14.37610953013,0.));
#3161 = CIRCLE('',#3162,0.19999978);
#3162 = AXIS2_PLACEMENT_3D('',#3163,#3164,#3165);
#3163 = CARTESIAN_POINT('',(32.150029,-14.37610994,0.));
#3164 = DIRECTION('',(0.,-0.,1.));
#3165 = DIRECTION('',(1.,0.,0.));
#3166 = ORIENTED_EDGE('',*,*,#3167,.T.);
#3167 = EDGE_CURVE('',#3159,#3168,#3170,.T.);
#3168 = VERTEX_POINT('',#3169);
#3169 = CARTESIAN_POINT('',(31.95002922,-14.37610953013,130.));
#3170 = LINE('',#3171,#3172);
#3171 = CARTESIAN_POINT('',(31.95002922,-14.37610953013,0.));
#3172 = VECTOR('',#3173,1.);
#3173 = DIRECTION('',(0.,0.,1.));
#3174 = ORIENTED_EDGE('',*,*,#3175,.F.);
#3175 = EDGE_CURVE('',#3130,#3168,#3176,.T.);
#3176 = CIRCLE('',#3177,0.19999978);
#3177 = AXIS2_PLACEMENT_3D('',#3178,#3179,#3180);
#3178 = CARTESIAN_POINT('',(32.150029,-14.37610994,130.));
#3179 = DIRECTION('',(0.,-0.,1.));
#3180 = DIRECTION('',(1.,0.,0.));
#3181 = ORIENTED_EDGE('',*,*,#3127,.F.);
#3182 = CYLINDRICAL_SURFACE('',#3183,0.19999978);
#3183 = AXIS2_PLACEMENT_3D('',#3184,#3185,#3186);
#3184 = CARTESIAN_POINT('',(32.150029,-14.37610994,0.));
#3185 = DIRECTION('',(-0.,0.,-1.));
#3186 = DIRECTION('',(1.,0.,0.));
#3187 = ADVANCED_FACE('',(#3188),#3213,.T.);
#3188 = FACE_BOUND('',#3189,.T.);
#3189 = EDGE_LOOP('',(#3190,#3200,#3206,#3207));
#3190 = ORIENTED_EDGE('',*,*,#3191,.T.);
#3191 = EDGE_CURVE('',#3192,#3194,#3196,.T.);
#3192 = VERTEX_POINT('',#3193);
#3193 = CARTESIAN_POINT('',(31.95002922,-17.40998595,0.));
#3194 = VERTEX_POINT('',#3195);
#3195 = CARTESIAN_POINT('',(31.95002922,-17.40998595,130.));
#3196 = LINE('',#3197,#3198);
#3197 = CARTESIAN_POINT('',(31.95002922,-17.40998595,0.));
#3198 = VECTOR('',#3199,1.);
#3199 = DIRECTION('',(0.,0.,1.));
#3200 = ORIENTED_EDGE('',*,*,#3201,.T.);
#3201 = EDGE_CURVE('',#3194,#3168,#3202,.T.);
#3202 = LINE('',#3203,#3204);
#3203 = CARTESIAN_POINT('',(31.95002922,-17.40998595,130.));
#3204 = VECTOR('',#3205,1.);
#3205 = DIRECTION('',(0.,1.,0.));
#3206 = ORIENTED_EDGE('',*,*,#3167,.F.);
#3207 = ORIENTED_EDGE('',*,*,#3208,.F.);
#3208 = EDGE_CURVE('',#3192,#3159,#3209,.T.);
#3209 = LINE('',#3210,#3211);
#3210 = CARTESIAN_POINT('',(31.95002922,-17.40998595,0.));
#3211 = VECTOR('',#3212,1.);
#3212 = DIRECTION('',(0.,1.,0.));
#3213 = PLANE('',#3214);
#3214 = AXIS2_PLACEMENT_3D('',#3215,#3216,#3217);
#3215 = CARTESIAN_POINT('',(31.95002922,-17.40998595,0.));
#3216 = DIRECTION('',(-1.,0.,0.));
#3217 = DIRECTION('',(0.,1.,0.));
#3218 = ADVANCED_FACE('',(#3219),#3244,.T.);
#3219 = FACE_BOUND('',#3220,.T.);
#3220 = EDGE_LOOP('',(#3221,#3231,#3237,#3238));
#3221 = ORIENTED_EDGE('',*,*,#3222,.T.);
#3222 = EDGE_CURVE('',#3223,#3225,#3227,.T.);
#3223 = VERTEX_POINT('',#3224);
#3224 = CARTESIAN_POINT('',(-31.94997213,-17.40998595,0.));
#3225 = VERTEX_POINT('',#3226);
#3226 = CARTESIAN_POINT('',(-31.94997213,-17.40998595,130.));
#3227 = LINE('',#3228,#3229);
#3228 = CARTESIAN_POINT('',(-31.94997213,-17.40998595,0.));
#3229 = VECTOR('',#3230,1.);
#3230 = DIRECTION('',(0.,0.,1.));
#3231 = ORIENTED_EDGE('',*,*,#3232,.T.);
#3232 = EDGE_CURVE('',#3225,#3194,#3233,.T.);
#3233 = LINE('',#3234,#3235);
#3234 = CARTESIAN_POINT('',(-31.94997213,-17.40998595,130.));
#3235 = VECTOR('',#3236,1.);
#3236 = DIRECTION('',(1.,0.,0.));
#3237 = ORIENTED_EDGE('',*,*,#3191,.F.);
#3238 = ORIENTED_EDGE('',*,*,#3239,.F.);
#3239 = EDGE_CURVE('',#3223,#3192,#3240,.T.);
#3240 = LINE('',#3241,#3242);
#3241 = CARTESIAN_POINT('',(-31.94997213,-17.40998595,0.));
#3242 = VECTOR('',#3243,1.);
#3243 = DIRECTION('',(1.,0.,0.));
#3244 = PLANE('',#3245);
#3245 = AXIS2_PLACEMENT_3D('',#3246,#3247,#3248);
#3246 = CARTESIAN_POINT('',(-31.94997213,-17.40998595,0.));
#3247 = DIRECTION('',(0.,1.,0.));
#3248 = DIRECTION('',(1.,0.,0.));
#3249 = ADVANCED_FACE('',(#3250),#3275,.T.);
#3250 = FACE_BOUND('',#3251,.T.);
#3251 = EDGE_LOOP('',(#3252,#3262,#3268,#3269));
#3252 = ORIENTED_EDGE('',*,*,#3253,.T.);
#3253 = EDGE_CURVE('',#3254,#3256,#3258,.T.);
#3254 = VERTEX_POINT('',#3255);
#3255 = CARTESIAN_POINT('',(-31.94997066,-14.37611026216,0.));
#3256 = VERTEX_POINT('',#3257);
#3257 = CARTESIAN_POINT('',(-31.94997066,-14.37611026216,130.));
#3258 = LINE('',#3259,#3260);
#3259 = CARTESIAN_POINT('',(-31.94997066,-14.37611026216,0.));
#3260 = VECTOR('',#3261,1.);
#3261 = DIRECTION('',(0.,0.,1.));
#3262 = ORIENTED_EDGE('',*,*,#3263,.T.);
#3263 = EDGE_CURVE('',#3256,#3225,#3264,.T.);
#3264 = LINE('',#3265,#3266);
#3265 = CARTESIAN_POINT('',(-31.94997066,-14.37611026,130.));
#3266 = VECTOR('',#3267,1.);
#3267 = DIRECTION('',(-4.845287505115E-07,-1.,0.));
#3268 = ORIENTED_EDGE('',*,*,#3222,.F.);
#3269 = ORIENTED_EDGE('',*,*,#3270,.F.);
#3270 = EDGE_CURVE('',#3254,#3223,#3271,.T.);
#3271 = LINE('',#3272,#3273);
#3272 = CARTESIAN_POINT('',(-31.94997066,-14.37611026,0.));
#3273 = VECTOR('',#3274,1.);
#3274 = DIRECTION('',(-4.845287505115E-07,-1.,0.));
#3275 = PLANE('',#3276);
#3276 = AXIS2_PLACEMENT_3D('',#3277,#3278,#3279);
#3277 = CARTESIAN_POINT('',(-31.94997066,-14.37611026,0.));
#3278 = DIRECTION('',(1.,-4.845287505115E-07,0.));
#3279 = DIRECTION('',(-4.845287505115E-07,-1.,0.));
#3280 = ADVANCED_FACE('',(#3281),#3308,.T.);
#3281 = FACE_BOUND('',#3282,.T.);
#3282 = EDGE_LOOP('',(#3283,#3292,#3300,#3307));
#3283 = ORIENTED_EDGE('',*,*,#3284,.T.);
#3284 = EDGE_CURVE('',#3254,#3285,#3287,.T.);
#3285 = VERTEX_POINT('',#3286);
#3286 = CARTESIAN_POINT('',(-32.20173469937,-14.18292529208,0.));
#3287 = CIRCLE('',#3288,0.20000004);
#3288 = AXIS2_PLACEMENT_3D('',#3289,#3290,#3291);
#3289 = CARTESIAN_POINT('',(-32.1499707,-14.37611045,0.));
#3290 = DIRECTION('',(0.,-0.,1.));
#3291 = DIRECTION('',(1.,0.,0.));
#3292 = ORIENTED_EDGE('',*,*,#3293,.T.);
#3293 = EDGE_CURVE('',#3285,#3294,#3296,.T.);
#3294 = VERTEX_POINT('',#3295);
#3295 = CARTESIAN_POINT('',(-32.20173469937,-14.18292529208,130.));
#3296 = LINE('',#3297,#3298);
#3297 = CARTESIAN_POINT('',(-32.20173469937,-14.18292529208,0.));
#3298 = VECTOR('',#3299,1.);
#3299 = DIRECTION('',(0.,0.,1.));
#3300 = ORIENTED_EDGE('',*,*,#3301,.F.);
#3301 = EDGE_CURVE('',#3256,#3294,#3302,.T.);
#3302 = CIRCLE('',#3303,0.20000004);
#3303 = AXIS2_PLACEMENT_3D('',#3304,#3305,#3306);
#3304 = CARTESIAN_POINT('',(-32.1499707,-14.37611045,130.));
#3305 = DIRECTION('',(0.,-0.,1.));
#3306 = DIRECTION('',(1.,0.,0.));
#3307 = ORIENTED_EDGE('',*,*,#3253,.F.);
#3308 = CYLINDRICAL_SURFACE('',#3309,0.20000004);
#3309 = AXIS2_PLACEMENT_3D('',#3310,#3311,#3312);
#3310 = CARTESIAN_POINT('',(-32.1499707,-14.37611045,0.));
#3311 = DIRECTION('',(-0.,0.,-1.));
#3312 = DIRECTION('',(1.,0.,0.));
#3313 = ADVANCED_FACE('',(#3314),#3339,.T.);
#3314 = FACE_BOUND('',#3315,.T.);
#3315 = EDGE_LOOP('',(#3316,#3326,#3332,#3333));
#3316 = ORIENTED_EDGE('',*,*,#3317,.T.);
#3317 = EDGE_CURVE('',#3318,#3320,#3322,.T.);
#3318 = VERTEX_POINT('',#3319);
#3319 = CARTESIAN_POINT('',(-34.267563384,-14.73646228124,0.));
#3320 = VERTEX_POINT('',#3321);
#3321 = CARTESIAN_POINT('',(-34.267563384,-14.73646228124,130.));
#3322 = LINE('',#3323,#3324);
#3323 = CARTESIAN_POINT('',(-34.267563384,-14.73646228124,0.));
#3324 = VECTOR('',#3325,1.);
#3325 = DIRECTION('',(0.,0.,1.));
#3326 = ORIENTED_EDGE('',*,*,#3327,.T.);
#3327 = EDGE_CURVE('',#3320,#3294,#3328,.T.);
#3328 = LINE('',#3329,#3330);
#3329 = CARTESIAN_POINT('',(-34.26756338,-14.73646228,130.));
#3330 = VECTOR('',#3331,1.);
#3331 = DIRECTION('',(0.965925842246,0.258818985551,0.));
#3332 = ORIENTED_EDGE('',*,*,#3293,.F.);
#3333 = ORIENTED_EDGE('',*,*,#3334,.F.);
#3334 = EDGE_CURVE('',#3318,#3285,#3335,.T.);
#3335 = LINE('',#3336,#3337);
#3336 = CARTESIAN_POINT('',(-34.26756338,-14.73646228,0.));
#3337 = VECTOR('',#3338,1.);
#3338 = DIRECTION('',(0.965925842246,0.258818985551,0.));
#3339 = PLANE('',#3340);
#3340 = AXIS2_PLACEMENT_3D('',#3341,#3342,#3343);
#3341 = CARTESIAN_POINT('',(-34.26756338,-14.73646228,0.));
#3342 = DIRECTION('',(-0.258818985551,0.965925842246,0.));
#3343 = DIRECTION('',(0.965925842246,0.258818985551,0.));
#3344 = ADVANCED_FACE('',(#3345),#3372,.F.);
#3345 = FACE_BOUND('',#3346,.F.);
#3346 = EDGE_LOOP('',(#3347,#3356,#3357,#3366));
#3347 = ORIENTED_EDGE('',*,*,#3348,.T.);
#3348 = EDGE_CURVE('',#3349,#3318,#3351,.T.);
#3349 = VERTEX_POINT('',#3350);
#3350 = CARTESIAN_POINT('',(-35.15144563989,-13.85257958975,0.));
#3351 = CIRCLE('',#3352,1.24999858);
#3352 = AXIS2_PLACEMENT_3D('',#3353,#3354,#3355);
#3353 = CARTESIAN_POINT('',(-35.47496938,-15.05998542,0.));
#3354 = DIRECTION('',(0.,-0.,1.));
#3355 = DIRECTION('',(1.,0.,0.));
#3356 = ORIENTED_EDGE('',*,*,#3317,.T.);
#3357 = ORIENTED_EDGE('',*,*,#3358,.F.);
#3358 = EDGE_CURVE('',#3359,#3320,#3361,.T.);
#3359 = VERTEX_POINT('',#3360);
#3360 = CARTESIAN_POINT('',(-35.15144563989,-13.85257958975,130.));
#3361 = CIRCLE('',#3362,1.24999858);
#3362 = AXIS2_PLACEMENT_3D('',#3363,#3364,#3365);
#3363 = CARTESIAN_POINT('',(-35.47496938,-15.05998542,130.));
#3364 = DIRECTION('',(0.,-0.,1.));
#3365 = DIRECTION('',(1.,0.,0.));
#3366 = ORIENTED_EDGE('',*,*,#3367,.F.);
#3367 = EDGE_CURVE('',#3349,#3359,#3368,.T.);
#3368 = LINE('',#3369,#3370);
#3369 = CARTESIAN_POINT('',(-35.15144563989,-13.85257958975,0.));
#3370 = VECTOR('',#3371,1.);
#3371 = DIRECTION('',(0.,0.,1.));
#3372 = CYLINDRICAL_SURFACE('',#3373,1.24999858);
#3373 = AXIS2_PLACEMENT_3D('',#3374,#3375,#3376);
#3374 = CARTESIAN_POINT('',(-35.47496938,-15.05998542,0.));
#3375 = DIRECTION('',(-0.,0.,-1.));
#3376 = DIRECTION('',(1.,0.,0.));
#3377 = ADVANCED_FACE('',(#3378),#3403,.T.);
#3378 = FACE_BOUND('',#3379,.T.);
#3379 = EDGE_LOOP('',(#3380,#3390,#3396,#3397));
#3380 = ORIENTED_EDGE('',*,*,#3381,.T.);
#3381 = EDGE_CURVE('',#3382,#3384,#3386,.T.);
#3382 = VERTEX_POINT('',#3383);
#3383 = CARTESIAN_POINT('',(-34.80557028909,-12.56174989978,0.));
#3384 = VERTEX_POINT('',#3385);
#3385 = CARTESIAN_POINT('',(-34.80557028909,-12.56174989978,130.));
#3386 = LINE('',#3387,#3388);
#3387 = CARTESIAN_POINT('',(-34.80557028909,-12.56174989978,0.));
#3388 = VECTOR('',#3389,1.);
#3389 = DIRECTION('',(0.,0.,1.));
#3390 = ORIENTED_EDGE('',*,*,#3391,.T.);
#3391 = EDGE_CURVE('',#3384,#3359,#3392,.T.);
#3392 = LINE('',#3393,#3394);
#3393 = CARTESIAN_POINT('',(-34.80557029,-12.5617499,130.));
#3394 = VECTOR('',#3395,1.);
#3395 = DIRECTION('',(-0.258818051602,-0.965926092496,0.));
#3396 = ORIENTED_EDGE('',*,*,#3367,.F.);
#3397 = ORIENTED_EDGE('',*,*,#3398,.F.);
#3398 = EDGE_CURVE('',#3382,#3349,#3399,.T.);
#3399 = LINE('',#3400,#3401);
#3400 = CARTESIAN_POINT('',(-34.80557029,-12.5617499,0.));
#3401 = VECTOR('',#3402,1.);
#3402 = DIRECTION('',(-0.258818051602,-0.965926092496,0.));
#3403 = PLANE('',#3404);
#3404 = AXIS2_PLACEMENT_3D('',#3405,#3406,#3407);
#3405 = CARTESIAN_POINT('',(-34.80557029,-12.5617499,0.));
#3406 = DIRECTION('',(0.965926092496,-0.258818051602,0.));
#3407 = DIRECTION('',(-0.258818051602,-0.965926092496,0.));
#3408 = ADVANCED_FACE('',(#3409),#3436,.T.);
#3409 = FACE_BOUND('',#3410,.T.);
#3410 = EDGE_LOOP('',(#3411,#3420,#3428,#3435));
#3411 = ORIENTED_EDGE('',*,*,#3412,.T.);
#3412 = EDGE_CURVE('',#3382,#3413,#3415,.T.);
#3413 = VERTEX_POINT('',#3414);
#3414 = CARTESIAN_POINT('',(-34.99875715997,-12.3099853,0.));
#3415 = CIRCLE('',#3416,0.20000105);
#3416 = AXIS2_PLACEMENT_3D('',#3417,#3418,#3419);
#3417 = CARTESIAN_POINT('',(-34.99875661,-12.50998635,0.));
#3418 = DIRECTION('',(0.,-0.,1.));
#3419 = DIRECTION('',(1.,0.,0.));
#3420 = ORIENTED_EDGE('',*,*,#3421,.T.);
#3421 = EDGE_CURVE('',#3413,#3422,#3424,.T.);
#3422 = VERTEX_POINT('',#3423);
#3423 = CARTESIAN_POINT('',(-34.99875715997,-12.3099853,130.));
#3424 = LINE('',#3425,#3426);
#3425 = CARTESIAN_POINT('',(-34.99875715997,-12.3099853,0.));
#3426 = VECTOR('',#3427,1.);
#3427 = DIRECTION('',(0.,0.,1.));
#3428 = ORIENTED_EDGE('',*,*,#3429,.F.);
#3429 = EDGE_CURVE('',#3384,#3422,#3430,.T.);
#3430 = CIRCLE('',#3431,0.20000105);
#3431 = AXIS2_PLACEMENT_3D('',#3432,#3433,#3434);
#3432 = CARTESIAN_POINT('',(-34.99875661,-12.50998635,130.));
#3433 = DIRECTION('',(0.,-0.,1.));
#3434 = DIRECTION('',(1.,0.,0.));
#3435 = ORIENTED_EDGE('',*,*,#3381,.F.);
#3436 = CYLINDRICAL_SURFACE('',#3437,0.20000105);
#3437 = AXIS2_PLACEMENT_3D('',#3438,#3439,#3440);
#3438 = CARTESIAN_POINT('',(-34.99875661,-12.50998635,0.));
#3439 = DIRECTION('',(-0.,0.,-1.));
#3440 = DIRECTION('',(1.,0.,0.));
#3441 = ADVANCED_FACE('',(#3442),#3467,.T.);
#3442 = FACE_BOUND('',#3443,.T.);
#3443 = EDGE_LOOP('',(#3444,#3454,#3460,#3461));
#3444 = ORIENTED_EDGE('',*,*,#3445,.T.);
#3445 = EDGE_CURVE('',#3446,#3448,#3450,.T.);
#3446 = VERTEX_POINT('',#3447);
#3447 = CARTESIAN_POINT('',(-38.14996905,-12.3099853,0.));
#3448 = VERTEX_POINT('',#3449);
#3449 = CARTESIAN_POINT('',(-38.14996905,-12.3099853,130.));
#3450 = LINE('',#3451,#3452);
#3451 = CARTESIAN_POINT('',(-38.14996905,-12.3099853,0.));
#3452 = VECTOR('',#3453,1.);
#3453 = DIRECTION('',(0.,0.,1.));
#3454 = ORIENTED_EDGE('',*,*,#3455,.T.);
#3455 = EDGE_CURVE('',#3448,#3422,#3456,.T.);
#3456 = LINE('',#3457,#3458);
#3457 = CARTESIAN_POINT('',(-38.14996905,-12.3099853,130.));
#3458 = VECTOR('',#3459,1.);
#3459 = DIRECTION('',(1.,0.,0.));
#3460 = ORIENTED_EDGE('',*,*,#3421,.F.);
#3461 = ORIENTED_EDGE('',*,*,#3462,.F.);
#3462 = EDGE_CURVE('',#3446,#3413,#3463,.T.);
#3463 = LINE('',#3464,#3465);
#3464 = CARTESIAN_POINT('',(-38.14996905,-12.3099853,0.));
#3465 = VECTOR('',#3466,1.);
#3466 = DIRECTION('',(1.,0.,0.));
#3467 = PLANE('',#3468);
#3468 = AXIS2_PLACEMENT_3D('',#3469,#3470,#3471);
#3469 = CARTESIAN_POINT('',(-38.14996905,-12.3099853,0.));
#3470 = DIRECTION('',(0.,1.,0.));
#3471 = DIRECTION('',(1.,0.,0.));
#3472 = ADVANCED_FACE('',(#3473),#3498,.T.);
#3473 = FACE_BOUND('',#3474,.T.);
#3474 = EDGE_LOOP('',(#3475,#3485,#3491,#3492));
#3475 = ORIENTED_EDGE('',*,*,#3476,.T.);
#3476 = EDGE_CURVE('',#3477,#3479,#3481,.T.);
#3477 = VERTEX_POINT('',#3478);
#3478 = CARTESIAN_POINT('',(-38.14996905,-10.10998625,0.));
#3479 = VERTEX_POINT('',#3480);
#3480 = CARTESIAN_POINT('',(-38.14996905,-10.10998625,130.));
#3481 = LINE('',#3482,#3483);
#3482 = CARTESIAN_POINT('',(-38.14996905,-10.10998625,0.));
#3483 = VECTOR('',#3484,1.);
#3484 = DIRECTION('',(0.,0.,1.));
#3485 = ORIENTED_EDGE('',*,*,#3486,.T.);
#3486 = EDGE_CURVE('',#3479,#3448,#3487,.T.);
#3487 = LINE('',#3488,#3489);
#3488 = CARTESIAN_POINT('',(-38.14996905,-10.10998625,130.));
#3489 = VECTOR('',#3490,1.);
#3490 = DIRECTION('',(0.,-1.,-0.));
#3491 = ORIENTED_EDGE('',*,*,#3445,.F.);
#3492 = ORIENTED_EDGE('',*,*,#3493,.F.);
#3493 = EDGE_CURVE('',#3477,#3446,#3494,.T.);
#3494 = LINE('',#3495,#3496);
#3495 = CARTESIAN_POINT('',(-38.14996905,-10.10998625,0.));
#3496 = VECTOR('',#3497,1.);
#3497 = DIRECTION('',(0.,-1.,-0.));
#3498 = PLANE('',#3499);
#3499 = AXIS2_PLACEMENT_3D('',#3500,#3501,#3502);
#3500 = CARTESIAN_POINT('',(-38.14996905,-10.10998625,0.));
#3501 = DIRECTION('',(1.,0.,-0.));
#3502 = DIRECTION('',(0.,-1.,0.));
#3503 = ADVANCED_FACE('',(#3504),#3529,.T.);
#3504 = FACE_BOUND('',#3505,.T.);
#3505 = EDGE_LOOP('',(#3506,#3516,#3522,#3523));
#3506 = ORIENTED_EDGE('',*,*,#3507,.T.);
#3507 = EDGE_CURVE('',#3508,#3510,#3512,.T.);
#3508 = VERTEX_POINT('',#3509);
#3509 = CARTESIAN_POINT('',(-35.99996991,-10.10998625,0.));
#3510 = VERTEX_POINT('',#3511);
#3511 = CARTESIAN_POINT('',(-35.99996991,-10.10998625,130.));
#3512 = LINE('',#3513,#3514);
#3513 = CARTESIAN_POINT('',(-35.99996991,-10.10998625,0.));
#3514 = VECTOR('',#3515,1.);
#3515 = DIRECTION('',(0.,0.,1.));
#3516 = ORIENTED_EDGE('',*,*,#3517,.T.);
#3517 = EDGE_CURVE('',#3510,#3479,#3518,.T.);
#3518 = LINE('',#3519,#3520);
#3519 = CARTESIAN_POINT('',(-35.99996991,-10.10998625,130.));
#3520 = VECTOR('',#3521,1.);
#3521 = DIRECTION('',(-1.,0.,0.));
#3522 = ORIENTED_EDGE('',*,*,#3476,.F.);
#3523 = ORIENTED_EDGE('',*,*,#3524,.F.);
#3524 = EDGE_CURVE('',#3508,#3477,#3525,.T.);
#3525 = LINE('',#3526,#3527);
#3526 = CARTESIAN_POINT('',(-35.99996991,-10.10998625,0.));
#3527 = VECTOR('',#3528,1.);
#3528 = DIRECTION('',(-1.,0.,0.));
#3529 = PLANE('',#3530);
#3530 = AXIS2_PLACEMENT_3D('',#3531,#3532,#3533);
#3531 = CARTESIAN_POINT('',(-35.99996991,-10.10998625,0.));
#3532 = DIRECTION('',(0.,-1.,0.));
#3533 = DIRECTION('',(-1.,0.,0.));
#3534 = ADVANCED_FACE('',(#3535),#3560,.T.);
#3535 = FACE_BOUND('',#3536,.T.);
#3536 = EDGE_LOOP('',(#3537,#3547,#3553,#3554));
#3537 = ORIENTED_EDGE('',*,*,#3538,.T.);
#3538 = EDGE_CURVE('',#3539,#3541,#3543,.T.);
#3539 = VERTEX_POINT('',#3540);
#3540 = CARTESIAN_POINT('',(-35.99996991,-8.70998583,0.));
#3541 = VERTEX_POINT('',#3542);
#3542 = CARTESIAN_POINT('',(-35.99996991,-8.70998583,130.));
#3543 = LINE('',#3544,#3545);
#3544 = CARTESIAN_POINT('',(-35.99996991,-8.70998583,0.));
#3545 = VECTOR('',#3546,1.);
#3546 = DIRECTION('',(0.,0.,1.));
#3547 = ORIENTED_EDGE('',*,*,#3548,.T.);
#3548 = EDGE_CURVE('',#3541,#3510,#3549,.T.);
#3549 = LINE('',#3550,#3551);
#3550 = CARTESIAN_POINT('',(-35.99996991,-8.70998583,130.));
#3551 = VECTOR('',#3552,1.);
#3552 = DIRECTION('',(0.,-1.,-0.));
#3553 = ORIENTED_EDGE('',*,*,#3507,.F.);
#3554 = ORIENTED_EDGE('',*,*,#3555,.F.);
#3555 = EDGE_CURVE('',#3539,#3508,#3556,.T.);
#3556 = LINE('',#3557,#3558);
#3557 = CARTESIAN_POINT('',(-35.99996991,-8.70998583,0.));
#3558 = VECTOR('',#3559,1.);
#3559 = DIRECTION('',(0.,-1.,-0.));
#3560 = PLANE('',#3561);
#3561 = AXIS2_PLACEMENT_3D('',#3562,#3563,#3564);
#3562 = CARTESIAN_POINT('',(-35.99996991,-8.70998583,0.));
#3563 = DIRECTION('',(1.,0.,-0.));
#3564 = DIRECTION('',(0.,-1.,0.));
#3565 = ADVANCED_FACE('',(#3566),#3591,.T.);
#3566 = FACE_BOUND('',#3567,.T.);
#3567 = EDGE_LOOP('',(#3568,#3578,#3584,#3585));
#3568 = ORIENTED_EDGE('',*,*,#3569,.T.);
#3569 = EDGE_CURVE('',#3570,#3572,#3574,.T.);
#3570 = VERTEX_POINT('',#3571);
#3571 = CARTESIAN_POINT('',(-38.14996905,-8.70998583,0.));
#3572 = VERTEX_POINT('',#3573);
#3573 = CARTESIAN_POINT('',(-38.14996905,-8.70998583,130.));
#3574 = LINE('',#3575,#3576);
#3575 = CARTESIAN_POINT('',(-38.14996905,-8.70998583,0.));
#3576 = VECTOR('',#3577,1.);
#3577 = DIRECTION('',(0.,0.,1.));
#3578 = ORIENTED_EDGE('',*,*,#3579,.T.);
#3579 = EDGE_CURVE('',#3572,#3541,#3580,.T.);
#3580 = LINE('',#3581,#3582);
#3581 = CARTESIAN_POINT('',(-38.14996905,-8.70998583,130.));
#3582 = VECTOR('',#3583,1.);
#3583 = DIRECTION('',(1.,0.,0.));
#3584 = ORIENTED_EDGE('',*,*,#3538,.F.);
#3585 = ORIENTED_EDGE('',*,*,#3586,.F.);
#3586 = EDGE_CURVE('',#3570,#3539,#3587,.T.);
#3587 = LINE('',#3588,#3589);
#3588 = CARTESIAN_POINT('',(-38.14996905,-8.70998583,0.));
#3589 = VECTOR('',#3590,1.);
#3590 = DIRECTION('',(1.,0.,0.));
#3591 = PLANE('',#3592);
#3592 = AXIS2_PLACEMENT_3D('',#3593,#3594,#3595);
#3593 = CARTESIAN_POINT('',(-38.14996905,-8.70998583,0.));
#3594 = DIRECTION('',(0.,1.,0.));
#3595 = DIRECTION('',(1.,0.,0.));
#3596 = ADVANCED_FACE('',(#3597),#3622,.T.);
#3597 = FACE_BOUND('',#3598,.T.);
#3598 = EDGE_LOOP('',(#3599,#3609,#3615,#3616));
#3599 = ORIENTED_EDGE('',*,*,#3600,.T.);
#3600 = EDGE_CURVE('',#3601,#3603,#3605,.T.);
#3601 = VERTEX_POINT('',#3602);
#3602 = CARTESIAN_POINT('',(-38.14996905,-6.50998584,0.));
#3603 = VERTEX_POINT('',#3604);
#3604 = CARTESIAN_POINT('',(-38.14996905,-6.50998584,130.));
#3605 = LINE('',#3606,#3607);
#3606 = CARTESIAN_POINT('',(-38.14996905,-6.50998584,0.));
#3607 = VECTOR('',#3608,1.);
#3608 = DIRECTION('',(0.,0.,1.));
#3609 = ORIENTED_EDGE('',*,*,#3610,.T.);
#3610 = EDGE_CURVE('',#3603,#3572,#3611,.T.);
#3611 = LINE('',#3612,#3613);
#3612 = CARTESIAN_POINT('',(-38.14996905,-6.50998584,130.));
#3613 = VECTOR('',#3614,1.);
#3614 = DIRECTION('',(0.,-1.,-0.));
#3615 = ORIENTED_EDGE('',*,*,#3569,.F.);
#3616 = ORIENTED_EDGE('',*,*,#3617,.F.);
#3617 = EDGE_CURVE('',#3601,#3570,#3618,.T.);
#3618 = LINE('',#3619,#3620);
#3619 = CARTESIAN_POINT('',(-38.14996905,-6.50998584,0.));
#3620 = VECTOR('',#3621,1.);
#3621 = DIRECTION('',(0.,-1.,-0.));
#3622 = PLANE('',#3623);
#3623 = AXIS2_PLACEMENT_3D('',#3624,#3625,#3626);
#3624 = CARTESIAN_POINT('',(-38.14996905,-6.50998584,0.));
#3625 = DIRECTION('',(1.,0.,-0.));
#3626 = DIRECTION('',(0.,-1.,0.));
#3627 = ADVANCED_FACE('',(#3628),#3653,.T.);
#3628 = FACE_BOUND('',#3629,.T.);
#3629 = EDGE_LOOP('',(#3630,#3640,#3646,#3647));
#3630 = ORIENTED_EDGE('',*,*,#3631,.T.);
#3631 = EDGE_CURVE('',#3632,#3634,#3636,.T.);
#3632 = VERTEX_POINT('',#3633);
#3633 = CARTESIAN_POINT('',(-35.99996991,-6.50998584,0.));
#3634 = VERTEX_POINT('',#3635);
#3635 = CARTESIAN_POINT('',(-35.99996991,-6.50998584,130.));
#3636 = LINE('',#3637,#3638);
#3637 = CARTESIAN_POINT('',(-35.99996991,-6.50998584,0.));
#3638 = VECTOR('',#3639,1.);
#3639 = DIRECTION('',(0.,0.,1.));
#3640 = ORIENTED_EDGE('',*,*,#3641,.T.);
#3641 = EDGE_CURVE('',#3634,#3603,#3642,.T.);
#3642 = LINE('',#3643,#3644);
#3643 = CARTESIAN_POINT('',(-35.99996991,-6.50998584,130.));
#3644 = VECTOR('',#3645,1.);
#3645 = DIRECTION('',(-1.,0.,0.));
#3646 = ORIENTED_EDGE('',*,*,#3600,.F.);
#3647 = ORIENTED_EDGE('',*,*,#3648,.F.);
#3648 = EDGE_CURVE('',#3632,#3601,#3649,.T.);
#3649 = LINE('',#3650,#3651);
#3650 = CARTESIAN_POINT('',(-35.99996991,-6.50998584,0.));
#3651 = VECTOR('',#3652,1.);
#3652 = DIRECTION('',(-1.,0.,0.));
#3653 = PLANE('',#3654);
#3654 = AXIS2_PLACEMENT_3D('',#3655,#3656,#3657);
#3655 = CARTESIAN_POINT('',(-35.99996991,-6.50998584,0.));
#3656 = DIRECTION('',(0.,-1.,0.));
#3657 = DIRECTION('',(-1.,0.,0.));
#3658 = ADVANCED_FACE('',(#3659),#3684,.T.);
#3659 = FACE_BOUND('',#3660,.T.);
#3660 = EDGE_LOOP('',(#3661,#3671,#3677,#3678));
#3661 = ORIENTED_EDGE('',*,*,#3662,.T.);
#3662 = EDGE_CURVE('',#3663,#3665,#3667,.T.);
#3663 = VERTEX_POINT('',#3664);
#3664 = CARTESIAN_POINT('',(-35.99996991,-5.10998636,0.));
#3665 = VERTEX_POINT('',#3666);
#3666 = CARTESIAN_POINT('',(-35.99996991,-5.10998636,130.));
#3667 = LINE('',#3668,#3669);
#3668 = CARTESIAN_POINT('',(-35.99996991,-5.10998636,0.));
#3669 = VECTOR('',#3670,1.);
#3670 = DIRECTION('',(0.,0.,1.));
#3671 = ORIENTED_EDGE('',*,*,#3672,.T.);
#3672 = EDGE_CURVE('',#3665,#3634,#3673,.T.);
#3673 = LINE('',#3674,#3675);
#3674 = CARTESIAN_POINT('',(-35.99996991,-5.10998636,130.));
#3675 = VECTOR('',#3676,1.);
#3676 = DIRECTION('',(0.,-1.,-0.));
#3677 = ORIENTED_EDGE('',*,*,#3631,.F.);
#3678 = ORIENTED_EDGE('',*,*,#3679,.F.);
#3679 = EDGE_CURVE('',#3663,#3632,#3680,.T.);
#3680 = LINE('',#3681,#3682);
#3681 = CARTESIAN_POINT('',(-35.99996991,-5.10998636,0.));
#3682 = VECTOR('',#3683,1.);
#3683 = DIRECTION('',(0.,-1.,-0.));
#3684 = PLANE('',#3685);
#3685 = AXIS2_PLACEMENT_3D('',#3686,#3687,#3688);
#3686 = CARTESIAN_POINT('',(-35.99996991,-5.10998636,0.));
#3687 = DIRECTION('',(1.,0.,-0.));
#3688 = DIRECTION('',(0.,-1.,0.));
#3689 = ADVANCED_FACE('',(#3690),#3715,.T.);
#3690 = FACE_BOUND('',#3691,.T.);
#3691 = EDGE_LOOP('',(#3692,#3702,#3708,#3709));
#3692 = ORIENTED_EDGE('',*,*,#3693,.T.);
#3693 = EDGE_CURVE('',#3694,#3696,#3698,.T.);
#3694 = VERTEX_POINT('',#3695);
#3695 = CARTESIAN_POINT('',(-38.14996905,-5.10998636,0.));
#3696 = VERTEX_POINT('',#3697);
#3697 = CARTESIAN_POINT('',(-38.14996905,-5.10998636,130.));
#3698 = LINE('',#3699,#3700);
#3699 = CARTESIAN_POINT('',(-38.14996905,-5.10998636,0.));
#3700 = VECTOR('',#3701,1.);
#3701 = DIRECTION('',(0.,0.,1.));
#3702 = ORIENTED_EDGE('',*,*,#3703,.T.);
#3703 = EDGE_CURVE('',#3696,#3665,#3704,.T.);
#3704 = LINE('',#3705,#3706);
#3705 = CARTESIAN_POINT('',(-38.14996905,-5.10998636,130.));
#3706 = VECTOR('',#3707,1.);
#3707 = DIRECTION('',(1.,0.,0.));
#3708 = ORIENTED_EDGE('',*,*,#3662,.F.);
#3709 = ORIENTED_EDGE('',*,*,#3710,.F.);
#3710 = EDGE_CURVE('',#3694,#3663,#3711,.T.);
#3711 = LINE('',#3712,#3713);
#3712 = CARTESIAN_POINT('',(-38.14996905,-5.10998636,0.));
#3713 = VECTOR('',#3714,1.);
#3714 = DIRECTION('',(1.,0.,0.));
#3715 = PLANE('',#3716);
#3716 = AXIS2_PLACEMENT_3D('',#3717,#3718,#3719);
#3717 = CARTESIAN_POINT('',(-38.14996905,-5.10998636,0.));
#3718 = DIRECTION('',(0.,1.,0.));
#3719 = DIRECTION('',(1.,0.,0.));
#3720 = ADVANCED_FACE('',(#3721),#3746,.T.);
#3721 = FACE_BOUND('',#3722,.T.);
#3722 = EDGE_LOOP('',(#3723,#3733,#3739,#3740));
#3723 = ORIENTED_EDGE('',*,*,#3724,.T.);
#3724 = EDGE_CURVE('',#3725,#3727,#3729,.T.);
#3725 = VERTEX_POINT('',#3726);
#3726 = CARTESIAN_POINT('',(-38.14997066034,-2.709986087079,0.));
#3727 = VERTEX_POINT('',#3728);
#3728 = CARTESIAN_POINT('',(-38.14997066034,-2.709986087079,130.));
#3729 = LINE('',#3730,#3731);
#3730 = CARTESIAN_POINT('',(-38.14997066034,-2.709986087079,0.));
#3731 = VECTOR('',#3732,1.);
#3732 = DIRECTION('',(0.,0.,1.));
#3733 = ORIENTED_EDGE('',*,*,#3734,.T.);
#3734 = EDGE_CURVE('',#3727,#3696,#3735,.T.);
#3735 = LINE('',#3736,#3737);
#3736 = CARTESIAN_POINT('',(-38.14997066,-2.70998609,130.));
#3737 = VECTOR('',#3738,1.);
#3738 = DIRECTION('',(6.708332571179E-07,-1.,-0.));
#3739 = ORIENTED_EDGE('',*,*,#3693,.F.);
#3740 = ORIENTED_EDGE('',*,*,#3741,.F.);
#3741 = EDGE_CURVE('',#3725,#3694,#3742,.T.);
#3742 = LINE('',#3743,#3744);
#3743 = CARTESIAN_POINT('',(-38.14997066,-2.70998609,0.));
#3744 = VECTOR('',#3745,1.);
#3745 = DIRECTION('',(6.708332571179E-07,-1.,-0.));
#3746 = PLANE('',#3747);
#3747 = AXIS2_PLACEMENT_3D('',#3748,#3749,#3750);
#3748 = CARTESIAN_POINT('',(-38.14997066,-2.70998609,0.));
#3749 = DIRECTION('',(1.,6.708332571179E-07,-0.));
#3750 = DIRECTION('',(6.708332571179E-07,-1.,0.));
#3751 = ADVANCED_FACE('',(#3752),#3779,.T.);
#3752 = FACE_BOUND('',#3753,.T.);
#3753 = EDGE_LOOP('',(#3754,#3763,#3771,#3778));
#3754 = ORIENTED_EDGE('',*,*,#3755,.T.);
#3755 = EDGE_CURVE('',#3725,#3756,#3758,.T.);
#3756 = VERTEX_POINT('',#3757);
#3757 = CARTESIAN_POINT('',(-36.29997126,-0.715619018906,0.));
#3758 = CIRCLE('',#3759,1.9999997);
#3759 = AXIS2_PLACEMENT_3D('',#3760,#3761,#3762);
#3760 = CARTESIAN_POINT('',(-38.29997096,-0.71561934,0.));
#3761 = DIRECTION('',(0.,-0.,1.));
#3762 = DIRECTION('',(1.,0.,0.));
#3763 = ORIENTED_EDGE('',*,*,#3764,.T.);
#3764 = EDGE_CURVE('',#3756,#3765,#3767,.T.);
#3765 = VERTEX_POINT('',#3766);
#3766 = CARTESIAN_POINT('',(-36.29997126,-0.715619018906,130.));
#3767 = LINE('',#3768,#3769);
#3768 = CARTESIAN_POINT('',(-36.29997126,-0.715619018906,0.));
#3769 = VECTOR('',#3770,1.);
#3770 = DIRECTION('',(0.,0.,1.));
#3771 = ORIENTED_EDGE('',*,*,#3772,.F.);
#3772 = EDGE_CURVE('',#3727,#3765,#3773,.T.);
#3773 = CIRCLE('',#3774,1.9999997);
#3774 = AXIS2_PLACEMENT_3D('',#3775,#3776,#3777);
#3775 = CARTESIAN_POINT('',(-38.29997096,-0.71561934,130.));
#3776 = DIRECTION('',(0.,-0.,1.));
#3777 = DIRECTION('',(1.,0.,0.));
#3778 = ORIENTED_EDGE('',*,*,#3724,.F.);
#3779 = CYLINDRICAL_SURFACE('',#3780,1.9999997);
#3780 = AXIS2_PLACEMENT_3D('',#3781,#3782,#3783);
#3781 = CARTESIAN_POINT('',(-38.29997096,-0.71561934,0.));
#3782 = DIRECTION('',(-0.,0.,-1.));
#3783 = DIRECTION('',(1.,0.,0.));
#3784 = ADVANCED_FACE('',(#3785),#3810,.T.);
#3785 = FACE_BOUND('',#3786,.T.);
#3786 = EDGE_LOOP('',(#3787,#3797,#3803,#3804));
#3787 = ORIENTED_EDGE('',*,*,#3788,.T.);
#3788 = EDGE_CURVE('',#3789,#3791,#3793,.T.);
#3789 = VERTEX_POINT('',#3790);
#3790 = CARTESIAN_POINT('',(-36.29997126,-9.98617E-03,0.));
#3791 = VERTEX_POINT('',#3792);
#3792 = CARTESIAN_POINT('',(-36.29997126,-9.98617E-03,130.));
#3793 = LINE('',#3794,#3795);
#3794 = CARTESIAN_POINT('',(-36.29997126,-9.98617E-03,0.));
#3795 = VECTOR('',#3796,1.);
#3796 = DIRECTION('',(0.,0.,1.));
#3797 = ORIENTED_EDGE('',*,*,#3798,.T.);
#3798 = EDGE_CURVE('',#3791,#3765,#3799,.T.);
#3799 = LINE('',#3800,#3801);
#3800 = CARTESIAN_POINT('',(-36.29997126,-9.98617E-03,130.));
#3801 = VECTOR('',#3802,1.);
#3802 = DIRECTION('',(0.,-1.,-0.));
#3803 = ORIENTED_EDGE('',*,*,#3764,.F.);
#3804 = ORIENTED_EDGE('',*,*,#3805,.F.);
#3805 = EDGE_CURVE('',#3789,#3756,#3806,.T.);
#3806 = LINE('',#3807,#3808);
#3807 = CARTESIAN_POINT('',(-36.29997126,-9.98617E-03,0.));
#3808 = VECTOR('',#3809,1.);
#3809 = DIRECTION('',(0.,-1.,-0.));
#3810 = PLANE('',#3811);
#3811 = AXIS2_PLACEMENT_3D('',#3812,#3813,#3814);
#3812 = CARTESIAN_POINT('',(-36.29997126,-9.98617E-03,0.));
#3813 = DIRECTION('',(1.,0.,-0.));
#3814 = DIRECTION('',(0.,-1.,0.));
#3815 = ADVANCED_FACE('',(#3816),#3841,.T.);
#3816 = FACE_BOUND('',#3817,.T.);
#3817 = EDGE_LOOP('',(#3818,#3828,#3834,#3835));
#3818 = ORIENTED_EDGE('',*,*,#3819,.T.);
#3819 = EDGE_CURVE('',#3820,#3822,#3824,.T.);
#3820 = VERTEX_POINT('',#3821);
#3821 = CARTESIAN_POINT('',(-37.49996922,-9.98617E-03,0.));
#3822 = VERTEX_POINT('',#3823);
#3823 = CARTESIAN_POINT('',(-37.49996922,-9.98617E-03,130.));
#3824 = LINE('',#3825,#3826);
#3825 = CARTESIAN_POINT('',(-37.49996922,-9.98617E-03,0.));
#3826 = VECTOR('',#3827,1.);
#3827 = DIRECTION('',(0.,0.,1.));
#3828 = ORIENTED_EDGE('',*,*,#3829,.T.);
#3829 = EDGE_CURVE('',#3822,#3791,#3830,.T.);
#3830 = LINE('',#3831,#3832);
#3831 = CARTESIAN_POINT('',(-37.49996922,-9.98617E-03,130.));
#3832 = VECTOR('',#3833,1.);
#3833 = DIRECTION('',(1.,0.,0.));
#3834 = ORIENTED_EDGE('',*,*,#3788,.F.);
#3835 = ORIENTED_EDGE('',*,*,#3836,.F.);
#3836 = EDGE_CURVE('',#3820,#3789,#3837,.T.);
#3837 = LINE('',#3838,#3839);
#3838 = CARTESIAN_POINT('',(-37.49996922,-9.98617E-03,0.));
#3839 = VECTOR('',#3840,1.);
#3840 = DIRECTION('',(1.,0.,0.));
#3841 = PLANE('',#3842);
#3842 = AXIS2_PLACEMENT_3D('',#3843,#3844,#3845);
#3843 = CARTESIAN_POINT('',(-37.49996922,-9.98617E-03,0.));
#3844 = DIRECTION('',(0.,1.,0.));
#3845 = DIRECTION('',(1.,0.,0.));
#3846 = ADVANCED_FACE('',(#3847),#3872,.T.);
#3847 = FACE_BOUND('',#3848,.T.);
#3848 = EDGE_LOOP('',(#3849,#3859,#3865,#3866));
#3849 = ORIENTED_EDGE('',*,*,#3850,.T.);
#3850 = EDGE_CURVE('',#3851,#3853,#3855,.T.);
#3851 = VERTEX_POINT('',#3852);
#3852 = CARTESIAN_POINT('',(-37.49997066,-0.709986090875,0.));
#3853 = VERTEX_POINT('',#3854);
#3854 = CARTESIAN_POINT('',(-37.49997066,-0.709986090875,130.));
#3855 = LINE('',#3856,#3857);
#3856 = CARTESIAN_POINT('',(-37.49997066,-0.709986090875,0.));
#3857 = VECTOR('',#3858,1.);
#3858 = DIRECTION('',(0.,0.,1.));
#3859 = ORIENTED_EDGE('',*,*,#3860,.T.);
#3860 = EDGE_CURVE('',#3853,#3822,#3861,.T.);
#3861 = LINE('',#3862,#3863);
#3862 = CARTESIAN_POINT('',(-37.49997066,-0.70998609,130.));
#3863 = VECTOR('',#3864,1.);
#3864 = DIRECTION('',(2.05714310004E-06,0.999999999998,0.));
#3865 = ORIENTED_EDGE('',*,*,#3819,.F.);
#3866 = ORIENTED_EDGE('',*,*,#3867,.F.);
#3867 = EDGE_CURVE('',#3851,#3820,#3868,.T.);
#3868 = LINE('',#3869,#3870);
#3869 = CARTESIAN_POINT('',(-37.49997066,-0.70998609,0.));
#3870 = VECTOR('',#3871,1.);
#3871 = DIRECTION('',(2.05714310004E-06,0.999999999998,0.));
#3872 = PLANE('',#3873);
#3873 = AXIS2_PLACEMENT_3D('',#3874,#3875,#3876);
#3874 = CARTESIAN_POINT('',(-37.49997066,-0.70998609,0.));
#3875 = DIRECTION('',(-0.999999999998,2.05714310004E-06,0.));
#3876 = DIRECTION('',(2.05714310004E-06,0.999999999998,0.));
#3877 = ADVANCED_FACE('',(#3878),#3905,.F.);
#3878 = FACE_BOUND('',#3879,.F.);
#3879 = EDGE_LOOP('',(#3880,#3889,#3890,#3899));
#3880 = ORIENTED_EDGE('',*,*,#3881,.T.);
#3881 = EDGE_CURVE('',#3882,#3851,#3884,.T.);
#3882 = VERTEX_POINT('',#3883);
#3883 = CARTESIAN_POINT('',(-37.99997023587,-1.209986,0.));
#3884 = CIRCLE('',#3885,0.49999974);
#3885 = AXIS2_PLACEMENT_3D('',#3886,#3887,#3888);
#3886 = CARTESIAN_POINT('',(-37.9999704,-0.70998626,0.));
#3887 = DIRECTION('',(0.,-0.,1.));
#3888 = DIRECTION('',(1.,0.,0.));
#3889 = ORIENTED_EDGE('',*,*,#3850,.T.);
#3890 = ORIENTED_EDGE('',*,*,#3891,.F.);
#3891 = EDGE_CURVE('',#3892,#3853,#3894,.T.);
#3892 = VERTEX_POINT('',#3893);
#3893 = CARTESIAN_POINT('',(-37.99997023587,-1.209986,130.));
#3894 = CIRCLE('',#3895,0.49999974);
#3895 = AXIS2_PLACEMENT_3D('',#3896,#3897,#3898);
#3896 = CARTESIAN_POINT('',(-37.9999704,-0.70998626,130.));
#3897 = DIRECTION('',(0.,-0.,1.));
#3898 = DIRECTION('',(1.,0.,0.));
#3899 = ORIENTED_EDGE('',*,*,#3900,.F.);
#3900 = EDGE_CURVE('',#3882,#3892,#3901,.T.);
#3901 = LINE('',#3902,#3903);
#3902 = CARTESIAN_POINT('',(-37.99997023587,-1.209986,0.));
#3903 = VECTOR('',#3904,1.);
#3904 = DIRECTION('',(0.,0.,1.));
#3905 = CYLINDRICAL_SURFACE('',#3906,0.49999974);
#3906 = AXIS2_PLACEMENT_3D('',#3907,#3908,#3909);
#3907 = CARTESIAN_POINT('',(-37.9999704,-0.70998626,0.));
#3908 = DIRECTION('',(-0.,0.,-1.));
#3909 = DIRECTION('',(1.,0.,0.));
#3910 = ADVANCED_FACE('',(#3911),#3936,.T.);
#3911 = FACE_BOUND('',#3912,.T.);
#3912 = EDGE_LOOP('',(#3913,#3923,#3929,#3930));
#3913 = ORIENTED_EDGE('',*,*,#3914,.T.);
#3914 = EDGE_CURVE('',#3915,#3917,#3919,.T.);
#3915 = VERTEX_POINT('',#3916);
#3916 = CARTESIAN_POINT('',(-38.29997065991,-1.20998609,0.));
#3917 = VERTEX_POINT('',#3918);
#3918 = CARTESIAN_POINT('',(-38.29997065991,-1.20998609,130.));
#3919 = LINE('',#3920,#3921);
#3920 = CARTESIAN_POINT('',(-38.29997065991,-1.20998609,0.));
#3921 = VECTOR('',#3922,1.);
#3922 = DIRECTION('',(0.,0.,1.));
#3923 = ORIENTED_EDGE('',*,*,#3924,.T.);
#3924 = EDGE_CURVE('',#3917,#3892,#3925,.T.);
#3925 = LINE('',#3926,#3927);
#3926 = CARTESIAN_POINT('',(-38.29997066,-1.20998609,130.));
#3927 = VECTOR('',#3928,1.);
#3928 = DIRECTION('',(1.,2.999995796576E-07,0.));
#3929 = ORIENTED_EDGE('',*,*,#3900,.F.);
#3930 = ORIENTED_EDGE('',*,*,#3931,.F.);
#3931 = EDGE_CURVE('',#3915,#3882,#3932,.T.);
#3932 = LINE('',#3933,#3934);
#3933 = CARTESIAN_POINT('',(-38.29997066,-1.20998609,0.));
#3934 = VECTOR('',#3935,1.);
#3935 = DIRECTION('',(1.,2.999995796576E-07,0.));
#3936 = PLANE('',#3937);
#3937 = AXIS2_PLACEMENT_3D('',#3938,#3939,#3940);
#3938 = CARTESIAN_POINT('',(-38.29997066,-1.20998609,0.));
#3939 = DIRECTION('',(-2.999995796576E-07,1.,0.));
#3940 = DIRECTION('',(1.,2.999995796576E-07,0.));
#3941 = ADVANCED_FACE('',(#3942),#3969,.F.);
#3942 = FACE_BOUND('',#3943,.F.);
#3943 = EDGE_LOOP('',(#3944,#3953,#3954,#3963));
#3944 = ORIENTED_EDGE('',*,*,#3945,.T.);
#3945 = EDGE_CURVE('',#3946,#3915,#3948,.T.);
#3946 = VERTEX_POINT('',#3947);
#3947 = CARTESIAN_POINT('',(-38.799968875,-0.709985920087,0.));
#3948 = CIRCLE('',#3949,0.49999919);
#3949 = AXIS2_PLACEMENT_3D('',#3950,#3951,#3952);
#3950 = CARTESIAN_POINT('',(-38.29996968,-0.7099869,0.));
#3951 = DIRECTION('',(0.,-0.,1.));
#3952 = DIRECTION('',(1.,0.,0.));
#3953 = ORIENTED_EDGE('',*,*,#3914,.T.);
#3954 = ORIENTED_EDGE('',*,*,#3955,.F.);
#3955 = EDGE_CURVE('',#3956,#3917,#3958,.T.);
#3956 = VERTEX_POINT('',#3957);
#3957 = CARTESIAN_POINT('',(-38.799968875,-0.709985920087,130.));
#3958 = CIRCLE('',#3959,0.49999919);
#3959 = AXIS2_PLACEMENT_3D('',#3960,#3961,#3962);
#3960 = CARTESIAN_POINT('',(-38.29996968,-0.7099869,130.));
#3961 = DIRECTION('',(0.,-0.,1.));
#3962 = DIRECTION('',(1.,0.,0.));
#3963 = ORIENTED_EDGE('',*,*,#3964,.F.);
#3964 = EDGE_CURVE('',#3946,#3956,#3965,.T.);
#3965 = LINE('',#3966,#3967);
#3966 = CARTESIAN_POINT('',(-38.799968875,-0.709985920087,0.));
#3967 = VECTOR('',#3968,1.);
#3968 = DIRECTION('',(0.,0.,1.));
#3969 = CYLINDRICAL_SURFACE('',#3970,0.49999919);
#3970 = AXIS2_PLACEMENT_3D('',#3971,#3972,#3973);
#3971 = CARTESIAN_POINT('',(-38.29996968,-0.7099869,0.));
#3972 = DIRECTION('',(-0.,0.,-1.));
#3973 = DIRECTION('',(1.,0.,0.));
#3974 = ADVANCED_FACE('',(#3975),#4000,.T.);
#3975 = FACE_BOUND('',#3976,.T.);
#3976 = EDGE_LOOP('',(#3977,#3987,#3993,#3994));
#3977 = ORIENTED_EDGE('',*,*,#3978,.T.);
#3978 = EDGE_CURVE('',#3979,#3981,#3983,.T.);
#3979 = VERTEX_POINT('',#3980);
#3980 = CARTESIAN_POINT('',(-38.79996888,-9.98617E-03,0.));
#3981 = VERTEX_POINT('',#3982);
#3982 = CARTESIAN_POINT('',(-38.79996888,-9.98617E-03,130.));
#3983 = LINE('',#3984,#3985);
#3984 = CARTESIAN_POINT('',(-38.79996888,-9.98617E-03,0.));
#3985 = VECTOR('',#3986,1.);
#3986 = DIRECTION('',(0.,0.,1.));
#3987 = ORIENTED_EDGE('',*,*,#3988,.T.);
#3988 = EDGE_CURVE('',#3981,#3956,#3989,.T.);
#3989 = LINE('',#3990,#3991);
#3990 = CARTESIAN_POINT('',(-38.79996888,-9.98617E-03,130.));
#3991 = VECTOR('',#3992,1.);
#3992 = DIRECTION('',(0.,-1.,-0.));
#3993 = ORIENTED_EDGE('',*,*,#3964,.F.);
#3994 = ORIENTED_EDGE('',*,*,#3995,.F.);
#3995 = EDGE_CURVE('',#3979,#3946,#3996,.T.);
#3996 = LINE('',#3997,#3998);
#3997 = CARTESIAN_POINT('',(-38.79996888,-9.98617E-03,0.));
#3998 = VECTOR('',#3999,1.);
#3999 = DIRECTION('',(0.,-1.,-0.));
#4000 = PLANE('',#4001);
#4001 = AXIS2_PLACEMENT_3D('',#4002,#4003,#4004);
#4002 = CARTESIAN_POINT('',(-38.79996888,-9.98617E-03,0.));
#4003 = DIRECTION('',(1.,0.,-0.));
#4004 = DIRECTION('',(0.,-1.,0.));
#4005 = ADVANCED_FACE('',(#4006),#4031,.T.);
#4006 = FACE_BOUND('',#4007,.T.);
#4007 = EDGE_LOOP('',(#4008,#4018,#4024,#4025));
#4008 = ORIENTED_EDGE('',*,*,#4009,.T.);
#4009 = EDGE_CURVE('',#4010,#4012,#4014,.T.);
#4010 = VERTEX_POINT('',#4011);
#4011 = CARTESIAN_POINT('',(-39.99997056,-9.98617E-03,0.));
#4012 = VERTEX_POINT('',#4013);
#4013 = CARTESIAN_POINT('',(-39.99997056,-9.98617E-03,130.));
#4014 = LINE('',#4015,#4016);
#4015 = CARTESIAN_POINT('',(-39.99997056,-9.98617E-03,0.));
#4016 = VECTOR('',#4017,1.);
#4017 = DIRECTION('',(0.,0.,1.));
#4018 = ORIENTED_EDGE('',*,*,#4019,.T.);
#4019 = EDGE_CURVE('',#4012,#3981,#4020,.T.);
#4020 = LINE('',#4021,#4022);
#4021 = CARTESIAN_POINT('',(-39.99997056,-9.98617E-03,130.));
#4022 = VECTOR('',#4023,1.);
#4023 = DIRECTION('',(1.,0.,0.));
#4024 = ORIENTED_EDGE('',*,*,#3978,.F.);
#4025 = ORIENTED_EDGE('',*,*,#4026,.F.);
#4026 = EDGE_CURVE('',#4010,#3979,#4027,.T.);
#4027 = LINE('',#4028,#4029);
#4028 = CARTESIAN_POINT('',(-39.99997056,-9.98617E-03,0.));
#4029 = VECTOR('',#4030,1.);
#4030 = DIRECTION('',(1.,0.,0.));
#4031 = PLANE('',#4032);
#4032 = AXIS2_PLACEMENT_3D('',#4033,#4034,#4035);
#4033 = CARTESIAN_POINT('',(-39.99997056,-9.98617E-03,0.));
#4034 = DIRECTION('',(0.,1.,0.));
#4035 = DIRECTION('',(1.,0.,0.));
#4036 = ADVANCED_FACE('',(#4037),#4062,.T.);
#4037 = FACE_BOUND('',#4038,.T.);
#4038 = EDGE_LOOP('',(#4039,#4049,#4055,#4056));
#4039 = ORIENTED_EDGE('',*,*,#4040,.T.);
#4040 = EDGE_CURVE('',#4041,#4043,#4045,.T.);
#4041 = VERTEX_POINT('',#4042);
#4042 = CARTESIAN_POINT('',(-39.99997056449,-12.0098589478,0.));
#4043 = VERTEX_POINT('',#4044);
#4044 = CARTESIAN_POINT('',(-39.99997056449,-12.0098589478,130.));
#4045 = LINE('',#4046,#4047);
#4046 = CARTESIAN_POINT('',(-39.99997056449,-12.0098589478,0.));
#4047 = VECTOR('',#4048,1.);
#4048 = DIRECTION('',(0.,0.,1.));
#4049 = ORIENTED_EDGE('',*,*,#4050,.T.);
#4050 = EDGE_CURVE('',#4043,#4012,#4051,.T.);
#4051 = LINE('',#4052,#4053);
#4052 = CARTESIAN_POINT('',(-39.99997056,-12.00985895,130.));
#4053 = VECTOR('',#4054,1.);
#4054 = DIRECTION('',(0.,1.,0.));
#4055 = ORIENTED_EDGE('',*,*,#4009,.F.);
#4056 = ORIENTED_EDGE('',*,*,#4057,.F.);
#4057 = EDGE_CURVE('',#4041,#4010,#4058,.T.);
#4058 = LINE('',#4059,#4060);
#4059 = CARTESIAN_POINT('',(-39.99997056,-12.00985895,0.));
#4060 = VECTOR('',#4061,1.);
#4061 = DIRECTION('',(0.,1.,0.));
#4062 = PLANE('',#4063);
#4063 = AXIS2_PLACEMENT_3D('',#4064,#4065,#4066);
#4064 = CARTESIAN_POINT('',(-39.99997056,-12.00985895,0.));
#4065 = DIRECTION('',(-1.,0.,0.));
#4066 = DIRECTION('',(0.,1.,0.));
#4067 = ADVANCED_FACE('',(#4068),#4095,.T.);
#4068 = FACE_BOUND('',#4069,.T.);
#4069 = EDGE_LOOP('',(#4070,#4079,#4087,#4094));
#4070 = ORIENTED_EDGE('',*,*,#4071,.T.);
#4071 = EDGE_CURVE('',#4041,#4072,#4074,.T.);
#4072 = VERTEX_POINT('',#4073);
#4073 = CARTESIAN_POINT('',(-31.9998411103,-20.00998608947,0.));
#4074 = CIRCLE('',#4075,8.00000009);
#4075 = AXIS2_PLACEMENT_3D('',#4076,#4077,#4078);
#4076 = CARTESIAN_POINT('',(-31.99997048,-12.009986,0.));
#4077 = DIRECTION('',(0.,-0.,1.));
#4078 = DIRECTION('',(1.,0.,0.));
#4079 = ORIENTED_EDGE('',*,*,#4080,.T.);
#4080 = EDGE_CURVE('',#4072,#4081,#4083,.T.);
#4081 = VERTEX_POINT('',#4082);
#4082 = CARTESIAN_POINT('',(-31.9998411103,-20.00998608947,130.));
#4083 = LINE('',#4084,#4085);
#4084 = CARTESIAN_POINT('',(-31.9998411103,-20.00998608947,0.));
#4085 = VECTOR('',#4086,1.);
#4086 = DIRECTION('',(0.,0.,1.));
#4087 = ORIENTED_EDGE('',*,*,#4088,.F.);
#4088 = EDGE_CURVE('',#4043,#4081,#4089,.T.);
#4089 = CIRCLE('',#4090,8.00000009);
#4090 = AXIS2_PLACEMENT_3D('',#4091,#4092,#4093);
#4091 = CARTESIAN_POINT('',(-31.99997048,-12.009986,130.));
#4092 = DIRECTION('',(0.,-0.,1.));
#4093 = DIRECTION('',(1.,0.,0.));
#4094 = ORIENTED_EDGE('',*,*,#4040,.F.);
#4095 = CYLINDRICAL_SURFACE('',#4096,8.00000009);
#4096 = AXIS2_PLACEMENT_3D('',#4097,#4098,#4099);
#4097 = CARTESIAN_POINT('',(-31.99997048,-12.009986,0.));
#4098 = DIRECTION('',(-0.,0.,-1.));
#4099 = DIRECTION('',(1.,0.,0.));
#4100 = ADVANCED_FACE('',(#4101),#4126,.T.);
#4101 = FACE_BOUND('',#4102,.T.);
#4102 = EDGE_LOOP('',(#4103,#4113,#4119,#4120));
#4103 = ORIENTED_EDGE('',*,*,#4104,.T.);
#4104 = EDGE_CURVE('',#4105,#4107,#4109,.T.);
#4105 = VERTEX_POINT('',#4106);
#4106 = CARTESIAN_POINT('',(-29.30005536981,-20.00998524905,0.));
#4107 = VERTEX_POINT('',#4108);
#4108 = CARTESIAN_POINT('',(-29.30005536981,-20.00998524905,130.));
#4109 = LINE('',#4110,#4111);
#4110 = CARTESIAN_POINT('',(-29.30005536981,-20.00998524905,0.));
#4111 = VECTOR('',#4112,1.);
#4112 = DIRECTION('',(0.,0.,1.));
#4113 = ORIENTED_EDGE('',*,*,#4114,.T.);
#4114 = EDGE_CURVE('',#4107,#4081,#4115,.T.);
#4115 = LINE('',#4116,#4117);
#4116 = CARTESIAN_POINT('',(-29.30005537,-20.00998525,130.));
#4117 = VECTOR('',#4118,1.);
#4118 = DIRECTION('',(-1.,-3.111358022064E-07,0.));
#4119 = ORIENTED_EDGE('',*,*,#4080,.F.);
#4120 = ORIENTED_EDGE('',*,*,#4121,.F.);
#4121 = EDGE_CURVE('',#4105,#4072,#4122,.T.);
#4122 = LINE('',#4123,#4124);
#4123 = CARTESIAN_POINT('',(-29.30005537,-20.00998525,0.));
#4124 = VECTOR('',#4125,1.);
#4125 = DIRECTION('',(-1.,-3.111358022064E-07,0.));
#4126 = PLANE('',#4127);
#4127 = AXIS2_PLACEMENT_3D('',#4128,#4129,#4130);
#4128 = CARTESIAN_POINT('',(-29.30005537,-20.00998525,0.));
#4129 = DIRECTION('',(3.111358022064E-07,-1.,0.));
#4130 = DIRECTION('',(-1.,-3.111358022064E-07,0.));
#4131 = ADVANCED_FACE('',(#4132),#4159,.T.);
#4132 = FACE_BOUND('',#4133,.T.);
#4133 = EDGE_LOOP('',(#4134,#4143,#4151,#4158));
#4134 = ORIENTED_EDGE('',*,*,#4135,.T.);
#4135 = EDGE_CURVE('',#4105,#4136,#4138,.T.);
#4136 = VERTEX_POINT('',#4137);
#4137 = CARTESIAN_POINT('',(-28.99997067093,-19.70990059908,0.));
#4138 = CIRCLE('',#4139,0.30000024);
#4139 = AXIS2_PLACEMENT_3D('',#4140,#4141,#4142);
#4140 = CARTESIAN_POINT('',(-29.29997091,-19.70998502,0.));
#4141 = DIRECTION('',(0.,-0.,1.));
#4142 = DIRECTION('',(1.,0.,0.));
#4143 = ORIENTED_EDGE('',*,*,#4144,.T.);
#4144 = EDGE_CURVE('',#4136,#4145,#4147,.T.);
#4145 = VERTEX_POINT('',#4146);
#4146 = CARTESIAN_POINT('',(-28.99997067093,-19.70990059908,130.));
#4147 = LINE('',#4148,#4149);
#4148 = CARTESIAN_POINT('',(-28.99997067093,-19.70990059908,0.));
#4149 = VECTOR('',#4150,1.);
#4150 = DIRECTION('',(0.,0.,1.));
#4151 = ORIENTED_EDGE('',*,*,#4152,.F.);
#4152 = EDGE_CURVE('',#4107,#4145,#4153,.T.);
#4153 = CIRCLE('',#4154,0.30000024);
#4154 = AXIS2_PLACEMENT_3D('',#4155,#4156,#4157);
#4155 = CARTESIAN_POINT('',(-29.29997091,-19.70998502,130.));
#4156 = DIRECTION('',(0.,-0.,1.));
#4157 = DIRECTION('',(1.,0.,0.));
#4158 = ORIENTED_EDGE('',*,*,#4104,.F.);
#4159 = CYLINDRICAL_SURFACE('',#4160,0.30000024);
#4160 = AXIS2_PLACEMENT_3D('',#4161,#4162,#4163);
#4161 = CARTESIAN_POINT('',(-29.29997091,-19.70998502,0.));
#4162 = DIRECTION('',(-0.,0.,-1.));
#4163 = DIRECTION('',(1.,0.,0.));
#4164 = ADVANCED_FACE('',(#4165),#4190,.T.);
#4165 = FACE_BOUND('',#4166,.T.);
#4166 = EDGE_LOOP('',(#4167,#4177,#4183,#4184));
#4167 = ORIENTED_EDGE('',*,*,#4168,.T.);
#4168 = EDGE_CURVE('',#4169,#4171,#4173,.T.);
#4169 = VERTEX_POINT('',#4170);
#4170 = CARTESIAN_POINT('',(-28.999970625,-19.60998594286,0.));
#4171 = VERTEX_POINT('',#4172);
#4172 = CARTESIAN_POINT('',(-28.999970625,-19.60998594286,130.));
#4173 = LINE('',#4174,#4175);
#4174 = CARTESIAN_POINT('',(-28.999970625,-19.60998594286,0.));
#4175 = VECTOR('',#4176,1.);
#4176 = DIRECTION('',(0.,0.,1.));
#4177 = ORIENTED_EDGE('',*,*,#4178,.T.);
#4178 = EDGE_CURVE('',#4171,#4145,#4179,.T.);
#4179 = LINE('',#4180,#4181);
#4180 = CARTESIAN_POINT('',(-28.99997062,-19.60998594,130.));
#4181 = VECTOR('',#4182,1.);
#4182 = DIRECTION('',(-4.003416491324E-07,-1.,0.));
#4183 = ORIENTED_EDGE('',*,*,#4144,.F.);
#4184 = ORIENTED_EDGE('',*,*,#4185,.F.);
#4185 = EDGE_CURVE('',#4169,#4136,#4186,.T.);
#4186 = LINE('',#4187,#4188);
#4187 = CARTESIAN_POINT('',(-28.99997062,-19.60998594,0.));
#4188 = VECTOR('',#4189,1.);
#4189 = DIRECTION('',(-4.003416491324E-07,-1.,0.));
#4190 = PLANE('',#4191);
#4191 = AXIS2_PLACEMENT_3D('',#4192,#4193,#4194);
#4192 = CARTESIAN_POINT('',(-28.99997062,-19.60998594,0.));
#4193 = DIRECTION('',(1.,-4.003416491324E-07,0.));
#4194 = DIRECTION('',(-4.003416491324E-07,-1.,0.));
#4195 = ADVANCED_FACE('',(#4196),#4223,.F.);
#4196 = FACE_BOUND('',#4197,.F.);
#4197 = EDGE_LOOP('',(#4198,#4207,#4208,#4217));
#4198 = ORIENTED_EDGE('',*,*,#4199,.T.);
#4199 = EDGE_CURVE('',#4200,#4169,#4202,.T.);
#4200 = VERTEX_POINT('',#4201);
#4201 = CARTESIAN_POINT('',(-28.49997066294,-19.10998609,0.));
#4202 = CIRCLE('',#4203,0.49999991);
#4203 = AXIS2_PLACEMENT_3D('',#4204,#4205,#4206);
#4204 = CARTESIAN_POINT('',(-28.49997072,-19.609986,0.));
#4205 = DIRECTION('',(0.,-0.,1.));
#4206 = DIRECTION('',(1.,0.,0.));
#4207 = ORIENTED_EDGE('',*,*,#4168,.T.);
#4208 = ORIENTED_EDGE('',*,*,#4209,.F.);
#4209 = EDGE_CURVE('',#4210,#4171,#4212,.T.);
#4210 = VERTEX_POINT('',#4211);
#4211 = CARTESIAN_POINT('',(-28.49997066294,-19.10998609,130.));
#4212 = CIRCLE('',#4213,0.49999991);
#4213 = AXIS2_PLACEMENT_3D('',#4214,#4215,#4216);
#4214 = CARTESIAN_POINT('',(-28.49997072,-19.609986,130.));
#4215 = DIRECTION('',(0.,-0.,1.));
#4216 = DIRECTION('',(1.,0.,0.));
#4217 = ORIENTED_EDGE('',*,*,#4218,.F.);
#4218 = EDGE_CURVE('',#4200,#4210,#4219,.T.);
#4219 = LINE('',#4220,#4221);
#4220 = CARTESIAN_POINT('',(-28.49997066294,-19.10998609,0.));
#4221 = VECTOR('',#4222,1.);
#4222 = DIRECTION('',(0.,0.,1.));
#4223 = CYLINDRICAL_SURFACE('',#4224,0.49999991);
#4224 = AXIS2_PLACEMENT_3D('',#4225,#4226,#4227);
#4225 = CARTESIAN_POINT('',(-28.49997072,-19.609986,0.));
#4226 = DIRECTION('',(-0.,0.,-1.));
#4227 = DIRECTION('',(1.,0.,0.));
#4228 = ADVANCED_FACE('',(#4229),#4254,.T.);
#4229 = FACE_BOUND('',#4230,.T.);
#4230 = EDGE_LOOP('',(#4231,#4241,#4247,#4248));
#4231 = ORIENTED_EDGE('',*,*,#4232,.T.);
#4232 = EDGE_CURVE('',#4233,#4235,#4237,.T.);
#4233 = VERTEX_POINT('',#4234);
#4234 = CARTESIAN_POINT('',(28.500028559947,-19.10998679,0.));
#4235 = VERTEX_POINT('',#4236);
#4236 = CARTESIAN_POINT('',(28.500028559947,-19.10998679,130.));
#4237 = LINE('',#4238,#4239);
#4238 = CARTESIAN_POINT('',(28.500028559947,-19.10998679,0.));
#4239 = VECTOR('',#4240,1.);
#4240 = DIRECTION('',(0.,0.,1.));
#4241 = ORIENTED_EDGE('',*,*,#4242,.T.);
#4242 = EDGE_CURVE('',#4235,#4210,#4243,.T.);
#4243 = LINE('',#4244,#4245);
#4244 = CARTESIAN_POINT('',(28.50002856,-19.10998679,130.));
#4245 = VECTOR('',#4246,1.);
#4246 = DIRECTION('',(-1.,1.228070194129E-08,0.));
#4247 = ORIENTED_EDGE('',*,*,#4218,.F.);
#4248 = ORIENTED_EDGE('',*,*,#4249,.F.);
#4249 = EDGE_CURVE('',#4233,#4200,#4250,.T.);
#4250 = LINE('',#4251,#4252);
#4251 = CARTESIAN_POINT('',(28.50002856,-19.10998679,0.));
#4252 = VECTOR('',#4253,1.);
#4253 = DIRECTION('',(-1.,1.228070194129E-08,0.));
#4254 = PLANE('',#4255);
#4255 = AXIS2_PLACEMENT_3D('',#4256,#4257,#4258);
#4256 = CARTESIAN_POINT('',(28.50002856,-19.10998679,0.));
#4257 = DIRECTION('',(-1.228070194129E-08,-1.,0.));
#4258 = DIRECTION('',(-1.,1.228070194129E-08,0.));
#4259 = ADVANCED_FACE('',(#4260),#4278,.F.);
#4260 = FACE_BOUND('',#4261,.F.);
#4261 = EDGE_LOOP('',(#4262,#4269,#4270,#4277));
#4262 = ORIENTED_EDGE('',*,*,#4263,.T.);
#4263 = EDGE_CURVE('',#2288,#4233,#4264,.T.);
#4264 = CIRCLE('',#4265,0.50000004);
#4265 = AXIS2_PLACEMENT_3D('',#4266,#4267,#4268);
#4266 = CARTESIAN_POINT('',(28.5000293,-19.60998683,0.));
#4267 = DIRECTION('',(0.,-0.,1.));
#4268 = DIRECTION('',(1.,0.,0.));
#4269 = ORIENTED_EDGE('',*,*,#4232,.T.);
#4270 = ORIENTED_EDGE('',*,*,#4271,.F.);
#4271 = EDGE_CURVE('',#2280,#4235,#4272,.T.);
#4272 = CIRCLE('',#4273,0.50000004);
#4273 = AXIS2_PLACEMENT_3D('',#4274,#4275,#4276);
#4274 = CARTESIAN_POINT('',(28.5000293,-19.60998683,130.));
#4275 = DIRECTION('',(0.,-0.,1.));
#4276 = DIRECTION('',(1.,0.,0.));
#4277 = ORIENTED_EDGE('',*,*,#2287,.F.);
#4278 = CYLINDRICAL_SURFACE('',#4279,0.50000004);
#4279 = AXIS2_PLACEMENT_3D('',#4280,#4281,#4282);
#4280 = CARTESIAN_POINT('',(28.5000293,-19.60998683,0.));
#4281 = DIRECTION('',(-0.,0.,-1.));
#4282 = DIRECTION('',(1.,0.,0.));
#4283 = ADVANCED_FACE('',(#4284),#4350,.F.);
#4284 = FACE_BOUND('',#4285,.F.);
#4285 = EDGE_LOOP('',(#4286,#4287,#4288,#4289,#4290,#4291,#4292,#4293,
    #4294,#4295,#4296,#4297,#4298,#4299,#4300,#4301,#4302,#4303,#4304,
    #4305,#4306,#4307,#4308,#4309,#4310,#4311,#4312,#4313,#4314,#4315,
    #4316,#4317,#4318,#4319,#4320,#4321,#4322,#4323,#4324,#4325,#4326,
    #4327,#4328,#4329,#4330,#4331,#4332,#4333,#4334,#4335,#4336,#4337,
    #4338,#4339,#4340,#4341,#4342,#4343,#4344,#4345,#4346,#4347,#4348,
    #4349));
#4286 = ORIENTED_EDGE('',*,*,#2295,.F.);
#4287 = ORIENTED_EDGE('',*,*,#2309,.T.);
#4288 = ORIENTED_EDGE('',*,*,#2359,.F.);
#4289 = ORIENTED_EDGE('',*,*,#2373,.T.);
#4290 = ORIENTED_EDGE('',*,*,#2423,.F.);
#4291 = ORIENTED_EDGE('',*,*,#2454,.F.);
#4292 = ORIENTED_EDGE('',*,*,#2485,.F.);
#4293 = ORIENTED_EDGE('',*,*,#2499,.T.);
#4294 = ORIENTED_EDGE('',*,*,#2549,.F.);
#4295 = ORIENTED_EDGE('',*,*,#2563,.T.);
#4296 = ORIENTED_EDGE('',*,*,#2613,.F.);
#4297 = ORIENTED_EDGE('',*,*,#2644,.F.);
#4298 = ORIENTED_EDGE('',*,*,#2675,.F.);
#4299 = ORIENTED_EDGE('',*,*,#2706,.F.);
#4300 = ORIENTED_EDGE('',*,*,#2737,.F.);
#4301 = ORIENTED_EDGE('',*,*,#2768,.F.);
#4302 = ORIENTED_EDGE('',*,*,#2799,.F.);
#4303 = ORIENTED_EDGE('',*,*,#2830,.F.);
#4304 = ORIENTED_EDGE('',*,*,#2861,.F.);
#4305 = ORIENTED_EDGE('',*,*,#2892,.F.);
#4306 = ORIENTED_EDGE('',*,*,#2923,.F.);
#4307 = ORIENTED_EDGE('',*,*,#2954,.F.);
#4308 = ORIENTED_EDGE('',*,*,#2985,.F.);
#4309 = ORIENTED_EDGE('',*,*,#3016,.F.);
#4310 = ORIENTED_EDGE('',*,*,#3030,.T.);
#4311 = ORIENTED_EDGE('',*,*,#3080,.F.);
#4312 = ORIENTED_EDGE('',*,*,#3094,.F.);
#4313 = ORIENTED_EDGE('',*,*,#3144,.F.);
#4314 = ORIENTED_EDGE('',*,*,#3158,.T.);
#4315 = ORIENTED_EDGE('',*,*,#3208,.F.);
#4316 = ORIENTED_EDGE('',*,*,#3239,.F.);
#4317 = ORIENTED_EDGE('',*,*,#3270,.F.);
#4318 = ORIENTED_EDGE('',*,*,#3284,.T.);
#4319 = ORIENTED_EDGE('',*,*,#3334,.F.);
#4320 = ORIENTED_EDGE('',*,*,#3348,.F.);
#4321 = ORIENTED_EDGE('',*,*,#3398,.F.);
#4322 = ORIENTED_EDGE('',*,*,#3412,.T.);
#4323 = ORIENTED_EDGE('',*,*,#3462,.F.);
#4324 = ORIENTED_EDGE('',*,*,#3493,.F.);
#4325 = ORIENTED_EDGE('',*,*,#3524,.F.);
#4326 = ORIENTED_EDGE('',*,*,#3555,.F.);
#4327 = ORIENTED_EDGE('',*,*,#3586,.F.);
#4328 = ORIENTED_EDGE('',*,*,#3617,.F.);
#4329 = ORIENTED_EDGE('',*,*,#3648,.F.);
#4330 = ORIENTED_EDGE('',*,*,#3679,.F.);
#4331 = ORIENTED_EDGE('',*,*,#3710,.F.);
#4332 = ORIENTED_EDGE('',*,*,#3741,.F.);
#4333 = ORIENTED_EDGE('',*,*,#3755,.T.);
#4334 = ORIENTED_EDGE('',*,*,#3805,.F.);
#4335 = ORIENTED_EDGE('',*,*,#3836,.F.);
#4336 = ORIENTED_EDGE('',*,*,#3867,.F.);
#4337 = ORIENTED_EDGE('',*,*,#3881,.F.);
#4338 = ORIENTED_EDGE('',*,*,#3931,.F.);
#4339 = ORIENTED_EDGE('',*,*,#3945,.F.);
#4340 = ORIENTED_EDGE('',*,*,#3995,.F.);
#4341 = ORIENTED_EDGE('',*,*,#4026,.F.);
#4342 = ORIENTED_EDGE('',*,*,#4057,.F.);
#4343 = ORIENTED_EDGE('',*,*,#4071,.T.);
#4344 = ORIENTED_EDGE('',*,*,#4121,.F.);
#4345 = ORIENTED_EDGE('',*,*,#4135,.T.);
#4346 = ORIENTED_EDGE('',*,*,#4185,.F.);
#4347 = ORIENTED_EDGE('',*,*,#4199,.F.);
#4348 = ORIENTED_EDGE('',*,*,#4249,.F.);
#4349 = ORIENTED_EDGE('',*,*,#4263,.F.);
#4350 = PLANE('',#4351);
#4351 = AXIS2_PLACEMENT_3D('',#4352,#4353,#4354);
#4352 = CARTESIAN_POINT('',(0.129073107627,-13.83760986206,0.));
#4353 = DIRECTION('',(0.,0.,1.));
#4354 = DIRECTION('',(1.,0.,-0.));
#4355 = ADVANCED_FACE('',(#4356),#4422,.T.);
#4356 = FACE_BOUND('',#4357,.T.);
#4357 = EDGE_LOOP('',(#4358,#4359,#4360,#4361,#4362,#4363,#4364,#4365,
    #4366,#4367,#4368,#4369,#4370,#4371,#4372,#4373,#4374,#4375,#4376,
    #4377,#4378,#4379,#4380,#4381,#4382,#4383,#4384,#4385,#4386,#4387,
    #4388,#4389,#4390,#4391,#4392,#4393,#4394,#4395,#4396,#4397,#4398,
    #4399,#4400,#4401,#4402,#4403,#4404,#4405,#4406,#4407,#4408,#4409,
    #4410,#4411,#4412,#4413,#4414,#4415,#4416,#4417,#4418,#4419,#4420,
    #4421));
#4358 = ORIENTED_EDGE('',*,*,#2279,.F.);
#4359 = ORIENTED_EDGE('',*,*,#2326,.T.);
#4360 = ORIENTED_EDGE('',*,*,#2352,.F.);
#4361 = ORIENTED_EDGE('',*,*,#2390,.T.);
#4362 = ORIENTED_EDGE('',*,*,#2416,.F.);
#4363 = ORIENTED_EDGE('',*,*,#2447,.F.);
#4364 = ORIENTED_EDGE('',*,*,#2478,.F.);
#4365 = ORIENTED_EDGE('',*,*,#2516,.T.);
#4366 = ORIENTED_EDGE('',*,*,#2542,.F.);
#4367 = ORIENTED_EDGE('',*,*,#2580,.T.);
#4368 = ORIENTED_EDGE('',*,*,#2606,.F.);
#4369 = ORIENTED_EDGE('',*,*,#2637,.F.);
#4370 = ORIENTED_EDGE('',*,*,#2668,.F.);
#4371 = ORIENTED_EDGE('',*,*,#2699,.F.);
#4372 = ORIENTED_EDGE('',*,*,#2730,.F.);
#4373 = ORIENTED_EDGE('',*,*,#2761,.F.);
#4374 = ORIENTED_EDGE('',*,*,#2792,.F.);
#4375 = ORIENTED_EDGE('',*,*,#2823,.F.);
#4376 = ORIENTED_EDGE('',*,*,#2854,.F.);
#4377 = ORIENTED_EDGE('',*,*,#2885,.F.);
#4378 = ORIENTED_EDGE('',*,*,#2916,.F.);
#4379 = ORIENTED_EDGE('',*,*,#2947,.F.);
#4380 = ORIENTED_EDGE('',*,*,#2978,.F.);
#4381 = ORIENTED_EDGE('',*,*,#3009,.F.);
#4382 = ORIENTED_EDGE('',*,*,#3047,.T.);
#4383 = ORIENTED_EDGE('',*,*,#3073,.F.);
#4384 = ORIENTED_EDGE('',*,*,#3104,.F.);
#4385 = ORIENTED_EDGE('',*,*,#3137,.F.);
#4386 = ORIENTED_EDGE('',*,*,#3175,.T.);
#4387 = ORIENTED_EDGE('',*,*,#3201,.F.);
#4388 = ORIENTED_EDGE('',*,*,#3232,.F.);
#4389 = ORIENTED_EDGE('',*,*,#3263,.F.);
#4390 = ORIENTED_EDGE('',*,*,#3301,.T.);
#4391 = ORIENTED_EDGE('',*,*,#3327,.F.);
#4392 = ORIENTED_EDGE('',*,*,#3358,.F.);
#4393 = ORIENTED_EDGE('',*,*,#3391,.F.);
#4394 = ORIENTED_EDGE('',*,*,#3429,.T.);
#4395 = ORIENTED_EDGE('',*,*,#3455,.F.);
#4396 = ORIENTED_EDGE('',*,*,#3486,.F.);
#4397 = ORIENTED_EDGE('',*,*,#3517,.F.);
#4398 = ORIENTED_EDGE('',*,*,#3548,.F.);
#4399 = ORIENTED_EDGE('',*,*,#3579,.F.);
#4400 = ORIENTED_EDGE('',*,*,#3610,.F.);
#4401 = ORIENTED_EDGE('',*,*,#3641,.F.);
#4402 = ORIENTED_EDGE('',*,*,#3672,.F.);
#4403 = ORIENTED_EDGE('',*,*,#3703,.F.);
#4404 = ORIENTED_EDGE('',*,*,#3734,.F.);
#4405 = ORIENTED_EDGE('',*,*,#3772,.T.);
#4406 = ORIENTED_EDGE('',*,*,#3798,.F.);
#4407 = ORIENTED_EDGE('',*,*,#3829,.F.);
#4408 = ORIENTED_EDGE('',*,*,#3860,.F.);
#4409 = ORIENTED_EDGE('',*,*,#3891,.F.);
#4410 = ORIENTED_EDGE('',*,*,#3924,.F.);
#4411 = ORIENTED_EDGE('',*,*,#3955,.F.);
#4412 = ORIENTED_EDGE('',*,*,#3988,.F.);
#4413 = ORIENTED_EDGE('',*,*,#4019,.F.);
#4414 = ORIENTED_EDGE('',*,*,#4050,.F.);
#4415 = ORIENTED_EDGE('',*,*,#4088,.T.);
#4416 = ORIENTED_EDGE('',*,*,#4114,.F.);
#4417 = ORIENTED_EDGE('',*,*,#4152,.T.);
#4418 = ORIENTED_EDGE('',*,*,#4178,.F.);
#4419 = ORIENTED_EDGE('',*,*,#4209,.F.);
#4420 = ORIENTED_EDGE('',*,*,#4242,.F.);
#4421 = ORIENTED_EDGE('',*,*,#4271,.F.);
#4422 = PLANE('',#4423);
#4423 = AXIS2_PLACEMENT_3D('',#4424,#4425,#4426);
#4424 = CARTESIAN_POINT('',(0.129073107627,-13.83760986206,130.));
#4425 = DIRECTION('',(0.,0.,1.));
#4426 = DIRECTION('',(1.,0.,-0.));
#4427 = ( GEOMETRIC_REPRESENTATION_CONTEXT(3) 
GLOBAL_UNCERTAINTY_ASSIGNED_CONTEXT((#4431)) 
GLOBAL_UNIT_ASSIGNED_CONTEXT((#4428,#4429,#4430)) REPRESENTATION_CONTEXT
('Context #1','3D Context with UNIT and UNCERTAINTY') );
#4428 = ( LENGTH_UNIT() NAMED_UNIT(*) SI_UNIT(.MILLI.,.METRE.) );
#4429 = ( NAMED_UNIT(*) PLANE_ANGLE_UNIT() SI_UNIT($,.RADIAN.) );
#4430 = ( NAMED_UNIT(*) SI_UNIT($,.STERADIAN.) SOLID_ANGLE_UNIT() );
#4431 = UNCERTAINTY_MEASURE_WITH_UNIT(LENGTH_MEASURE(1.E-07),#4428,
  'distance_accuracy_value','confusion accuracy');
#4432 = CONTEXT_DEPENDENT_SHAPE_REPRESENTATION(#4433,#4435);
#4433 = ( REPRESENTATION_RELATIONSHIP('','',#2262,#10) 
REPRESENTATION_RELATIONSHIP_WITH_TRANSFORMATION(#4434) 
SHAPE_REPRESENTATION_RELATIONSHIP() );
#4434 = ITEM_DEFINED_TRANSFORMATION('','',#11,#23);
#4435 = PRODUCT_DEFINITION_SHAPE('Placement','Placement of an item',
  #4436);
#4436 = NEXT_ASSEMBLY_USAGE_OCCURRENCE('7','Box Bottom','',#5,#2257,$);
#4437 = PRODUCT_RELATED_PRODUCT_CATEGORY('part',$,(#2259));
#4438 = SHAPE_DEFINITION_REPRESENTATION(#4439,#4445);
#4439 = PRODUCT_DEFINITION_SHAPE('','',#4440);
#4440 = PRODUCT_DEFINITION('design','',#4441,#4444);
#4441 = PRODUCT_DEFINITION_FORMATION('','',#4442);
#4442 = PRODUCT('Box Top','Box Top','',(#4443));
#4443 = PRODUCT_CONTEXT('',#2,'mechanical');
#4444 = PRODUCT_DEFINITION_CONTEXT('part definition',#2,'design');
#4445 = ADVANCED_BREP_SHAPE_REPRESENTATION('',(#11,#4446),#6610);
#4446 = MANIFOLD_SOLID_BREP('',#4447);
#4447 = CLOSED_SHELL('',(#4448,#4488,#4521,#4552,#4585,#4616,#4647,#4678
    ,#4711,#4742,#4775,#4806,#4837,#4868,#4899,#4930,#4961,#4992,#5023,
    #5054,#5085,#5116,#5147,#5178,#5209,#5242,#5273,#5306,#5337,#5370,
    #5401,#5432,#5463,#5496,#5527,#5560,#5591,#5624,#5655,#5686,#5717,
    #5748,#5779,#5810,#5841,#5872,#5903,#5934,#5967,#5998,#6029,#6060,
    #6093,#6124,#6157,#6188,#6219,#6250,#6283,#6314,#6347,#6378,#6411,
    #6442,#6466,#6538));
#4448 = ADVANCED_FACE('',(#4449),#4483,.T.);
#4449 = FACE_BOUND('',#4450,.T.);
#4450 = EDGE_LOOP('',(#4451,#4461,#4469,#4477));
#4451 = ORIENTED_EDGE('',*,*,#4452,.T.);
#4452 = EDGE_CURVE('',#4453,#4455,#4457,.T.);
#4453 = VERTEX_POINT('',#4454);
#4454 = CARTESIAN_POINT('',(-28.9999709,19.710013421901,0.));
#4455 = VERTEX_POINT('',#4456);
#4456 = CARTESIAN_POINT('',(-28.9999709,19.710013421901,130.));
#4457 = LINE('',#4458,#4459);
#4458 = CARTESIAN_POINT('',(-28.9999709,19.710013421901,0.));
#4459 = VECTOR('',#4460,1.);
#4460 = DIRECTION('',(0.,0.,1.));
#4461 = ORIENTED_EDGE('',*,*,#4462,.T.);
#4462 = EDGE_CURVE('',#4455,#4463,#4465,.T.);
#4463 = VERTEX_POINT('',#4464);
#4464 = CARTESIAN_POINT('',(-28.99997066,19.610013739947,130.));
#4465 = LINE('',#4466,#4467);
#4466 = CARTESIAN_POINT('',(-28.9999709,19.71001342,130.));
#4467 = VECTOR('',#4468,1.);
#4468 = DIRECTION('',(2.400007700959E-06,-0.999999999997,-0.));
#4469 = ORIENTED_EDGE('',*,*,#4470,.F.);
#4470 = EDGE_CURVE('',#4471,#4463,#4473,.T.);
#4471 = VERTEX_POINT('',#4472);
#4472 = CARTESIAN_POINT('',(-28.99997066,19.610013739947,0.));
#4473 = LINE('',#4474,#4475);
#4474 = CARTESIAN_POINT('',(-28.99997066,19.610013739947,0.));
#4475 = VECTOR('',#4476,1.);
#4476 = DIRECTION('',(0.,0.,1.));
#4477 = ORIENTED_EDGE('',*,*,#4478,.F.);
#4478 = EDGE_CURVE('',#4453,#4471,#4479,.T.);
#4479 = LINE('',#4480,#4481);
#4480 = CARTESIAN_POINT('',(-28.9999709,19.71001342,0.));
#4481 = VECTOR('',#4482,1.);
#4482 = DIRECTION('',(2.400007700959E-06,-0.999999999997,-0.));
#4483 = PLANE('',#4484);
#4484 = AXIS2_PLACEMENT_3D('',#4485,#4486,#4487);
#4485 = CARTESIAN_POINT('',(-28.9999709,19.71001342,0.));
#4486 = DIRECTION('',(0.999999999997,2.400007700959E-06,-0.));
#4487 = DIRECTION('',(2.400007700959E-06,-0.999999999997,0.));
#4488 = ADVANCED_FACE('',(#4489),#4516,.T.);
#4489 = FACE_BOUND('',#4490,.T.);
#4490 = EDGE_LOOP('',(#4491,#4500,#4508,#4515));
#4491 = ORIENTED_EDGE('',*,*,#4492,.T.);
#4492 = EDGE_CURVE('',#4453,#4493,#4495,.T.);
#4493 = VERTEX_POINT('',#4494);
#4494 = CARTESIAN_POINT('',(-29.29997066192,20.01001374,0.));
#4495 = CIRCLE('',#4496,0.30000004);
#4496 = AXIS2_PLACEMENT_3D('',#4497,#4498,#4499);
#4497 = CARTESIAN_POINT('',(-29.29997094,19.7100137,0.));
#4498 = DIRECTION('',(0.,-0.,1.));
#4499 = DIRECTION('',(1.,0.,0.));
#4500 = ORIENTED_EDGE('',*,*,#4501,.T.);
#4501 = EDGE_CURVE('',#4493,#4502,#4504,.T.);
#4502 = VERTEX_POINT('',#4503);
#4503 = CARTESIAN_POINT('',(-29.29997066192,20.01001374,130.));
#4504 = LINE('',#4505,#4506);
#4505 = CARTESIAN_POINT('',(-29.29997066192,20.01001374,0.));
#4506 = VECTOR('',#4507,1.);
#4507 = DIRECTION('',(0.,0.,1.));
#4508 = ORIENTED_EDGE('',*,*,#4509,.F.);
#4509 = EDGE_CURVE('',#4455,#4502,#4510,.T.);
#4510 = CIRCLE('',#4511,0.30000004);
#4511 = AXIS2_PLACEMENT_3D('',#4512,#4513,#4514);
#4512 = CARTESIAN_POINT('',(-29.29997094,19.7100137,130.));
#4513 = DIRECTION('',(0.,-0.,1.));
#4514 = DIRECTION('',(1.,0.,0.));
#4515 = ORIENTED_EDGE('',*,*,#4452,.F.);
#4516 = CYLINDRICAL_SURFACE('',#4517,0.30000004);
#4517 = AXIS2_PLACEMENT_3D('',#4518,#4519,#4520);
#4518 = CARTESIAN_POINT('',(-29.29997094,19.7100137,0.));
#4519 = DIRECTION('',(-0.,0.,-1.));
#4520 = DIRECTION('',(1.,0.,0.));
#4521 = ADVANCED_FACE('',(#4522),#4547,.T.);
#4522 = FACE_BOUND('',#4523,.T.);
#4523 = EDGE_LOOP('',(#4524,#4534,#4540,#4541));
#4524 = ORIENTED_EDGE('',*,*,#4525,.T.);
#4525 = EDGE_CURVE('',#4526,#4528,#4530,.T.);
#4526 = VERTEX_POINT('',#4527);
#4527 = CARTESIAN_POINT('',(-31.99997139065,20.010012915,0.));
#4528 = VERTEX_POINT('',#4529);
#4529 = CARTESIAN_POINT('',(-31.99997139065,20.010012915,130.));
#4530 = LINE('',#4531,#4532);
#4531 = CARTESIAN_POINT('',(-31.99997139065,20.010012915,0.));
#4532 = VECTOR('',#4533,1.);
#4533 = DIRECTION('',(0.,0.,1.));
#4534 = ORIENTED_EDGE('',*,*,#4535,.T.);
#4535 = EDGE_CURVE('',#4528,#4502,#4536,.T.);
#4536 = LINE('',#4537,#4538);
#4537 = CARTESIAN_POINT('',(-31.99997139,20.01001291,130.));
#4538 = VECTOR('',#4539,1.);
#4539 = DIRECTION('',(1.,3.07407324728E-07,0.));
#4540 = ORIENTED_EDGE('',*,*,#4501,.F.);
#4541 = ORIENTED_EDGE('',*,*,#4542,.F.);
#4542 = EDGE_CURVE('',#4526,#4493,#4543,.T.);
#4543 = LINE('',#4544,#4545);
#4544 = CARTESIAN_POINT('',(-31.99997139,20.01001291,0.));
#4545 = VECTOR('',#4546,1.);
#4546 = DIRECTION('',(1.,3.07407324728E-07,0.));
#4547 = PLANE('',#4548);
#4548 = AXIS2_PLACEMENT_3D('',#4549,#4550,#4551);
#4549 = CARTESIAN_POINT('',(-31.99997139,20.01001291,0.));
#4550 = DIRECTION('',(-3.07407324728E-07,1.,0.));
#4551 = DIRECTION('',(1.,3.07407324728E-07,0.));
#4552 = ADVANCED_FACE('',(#4553),#4580,.T.);
#4553 = FACE_BOUND('',#4554,.T.);
#4554 = EDGE_LOOP('',(#4555,#4564,#4572,#4579));
#4555 = ORIENTED_EDGE('',*,*,#4556,.T.);
#4556 = EDGE_CURVE('',#4526,#4557,#4559,.T.);
#4557 = VERTEX_POINT('',#4558);
#4558 = CARTESIAN_POINT('',(-39.99996898,12.010013464346,0.));
#4559 = CIRCLE('',#4560,7.99999852);
#4560 = AXIS2_PLACEMENT_3D('',#4561,#4562,#4563);
#4561 = CARTESIAN_POINT('',(-31.99997046,12.0100144,0.));
#4562 = DIRECTION('',(0.,-0.,1.));
#4563 = DIRECTION('',(1.,0.,0.));
#4564 = ORIENTED_EDGE('',*,*,#4565,.T.);
#4565 = EDGE_CURVE('',#4557,#4566,#4568,.T.);
#4566 = VERTEX_POINT('',#4567);
#4567 = CARTESIAN_POINT('',(-39.99996898,12.010013464346,130.));
#4568 = LINE('',#4569,#4570);
#4569 = CARTESIAN_POINT('',(-39.99996898,12.010013464346,0.));
#4570 = VECTOR('',#4571,1.);
#4571 = DIRECTION('',(0.,0.,1.));
#4572 = ORIENTED_EDGE('',*,*,#4573,.F.);
#4573 = EDGE_CURVE('',#4528,#4566,#4574,.T.);
#4574 = CIRCLE('',#4575,7.99999852);
#4575 = AXIS2_PLACEMENT_3D('',#4576,#4577,#4578);
#4576 = CARTESIAN_POINT('',(-31.99997046,12.0100144,130.));
#4577 = DIRECTION('',(0.,-0.,1.));
#4578 = DIRECTION('',(1.,0.,0.));
#4579 = ORIENTED_EDGE('',*,*,#4525,.F.);
#4580 = CYLINDRICAL_SURFACE('',#4581,7.99999852);
#4581 = AXIS2_PLACEMENT_3D('',#4582,#4583,#4584);
#4582 = CARTESIAN_POINT('',(-31.99997046,12.0100144,0.));
#4583 = DIRECTION('',(-0.,0.,-1.));
#4584 = DIRECTION('',(1.,0.,0.));
#4585 = ADVANCED_FACE('',(#4586),#4611,.T.);
#4586 = FACE_BOUND('',#4587,.T.);
#4587 = EDGE_LOOP('',(#4588,#4598,#4604,#4605));
#4588 = ORIENTED_EDGE('',*,*,#4589,.T.);
#4589 = EDGE_CURVE('',#4590,#4592,#4594,.T.);
#4590 = VERTEX_POINT('',#4591);
#4591 = CARTESIAN_POINT('',(-39.99996898,1.001383E-02,0.));
#4592 = VERTEX_POINT('',#4593);
#4593 = CARTESIAN_POINT('',(-39.99996898,1.001383E-02,130.));
#4594 = LINE('',#4595,#4596);
#4595 = CARTESIAN_POINT('',(-39.99996898,1.001383E-02,0.));
#4596 = VECTOR('',#4597,1.);
#4597 = DIRECTION('',(0.,0.,1.));
#4598 = ORIENTED_EDGE('',*,*,#4599,.T.);
#4599 = EDGE_CURVE('',#4592,#4566,#4600,.T.);
#4600 = LINE('',#4601,#4602);
#4601 = CARTESIAN_POINT('',(-39.99996898,1.001383E-02,130.));
#4602 = VECTOR('',#4603,1.);
#4603 = DIRECTION('',(0.,1.,0.));
#4604 = ORIENTED_EDGE('',*,*,#4565,.F.);
#4605 = ORIENTED_EDGE('',*,*,#4606,.F.);
#4606 = EDGE_CURVE('',#4590,#4557,#4607,.T.);
#4607 = LINE('',#4608,#4609);
#4608 = CARTESIAN_POINT('',(-39.99996898,1.001383E-02,0.));
#4609 = VECTOR('',#4610,1.);
#4610 = DIRECTION('',(0.,1.,0.));
#4611 = PLANE('',#4612);
#4612 = AXIS2_PLACEMENT_3D('',#4613,#4614,#4615);
#4613 = CARTESIAN_POINT('',(-39.99996898,1.001383E-02,0.));
#4614 = DIRECTION('',(-1.,0.,0.));
#4615 = DIRECTION('',(0.,1.,0.));
#4616 = ADVANCED_FACE('',(#4617),#4642,.T.);
#4617 = FACE_BOUND('',#4618,.T.);
#4618 = EDGE_LOOP('',(#4619,#4629,#4635,#4636));
#4619 = ORIENTED_EDGE('',*,*,#4620,.T.);
#4620 = EDGE_CURVE('',#4621,#4623,#4625,.T.);
#4621 = VERTEX_POINT('',#4622);
#4622 = CARTESIAN_POINT('',(-38.69996932,1.001383E-02,0.));
#4623 = VERTEX_POINT('',#4624);
#4624 = CARTESIAN_POINT('',(-38.69996932,1.001383E-02,130.));
#4625 = LINE('',#4626,#4627);
#4626 = CARTESIAN_POINT('',(-38.69996932,1.001383E-02,0.));
#4627 = VECTOR('',#4628,1.);
#4628 = DIRECTION('',(0.,0.,1.));
#4629 = ORIENTED_EDGE('',*,*,#4630,.T.);
#4630 = EDGE_CURVE('',#4623,#4592,#4631,.T.);
#4631 = LINE('',#4632,#4633);
#4632 = CARTESIAN_POINT('',(-38.69996932,1.001383E-02,130.));
#4633 = VECTOR('',#4634,1.);
#4634 = DIRECTION('',(-1.,0.,0.));
#4635 = ORIENTED_EDGE('',*,*,#4589,.F.);
#4636 = ORIENTED_EDGE('',*,*,#4637,.F.);
#4637 = EDGE_CURVE('',#4621,#4590,#4638,.T.);
#4638 = LINE('',#4639,#4640);
#4639 = CARTESIAN_POINT('',(-38.69996932,1.001383E-02,0.));
#4640 = VECTOR('',#4641,1.);
#4641 = DIRECTION('',(-1.,0.,0.));
#4642 = PLANE('',#4643);
#4643 = AXIS2_PLACEMENT_3D('',#4644,#4645,#4646);
#4644 = CARTESIAN_POINT('',(-38.69996932,1.001383E-02,0.));
#4645 = DIRECTION('',(0.,-1.,0.));
#4646 = DIRECTION('',(-1.,0.,0.));
#4647 = ADVANCED_FACE('',(#4648),#4673,.T.);
#4648 = FACE_BOUND('',#4649,.T.);
#4649 = EDGE_LOOP('',(#4650,#4660,#4666,#4667));
#4650 = ORIENTED_EDGE('',*,*,#4651,.T.);
#4651 = EDGE_CURVE('',#4652,#4654,#4656,.T.);
#4652 = VERTEX_POINT('',#4653);
#4653 = CARTESIAN_POINT('',(-38.6999693187,-0.688827559338,0.));
#4654 = VERTEX_POINT('',#4655);
#4655 = CARTESIAN_POINT('',(-38.6999693187,-0.688827559338,130.));
#4656 = LINE('',#4657,#4658);
#4657 = CARTESIAN_POINT('',(-38.6999693187,-0.688827559338,0.));
#4658 = VECTOR('',#4659,1.);
#4659 = DIRECTION('',(0.,0.,1.));
#4660 = ORIENTED_EDGE('',*,*,#4661,.T.);
#4661 = EDGE_CURVE('',#4654,#4623,#4662,.T.);
#4662 = LINE('',#4663,#4664);
#4663 = CARTESIAN_POINT('',(-38.69996932,-0.68882756,130.));
#4664 = VECTOR('',#4665,1.);
#4665 = DIRECTION('',(0.,1.,0.));
#4666 = ORIENTED_EDGE('',*,*,#4620,.F.);
#4667 = ORIENTED_EDGE('',*,*,#4668,.F.);
#4668 = EDGE_CURVE('',#4652,#4621,#4669,.T.);
#4669 = LINE('',#4670,#4671);
#4670 = CARTESIAN_POINT('',(-38.69996932,-0.68882756,0.));
#4671 = VECTOR('',#4672,1.);
#4672 = DIRECTION('',(0.,1.,0.));
#4673 = PLANE('',#4674);
#4674 = AXIS2_PLACEMENT_3D('',#4675,#4676,#4677);
#4675 = CARTESIAN_POINT('',(-38.69996932,-0.68882756,0.));
#4676 = DIRECTION('',(-1.,0.,0.));
#4677 = DIRECTION('',(0.,1.,0.));
#4678 = ADVANCED_FACE('',(#4679),#4706,.T.);
#4679 = FACE_BOUND('',#4680,.T.);
#4680 = EDGE_LOOP('',(#4681,#4690,#4698,#4705));
#4681 = ORIENTED_EDGE('',*,*,#4682,.T.);
#4682 = EDGE_CURVE('',#4652,#4683,#4685,.T.);
#4683 = VERTEX_POINT('',#4684);
#4684 = CARTESIAN_POINT('',(-38.19980419817,-1.189986231145,0.));
#4685 = CIRCLE('',#4686,0.5);
#4686 = AXIS2_PLACEMENT_3D('',#4687,#4688,#4689);
#4687 = CARTESIAN_POINT('',(-38.19997066,-0.68998626,0.));
#4688 = DIRECTION('',(0.,-0.,1.));
#4689 = DIRECTION('',(1.,0.,0.));
#4690 = ORIENTED_EDGE('',*,*,#4691,.T.);
#4691 = EDGE_CURVE('',#4683,#4692,#4694,.T.);
#4692 = VERTEX_POINT('',#4693);
#4693 = CARTESIAN_POINT('',(-38.19980419817,-1.189986231145,130.));
#4694 = LINE('',#4695,#4696);
#4695 = CARTESIAN_POINT('',(-38.19980419817,-1.189986231145,0.));
#4696 = VECTOR('',#4697,1.);
#4697 = DIRECTION('',(0.,0.,1.));
#4698 = ORIENTED_EDGE('',*,*,#4699,.F.);
#4699 = EDGE_CURVE('',#4654,#4692,#4700,.T.);
#4700 = CIRCLE('',#4701,0.5);
#4701 = AXIS2_PLACEMENT_3D('',#4702,#4703,#4704);
#4702 = CARTESIAN_POINT('',(-38.19997066,-0.68998626,130.));
#4703 = DIRECTION('',(0.,-0.,1.));
#4704 = DIRECTION('',(1.,0.,0.));
#4705 = ORIENTED_EDGE('',*,*,#4651,.F.);
#4706 = CYLINDRICAL_SURFACE('',#4707,0.5);
#4707 = AXIS2_PLACEMENT_3D('',#4708,#4709,#4710);
#4708 = CARTESIAN_POINT('',(-38.19997066,-0.68998626,0.));
#4709 = DIRECTION('',(-0.,0.,-1.));
#4710 = DIRECTION('',(1.,0.,0.));
#4711 = ADVANCED_FACE('',(#4712),#4737,.T.);
#4712 = FACE_BOUND('',#4713,.T.);
#4713 = EDGE_LOOP('',(#4714,#4724,#4730,#4731));
#4714 = ORIENTED_EDGE('',*,*,#4715,.T.);
#4715 = EDGE_CURVE('',#4716,#4718,#4720,.T.);
#4716 = VERTEX_POINT('',#4717);
#4717 = CARTESIAN_POINT('',(-38.10013712696,-1.189986231023,0.));
#4718 = VERTEX_POINT('',#4719);
#4719 = CARTESIAN_POINT('',(-38.10013712696,-1.189986231023,130.));
#4720 = LINE('',#4721,#4722);
#4721 = CARTESIAN_POINT('',(-38.10013712696,-1.189986231023,0.));
#4722 = VECTOR('',#4723,1.);
#4723 = DIRECTION('',(0.,0.,1.));
#4724 = ORIENTED_EDGE('',*,*,#4725,.T.);
#4725 = EDGE_CURVE('',#4718,#4692,#4726,.T.);
#4726 = LINE('',#4727,#4728);
#4727 = CARTESIAN_POINT('',(-38.10013713,-1.18998623,130.));
#4728 = VECTOR('',#4729,1.);
#4729 = DIRECTION('',(-1.,0.,0.));
#4730 = ORIENTED_EDGE('',*,*,#4691,.F.);
#4731 = ORIENTED_EDGE('',*,*,#4732,.F.);
#4732 = EDGE_CURVE('',#4716,#4683,#4733,.T.);
#4733 = LINE('',#4734,#4735);
#4734 = CARTESIAN_POINT('',(-38.10013713,-1.18998623,0.));
#4735 = VECTOR('',#4736,1.);
#4736 = DIRECTION('',(-1.,0.,0.));
#4737 = PLANE('',#4738);
#4738 = AXIS2_PLACEMENT_3D('',#4739,#4740,#4741);
#4739 = CARTESIAN_POINT('',(-38.10013713,-1.18998623,0.));
#4740 = DIRECTION('',(0.,-1.,0.));
#4741 = DIRECTION('',(-1.,0.,0.));
#4742 = ADVANCED_FACE('',(#4743),#4770,.T.);
#4743 = FACE_BOUND('',#4744,.T.);
#4744 = EDGE_LOOP('',(#4745,#4754,#4762,#4769));
#4745 = ORIENTED_EDGE('',*,*,#4746,.T.);
#4746 = EDGE_CURVE('',#4716,#4747,#4749,.T.);
#4747 = VERTEX_POINT('',#4748);
#4748 = CARTESIAN_POINT('',(-37.599969325,-0.689986379862,0.));
#4749 = CIRCLE('',#4750,0.50000061);
#4750 = AXIS2_PLACEMENT_3D('',#4751,#4752,#4753);
#4751 = CARTESIAN_POINT('',(-38.09996993,-0.68998565,0.));
#4752 = DIRECTION('',(0.,-0.,1.));
#4753 = DIRECTION('',(1.,0.,0.));
#4754 = ORIENTED_EDGE('',*,*,#4755,.T.);
#4755 = EDGE_CURVE('',#4747,#4756,#4758,.T.);
#4756 = VERTEX_POINT('',#4757);
#4757 = CARTESIAN_POINT('',(-37.599969325,-0.689986379862,130.));
#4758 = LINE('',#4759,#4760);
#4759 = CARTESIAN_POINT('',(-37.599969325,-0.689986379862,0.));
#4760 = VECTOR('',#4761,1.);
#4761 = DIRECTION('',(0.,0.,1.));
#4762 = ORIENTED_EDGE('',*,*,#4763,.F.);
#4763 = EDGE_CURVE('',#4718,#4756,#4764,.T.);
#4764 = CIRCLE('',#4765,0.50000061);
#4765 = AXIS2_PLACEMENT_3D('',#4766,#4767,#4768);
#4766 = CARTESIAN_POINT('',(-38.09996993,-0.68998565,130.));
#4767 = DIRECTION('',(0.,-0.,1.));
#4768 = DIRECTION('',(1.,0.,0.));
#4769 = ORIENTED_EDGE('',*,*,#4715,.F.);
#4770 = CYLINDRICAL_SURFACE('',#4771,0.50000061);
#4771 = AXIS2_PLACEMENT_3D('',#4772,#4773,#4774);
#4772 = CARTESIAN_POINT('',(-38.09996993,-0.68998565,0.));
#4773 = DIRECTION('',(-0.,0.,-1.));
#4774 = DIRECTION('',(1.,0.,0.));
#4775 = ADVANCED_FACE('',(#4776),#4801,.T.);
#4776 = FACE_BOUND('',#4777,.T.);
#4777 = EDGE_LOOP('',(#4778,#4788,#4794,#4795));
#4778 = ORIENTED_EDGE('',*,*,#4779,.T.);
#4779 = EDGE_CURVE('',#4780,#4782,#4784,.T.);
#4780 = VERTEX_POINT('',#4781);
#4781 = CARTESIAN_POINT('',(-37.59996933,1.001383E-02,0.));
#4782 = VERTEX_POINT('',#4783);
#4783 = CARTESIAN_POINT('',(-37.59996933,1.001383E-02,130.));
#4784 = LINE('',#4785,#4786);
#4785 = CARTESIAN_POINT('',(-37.59996933,1.001383E-02,0.));
#4786 = VECTOR('',#4787,1.);
#4787 = DIRECTION('',(0.,0.,1.));
#4788 = ORIENTED_EDGE('',*,*,#4789,.T.);
#4789 = EDGE_CURVE('',#4782,#4756,#4790,.T.);
#4790 = LINE('',#4791,#4792);
#4791 = CARTESIAN_POINT('',(-37.59996933,1.001383E-02,130.));
#4792 = VECTOR('',#4793,1.);
#4793 = DIRECTION('',(0.,-1.,-0.));
#4794 = ORIENTED_EDGE('',*,*,#4755,.F.);
#4795 = ORIENTED_EDGE('',*,*,#4796,.F.);
#4796 = EDGE_CURVE('',#4780,#4747,#4797,.T.);
#4797 = LINE('',#4798,#4799);
#4798 = CARTESIAN_POINT('',(-37.59996933,1.001383E-02,0.));
#4799 = VECTOR('',#4800,1.);
#4800 = DIRECTION('',(0.,-1.,-0.));
#4801 = PLANE('',#4802);
#4802 = AXIS2_PLACEMENT_3D('',#4803,#4804,#4805);
#4803 = CARTESIAN_POINT('',(-37.59996933,1.001383E-02,0.));
#4804 = DIRECTION('',(1.,0.,-0.));
#4805 = DIRECTION('',(0.,-1.,0.));
#4806 = ADVANCED_FACE('',(#4807),#4832,.T.);
#4807 = FACE_BOUND('',#4808,.T.);
#4808 = EDGE_LOOP('',(#4809,#4819,#4825,#4826));
#4809 = ORIENTED_EDGE('',*,*,#4810,.T.);
#4810 = EDGE_CURVE('',#4811,#4813,#4815,.T.);
#4811 = VERTEX_POINT('',#4812);
#4812 = CARTESIAN_POINT('',(-36.29996967,1.001383E-02,0.));
#4813 = VERTEX_POINT('',#4814);
#4814 = CARTESIAN_POINT('',(-36.29996967,1.001383E-02,130.));
#4815 = LINE('',#4816,#4817);
#4816 = CARTESIAN_POINT('',(-36.29996967,1.001383E-02,0.));
#4817 = VECTOR('',#4818,1.);
#4818 = DIRECTION('',(0.,0.,1.));
#4819 = ORIENTED_EDGE('',*,*,#4820,.T.);
#4820 = EDGE_CURVE('',#4813,#4782,#4821,.T.);
#4821 = LINE('',#4822,#4823);
#4822 = CARTESIAN_POINT('',(-36.29996967,1.001383E-02,130.));
#4823 = VECTOR('',#4824,1.);
#4824 = DIRECTION('',(-1.,0.,0.));
#4825 = ORIENTED_EDGE('',*,*,#4779,.F.);
#4826 = ORIENTED_EDGE('',*,*,#4827,.F.);
#4827 = EDGE_CURVE('',#4811,#4780,#4828,.T.);
#4828 = LINE('',#4829,#4830);
#4829 = CARTESIAN_POINT('',(-36.29996967,1.001383E-02,0.));
#4830 = VECTOR('',#4831,1.);
#4831 = DIRECTION('',(-1.,0.,0.));
#4832 = PLANE('',#4833);
#4833 = AXIS2_PLACEMENT_3D('',#4834,#4835,#4836);
#4834 = CARTESIAN_POINT('',(-36.29996967,1.001383E-02,0.));
#4835 = DIRECTION('',(0.,-1.,0.));
#4836 = DIRECTION('',(-1.,0.,0.));
#4837 = ADVANCED_FACE('',(#4838),#4863,.T.);
#4838 = FACE_BOUND('',#4839,.T.);
#4839 = EDGE_LOOP('',(#4840,#4850,#4856,#4857));
#4840 = ORIENTED_EDGE('',*,*,#4841,.T.);
#4841 = EDGE_CURVE('',#4842,#4844,#4846,.T.);
#4842 = VERTEX_POINT('',#4843);
#4843 = CARTESIAN_POINT('',(-36.29996967,1.31001395,0.));
#4844 = VERTEX_POINT('',#4845);
#4845 = CARTESIAN_POINT('',(-36.29996967,1.31001395,130.));
#4846 = LINE('',#4847,#4848);
#4847 = CARTESIAN_POINT('',(-36.29996967,1.31001395,0.));
#4848 = VECTOR('',#4849,1.);
#4849 = DIRECTION('',(0.,0.,1.));
#4850 = ORIENTED_EDGE('',*,*,#4851,.T.);
#4851 = EDGE_CURVE('',#4844,#4813,#4852,.T.);
#4852 = LINE('',#4853,#4854);
#4853 = CARTESIAN_POINT('',(-36.29996967,1.31001395,130.));
#4854 = VECTOR('',#4855,1.);
#4855 = DIRECTION('',(0.,-1.,-0.));
#4856 = ORIENTED_EDGE('',*,*,#4810,.F.);
#4857 = ORIENTED_EDGE('',*,*,#4858,.F.);
#4858 = EDGE_CURVE('',#4842,#4811,#4859,.T.);
#4859 = LINE('',#4860,#4861);
#4860 = CARTESIAN_POINT('',(-36.29996967,1.31001395,0.));
#4861 = VECTOR('',#4862,1.);
#4862 = DIRECTION('',(0.,-1.,-0.));
#4863 = PLANE('',#4864);
#4864 = AXIS2_PLACEMENT_3D('',#4865,#4866,#4867);
#4865 = CARTESIAN_POINT('',(-36.29996967,1.31001395,0.));
#4866 = DIRECTION('',(1.,0.,-0.));
#4867 = DIRECTION('',(0.,-1.,0.));
#4868 = ADVANCED_FACE('',(#4869),#4894,.T.);
#4869 = FACE_BOUND('',#4870,.T.);
#4870 = EDGE_LOOP('',(#4871,#4881,#4887,#4888));
#4871 = ORIENTED_EDGE('',*,*,#4872,.T.);
#4872 = EDGE_CURVE('',#4873,#4875,#4877,.T.);
#4873 = VERTEX_POINT('',#4874);
#4874 = CARTESIAN_POINT('',(-38.14997119,1.31001395,0.));
#4875 = VERTEX_POINT('',#4876);
#4876 = CARTESIAN_POINT('',(-38.14997119,1.31001395,130.));
#4877 = LINE('',#4878,#4879);
#4878 = CARTESIAN_POINT('',(-38.14997119,1.31001395,0.));
#4879 = VECTOR('',#4880,1.);
#4880 = DIRECTION('',(0.,0.,1.));
#4881 = ORIENTED_EDGE('',*,*,#4882,.T.);
#4882 = EDGE_CURVE('',#4875,#4844,#4883,.T.);
#4883 = LINE('',#4884,#4885);
#4884 = CARTESIAN_POINT('',(-38.14997119,1.31001395,130.));
#4885 = VECTOR('',#4886,1.);
#4886 = DIRECTION('',(1.,0.,0.));
#4887 = ORIENTED_EDGE('',*,*,#4841,.F.);
#4888 = ORIENTED_EDGE('',*,*,#4889,.F.);
#4889 = EDGE_CURVE('',#4873,#4842,#4890,.T.);
#4890 = LINE('',#4891,#4892);
#4891 = CARTESIAN_POINT('',(-38.14997119,1.31001395,0.));
#4892 = VECTOR('',#4893,1.);
#4893 = DIRECTION('',(1.,0.,0.));
#4894 = PLANE('',#4895);
#4895 = AXIS2_PLACEMENT_3D('',#4896,#4897,#4898);
#4896 = CARTESIAN_POINT('',(-38.14997119,1.31001395,0.));
#4897 = DIRECTION('',(0.,1.,0.));
#4898 = DIRECTION('',(1.,0.,0.));
#4899 = ADVANCED_FACE('',(#4900),#4925,.T.);
#4900 = FACE_BOUND('',#4901,.T.);
#4901 = EDGE_LOOP('',(#4902,#4912,#4918,#4919));
#4902 = ORIENTED_EDGE('',*,*,#4903,.T.);
#4903 = EDGE_CURVE('',#4904,#4906,#4908,.T.);
#4904 = VERTEX_POINT('',#4905);
#4905 = CARTESIAN_POINT('',(-38.14997119,5.11001401,0.));
#4906 = VERTEX_POINT('',#4907);
#4907 = CARTESIAN_POINT('',(-38.14997119,5.11001401,130.));
#4908 = LINE('',#4909,#4910);
#4909 = CARTESIAN_POINT('',(-38.14997119,5.11001401,0.));
#4910 = VECTOR('',#4911,1.);
#4911 = DIRECTION('',(0.,0.,1.));
#4912 = ORIENTED_EDGE('',*,*,#4913,.T.);
#4913 = EDGE_CURVE('',#4906,#4875,#4914,.T.);
#4914 = LINE('',#4915,#4916);
#4915 = CARTESIAN_POINT('',(-38.14997119,5.11001401,130.));
#4916 = VECTOR('',#4917,1.);
#4917 = DIRECTION('',(0.,-1.,-0.));
#4918 = ORIENTED_EDGE('',*,*,#4872,.F.);
#4919 = ORIENTED_EDGE('',*,*,#4920,.F.);
#4920 = EDGE_CURVE('',#4904,#4873,#4921,.T.);
#4921 = LINE('',#4922,#4923);
#4922 = CARTESIAN_POINT('',(-38.14997119,5.11001401,0.));
#4923 = VECTOR('',#4924,1.);
#4924 = DIRECTION('',(0.,-1.,-0.));
#4925 = PLANE('',#4926);
#4926 = AXIS2_PLACEMENT_3D('',#4927,#4928,#4929);
#4927 = CARTESIAN_POINT('',(-38.14997119,5.11001401,0.));
#4928 = DIRECTION('',(1.,0.,-0.));
#4929 = DIRECTION('',(0.,-1.,0.));
#4930 = ADVANCED_FACE('',(#4931),#4956,.T.);
#4931 = FACE_BOUND('',#4932,.T.);
#4932 = EDGE_LOOP('',(#4933,#4943,#4949,#4950));
#4933 = ORIENTED_EDGE('',*,*,#4934,.T.);
#4934 = EDGE_CURVE('',#4935,#4937,#4939,.T.);
#4935 = VERTEX_POINT('',#4936);
#4936 = CARTESIAN_POINT('',(-35.99997205,5.11001401,0.));
#4937 = VERTEX_POINT('',#4938);
#4938 = CARTESIAN_POINT('',(-35.99997205,5.11001401,130.));
#4939 = LINE('',#4940,#4941);
#4940 = CARTESIAN_POINT('',(-35.99997205,5.11001401,0.));
#4941 = VECTOR('',#4942,1.);
#4942 = DIRECTION('',(0.,0.,1.));
#4943 = ORIENTED_EDGE('',*,*,#4944,.T.);
#4944 = EDGE_CURVE('',#4937,#4906,#4945,.T.);
#4945 = LINE('',#4946,#4947);
#4946 = CARTESIAN_POINT('',(-35.99997205,5.11001401,130.));
#4947 = VECTOR('',#4948,1.);
#4948 = DIRECTION('',(-1.,0.,0.));
#4949 = ORIENTED_EDGE('',*,*,#4903,.F.);
#4950 = ORIENTED_EDGE('',*,*,#4951,.F.);
#4951 = EDGE_CURVE('',#4935,#4904,#4952,.T.);
#4952 = LINE('',#4953,#4954);
#4953 = CARTESIAN_POINT('',(-35.99997205,5.11001401,0.));
#4954 = VECTOR('',#4955,1.);
#4955 = DIRECTION('',(-1.,0.,0.));
#4956 = PLANE('',#4957);
#4957 = AXIS2_PLACEMENT_3D('',#4958,#4959,#4960);
#4958 = CARTESIAN_POINT('',(-35.99997205,5.11001401,0.));
#4959 = DIRECTION('',(0.,-1.,0.));
#4960 = DIRECTION('',(-1.,0.,0.));
#4961 = ADVANCED_FACE('',(#4962),#4987,.T.);
#4962 = FACE_BOUND('',#4963,.T.);
#4963 = EDGE_LOOP('',(#4964,#4974,#4980,#4981));
#4964 = ORIENTED_EDGE('',*,*,#4965,.T.);
#4965 = EDGE_CURVE('',#4966,#4968,#4970,.T.);
#4966 = VERTEX_POINT('',#4967);
#4967 = CARTESIAN_POINT('',(-35.99997205,6.51001349,0.));
#4968 = VERTEX_POINT('',#4969);
#4969 = CARTESIAN_POINT('',(-35.99997205,6.51001349,130.));
#4970 = LINE('',#4971,#4972);
#4971 = CARTESIAN_POINT('',(-35.99997205,6.51001349,0.));
#4972 = VECTOR('',#4973,1.);
#4973 = DIRECTION('',(0.,0.,1.));
#4974 = ORIENTED_EDGE('',*,*,#4975,.T.);
#4975 = EDGE_CURVE('',#4968,#4937,#4976,.T.);
#4976 = LINE('',#4977,#4978);
#4977 = CARTESIAN_POINT('',(-35.99997205,6.51001349,130.));
#4978 = VECTOR('',#4979,1.);
#4979 = DIRECTION('',(0.,-1.,-0.));
#4980 = ORIENTED_EDGE('',*,*,#4934,.F.);
#4981 = ORIENTED_EDGE('',*,*,#4982,.F.);
#4982 = EDGE_CURVE('',#4966,#4935,#4983,.T.);
#4983 = LINE('',#4984,#4985);
#4984 = CARTESIAN_POINT('',(-35.99997205,6.51001349,0.));
#4985 = VECTOR('',#4986,1.);
#4986 = DIRECTION('',(0.,-1.,-0.));
#4987 = PLANE('',#4988);
#4988 = AXIS2_PLACEMENT_3D('',#4989,#4990,#4991);
#4989 = CARTESIAN_POINT('',(-35.99997205,6.51001349,0.));
#4990 = DIRECTION('',(1.,0.,-0.));
#4991 = DIRECTION('',(0.,-1.,0.));
#4992 = ADVANCED_FACE('',(#4993),#5018,.T.);
#4993 = FACE_BOUND('',#4994,.T.);
#4994 = EDGE_LOOP('',(#4995,#5005,#5011,#5012));
#4995 = ORIENTED_EDGE('',*,*,#4996,.T.);
#4996 = EDGE_CURVE('',#4997,#4999,#5001,.T.);
#4997 = VERTEX_POINT('',#4998);
#4998 = CARTESIAN_POINT('',(-38.14997119,6.51001349,0.));
#4999 = VERTEX_POINT('',#5000);
#5000 = CARTESIAN_POINT('',(-38.14997119,6.51001349,130.));
#5001 = LINE('',#5002,#5003);
#5002 = CARTESIAN_POINT('',(-38.14997119,6.51001349,0.));
#5003 = VECTOR('',#5004,1.);
#5004 = DIRECTION('',(0.,0.,1.));
#5005 = ORIENTED_EDGE('',*,*,#5006,.T.);
#5006 = EDGE_CURVE('',#4999,#4968,#5007,.T.);
#5007 = LINE('',#5008,#5009);
#5008 = CARTESIAN_POINT('',(-38.14997119,6.51001349,130.));
#5009 = VECTOR('',#5010,1.);
#5010 = DIRECTION('',(1.,0.,0.));
#5011 = ORIENTED_EDGE('',*,*,#4965,.F.);
#5012 = ORIENTED_EDGE('',*,*,#5013,.F.);
#5013 = EDGE_CURVE('',#4997,#4966,#5014,.T.);
#5014 = LINE('',#5015,#5016);
#5015 = CARTESIAN_POINT('',(-38.14997119,6.51001349,0.));
#5016 = VECTOR('',#5017,1.);
#5017 = DIRECTION('',(1.,0.,0.));
#5018 = PLANE('',#5019);
#5019 = AXIS2_PLACEMENT_3D('',#5020,#5021,#5022);
#5020 = CARTESIAN_POINT('',(-38.14997119,6.51001349,0.));
#5021 = DIRECTION('',(0.,1.,0.));
#5022 = DIRECTION('',(1.,0.,0.));
#5023 = ADVANCED_FACE('',(#5024),#5049,.T.);
#5024 = FACE_BOUND('',#5025,.T.);
#5025 = EDGE_LOOP('',(#5026,#5036,#5042,#5043));
#5026 = ORIENTED_EDGE('',*,*,#5027,.T.);
#5027 = EDGE_CURVE('',#5028,#5030,#5032,.T.);
#5028 = VERTEX_POINT('',#5029);
#5029 = CARTESIAN_POINT('',(-38.14997119,8.71001348,0.));
#5030 = VERTEX_POINT('',#5031);
#5031 = CARTESIAN_POINT('',(-38.14997119,8.71001348,130.));
#5032 = LINE('',#5033,#5034);
#5033 = CARTESIAN_POINT('',(-38.14997119,8.71001348,0.));
#5034 = VECTOR('',#5035,1.);
#5035 = DIRECTION('',(0.,0.,1.));
#5036 = ORIENTED_EDGE('',*,*,#5037,.T.);
#5037 = EDGE_CURVE('',#5030,#4999,#5038,.T.);
#5038 = LINE('',#5039,#5040);
#5039 = CARTESIAN_POINT('',(-38.14997119,8.71001348,130.));
#5040 = VECTOR('',#5041,1.);
#5041 = DIRECTION('',(0.,-1.,-0.));
#5042 = ORIENTED_EDGE('',*,*,#4996,.F.);
#5043 = ORIENTED_EDGE('',*,*,#5044,.F.);
#5044 = EDGE_CURVE('',#5028,#4997,#5045,.T.);
#5045 = LINE('',#5046,#5047);
#5046 = CARTESIAN_POINT('',(-38.14997119,8.71001348,0.));
#5047 = VECTOR('',#5048,1.);
#5048 = DIRECTION('',(0.,-1.,-0.));
#5049 = PLANE('',#5050);
#5050 = AXIS2_PLACEMENT_3D('',#5051,#5052,#5053);
#5051 = CARTESIAN_POINT('',(-38.14997119,8.71001348,0.));
#5052 = DIRECTION('',(1.,0.,-0.));
#5053 = DIRECTION('',(0.,-1.,0.));
#5054 = ADVANCED_FACE('',(#5055),#5080,.T.);
#5055 = FACE_BOUND('',#5056,.T.);
#5056 = EDGE_LOOP('',(#5057,#5067,#5073,#5074));
#5057 = ORIENTED_EDGE('',*,*,#5058,.T.);
#5058 = EDGE_CURVE('',#5059,#5061,#5063,.T.);
#5059 = VERTEX_POINT('',#5060);
#5060 = CARTESIAN_POINT('',(-35.99997205,8.71001348,0.));
#5061 = VERTEX_POINT('',#5062);
#5062 = CARTESIAN_POINT('',(-35.99997205,8.71001348,130.));
#5063 = LINE('',#5064,#5065);
#5064 = CARTESIAN_POINT('',(-35.99997205,8.71001348,0.));
#5065 = VECTOR('',#5066,1.);
#5066 = DIRECTION('',(0.,0.,1.));
#5067 = ORIENTED_EDGE('',*,*,#5068,.T.);
#5068 = EDGE_CURVE('',#5061,#5030,#5069,.T.);
#5069 = LINE('',#5070,#5071);
#5070 = CARTESIAN_POINT('',(-35.99997205,8.71001348,130.));
#5071 = VECTOR('',#5072,1.);
#5072 = DIRECTION('',(-1.,0.,0.));
#5073 = ORIENTED_EDGE('',*,*,#5027,.F.);
#5074 = ORIENTED_EDGE('',*,*,#5075,.F.);
#5075 = EDGE_CURVE('',#5059,#5028,#5076,.T.);
#5076 = LINE('',#5077,#5078);
#5077 = CARTESIAN_POINT('',(-35.99997205,8.71001348,0.));
#5078 = VECTOR('',#5079,1.);
#5079 = DIRECTION('',(-1.,0.,0.));
#5080 = PLANE('',#5081);
#5081 = AXIS2_PLACEMENT_3D('',#5082,#5083,#5084);
#5082 = CARTESIAN_POINT('',(-35.99997205,8.71001348,0.));
#5083 = DIRECTION('',(0.,-1.,0.));
#5084 = DIRECTION('',(-1.,0.,0.));
#5085 = ADVANCED_FACE('',(#5086),#5111,.T.);
#5086 = FACE_BOUND('',#5087,.T.);
#5087 = EDGE_LOOP('',(#5088,#5098,#5104,#5105));
#5088 = ORIENTED_EDGE('',*,*,#5089,.T.);
#5089 = EDGE_CURVE('',#5090,#5092,#5094,.T.);
#5090 = VERTEX_POINT('',#5091);
#5091 = CARTESIAN_POINT('',(-35.99997205,10.1100139,0.));
#5092 = VERTEX_POINT('',#5093);
#5093 = CARTESIAN_POINT('',(-35.99997205,10.1100139,130.));
#5094 = LINE('',#5095,#5096);
#5095 = CARTESIAN_POINT('',(-35.99997205,10.1100139,0.));
#5096 = VECTOR('',#5097,1.);
#5097 = DIRECTION('',(0.,0.,1.));
#5098 = ORIENTED_EDGE('',*,*,#5099,.T.);
#5099 = EDGE_CURVE('',#5092,#5061,#5100,.T.);
#5100 = LINE('',#5101,#5102);
#5101 = CARTESIAN_POINT('',(-35.99997205,10.1100139,130.));
#5102 = VECTOR('',#5103,1.);
#5103 = DIRECTION('',(0.,-1.,-0.));
#5104 = ORIENTED_EDGE('',*,*,#5058,.F.);
#5105 = ORIENTED_EDGE('',*,*,#5106,.F.);
#5106 = EDGE_CURVE('',#5090,#5059,#5107,.T.);
#5107 = LINE('',#5108,#5109);
#5108 = CARTESIAN_POINT('',(-35.99997205,10.1100139,0.));
#5109 = VECTOR('',#5110,1.);
#5110 = DIRECTION('',(0.,-1.,-0.));
#5111 = PLANE('',#5112);
#5112 = AXIS2_PLACEMENT_3D('',#5113,#5114,#5115);
#5113 = CARTESIAN_POINT('',(-35.99997205,10.1100139,0.));
#5114 = DIRECTION('',(1.,0.,-0.));
#5115 = DIRECTION('',(0.,-1.,0.));
#5116 = ADVANCED_FACE('',(#5117),#5142,.T.);
#5117 = FACE_BOUND('',#5118,.T.);
#5118 = EDGE_LOOP('',(#5119,#5129,#5135,#5136));
#5119 = ORIENTED_EDGE('',*,*,#5120,.T.);
#5120 = EDGE_CURVE('',#5121,#5123,#5125,.T.);
#5121 = VERTEX_POINT('',#5122);
#5122 = CARTESIAN_POINT('',(-38.14997119,10.1100139,0.));
#5123 = VERTEX_POINT('',#5124);
#5124 = CARTESIAN_POINT('',(-38.14997119,10.1100139,130.));
#5125 = LINE('',#5126,#5127);
#5126 = CARTESIAN_POINT('',(-38.14997119,10.1100139,0.));
#5127 = VECTOR('',#5128,1.);
#5128 = DIRECTION('',(0.,0.,1.));
#5129 = ORIENTED_EDGE('',*,*,#5130,.T.);
#5130 = EDGE_CURVE('',#5123,#5092,#5131,.T.);
#5131 = LINE('',#5132,#5133);
#5132 = CARTESIAN_POINT('',(-38.14997119,10.1100139,130.));
#5133 = VECTOR('',#5134,1.);
#5134 = DIRECTION('',(1.,0.,0.));
#5135 = ORIENTED_EDGE('',*,*,#5089,.F.);
#5136 = ORIENTED_EDGE('',*,*,#5137,.F.);
#5137 = EDGE_CURVE('',#5121,#5090,#5138,.T.);
#5138 = LINE('',#5139,#5140);
#5139 = CARTESIAN_POINT('',(-38.14997119,10.1100139,0.));
#5140 = VECTOR('',#5141,1.);
#5141 = DIRECTION('',(1.,0.,0.));
#5142 = PLANE('',#5143);
#5143 = AXIS2_PLACEMENT_3D('',#5144,#5145,#5146);
#5144 = CARTESIAN_POINT('',(-38.14997119,10.1100139,0.));
#5145 = DIRECTION('',(0.,1.,0.));
#5146 = DIRECTION('',(1.,0.,0.));
#5147 = ADVANCED_FACE('',(#5148),#5173,.T.);
#5148 = FACE_BOUND('',#5149,.T.);
#5149 = EDGE_LOOP('',(#5150,#5160,#5166,#5167));
#5150 = ORIENTED_EDGE('',*,*,#5151,.T.);
#5151 = EDGE_CURVE('',#5152,#5154,#5156,.T.);
#5152 = VERTEX_POINT('',#5153);
#5153 = CARTESIAN_POINT('',(-38.14997119,12.31001295,0.));
#5154 = VERTEX_POINT('',#5155);
#5155 = CARTESIAN_POINT('',(-38.14997119,12.31001295,130.));
#5156 = LINE('',#5157,#5158);
#5157 = CARTESIAN_POINT('',(-38.14997119,12.31001295,0.));
#5158 = VECTOR('',#5159,1.);
#5159 = DIRECTION('',(0.,0.,1.));
#5160 = ORIENTED_EDGE('',*,*,#5161,.T.);
#5161 = EDGE_CURVE('',#5154,#5123,#5162,.T.);
#5162 = LINE('',#5163,#5164);
#5163 = CARTESIAN_POINT('',(-38.14997119,12.31001295,130.));
#5164 = VECTOR('',#5165,1.);
#5165 = DIRECTION('',(0.,-1.,-0.));
#5166 = ORIENTED_EDGE('',*,*,#5120,.F.);
#5167 = ORIENTED_EDGE('',*,*,#5168,.F.);
#5168 = EDGE_CURVE('',#5152,#5121,#5169,.T.);
#5169 = LINE('',#5170,#5171);
#5170 = CARTESIAN_POINT('',(-38.14997119,12.31001295,0.));
#5171 = VECTOR('',#5172,1.);
#5172 = DIRECTION('',(0.,-1.,-0.));
#5173 = PLANE('',#5174);
#5174 = AXIS2_PLACEMENT_3D('',#5175,#5176,#5177);
#5175 = CARTESIAN_POINT('',(-38.14997119,12.31001295,0.));
#5176 = DIRECTION('',(1.,0.,-0.));
#5177 = DIRECTION('',(0.,-1.,0.));
#5178 = ADVANCED_FACE('',(#5179),#5204,.T.);
#5179 = FACE_BOUND('',#5180,.T.);
#5180 = EDGE_LOOP('',(#5181,#5191,#5197,#5198));
#5181 = ORIENTED_EDGE('',*,*,#5182,.T.);
#5182 = EDGE_CURVE('',#5183,#5185,#5187,.T.);
#5183 = VERTEX_POINT('',#5184);
#5184 = CARTESIAN_POINT('',(-34.99875545747,12.310013745,0.));
#5185 = VERTEX_POINT('',#5186);
#5186 = CARTESIAN_POINT('',(-34.99875545747,12.310013745,130.));
#5187 = LINE('',#5188,#5189);
#5188 = CARTESIAN_POINT('',(-34.99875545747,12.310013745,0.));
#5189 = VECTOR('',#5190,1.);
#5190 = DIRECTION('',(0.,0.,1.));
#5191 = ORIENTED_EDGE('',*,*,#5192,.T.);
#5192 = EDGE_CURVE('',#5185,#5154,#5193,.T.);
#5193 = LINE('',#5194,#5195);
#5194 = CARTESIAN_POINT('',(-34.99875546,12.31001374,130.));
#5195 = VECTOR('',#5196,1.);
#5196 = DIRECTION('',(-1.,-2.506968952074E-07,0.));
#5197 = ORIENTED_EDGE('',*,*,#5151,.F.);
#5198 = ORIENTED_EDGE('',*,*,#5199,.F.);
#5199 = EDGE_CURVE('',#5183,#5152,#5200,.T.);
#5200 = LINE('',#5201,#5202);
#5201 = CARTESIAN_POINT('',(-34.99875546,12.31001374,0.));
#5202 = VECTOR('',#5203,1.);
#5203 = DIRECTION('',(-1.,-2.506968952074E-07,0.));
#5204 = PLANE('',#5205);
#5205 = AXIS2_PLACEMENT_3D('',#5206,#5207,#5208);
#5206 = CARTESIAN_POINT('',(-34.99875546,12.31001374,0.));
#5207 = DIRECTION('',(2.506968952074E-07,-1.,0.));
#5208 = DIRECTION('',(-1.,-2.506968952074E-07,0.));
#5209 = ADVANCED_FACE('',(#5210),#5237,.T.);
#5210 = FACE_BOUND('',#5211,.T.);
#5211 = EDGE_LOOP('',(#5212,#5221,#5229,#5236));
#5212 = ORIENTED_EDGE('',*,*,#5213,.T.);
#5213 = EDGE_CURVE('',#5183,#5214,#5216,.T.);
#5214 = VERTEX_POINT('',#5215);
#5215 = CARTESIAN_POINT('',(-34.80556946982,12.561777389896,0.));
#5216 = CIRCLE('',#5217,0.20000023);
#5217 = AXIS2_PLACEMENT_3D('',#5218,#5219,#5220);
#5218 = CARTESIAN_POINT('',(-34.99875498,12.51001398,0.));
#5219 = DIRECTION('',(0.,-0.,1.));
#5220 = DIRECTION('',(1.,0.,0.));
#5221 = ORIENTED_EDGE('',*,*,#5222,.T.);
#5222 = EDGE_CURVE('',#5214,#5223,#5225,.T.);
#5223 = VERTEX_POINT('',#5224);
#5224 = CARTESIAN_POINT('',(-34.80556946982,12.561777389896,130.));
#5225 = LINE('',#5226,#5227);
#5226 = CARTESIAN_POINT('',(-34.80556946982,12.561777389896,0.));
#5227 = VECTOR('',#5228,1.);
#5228 = DIRECTION('',(0.,0.,1.));
#5229 = ORIENTED_EDGE('',*,*,#5230,.F.);
#5230 = EDGE_CURVE('',#5185,#5223,#5231,.T.);
#5231 = CIRCLE('',#5232,0.20000023);
#5232 = AXIS2_PLACEMENT_3D('',#5233,#5234,#5235);
#5233 = CARTESIAN_POINT('',(-34.99875498,12.51001398,130.));
#5234 = DIRECTION('',(0.,-0.,1.));
#5235 = DIRECTION('',(1.,0.,0.));
#5236 = ORIENTED_EDGE('',*,*,#5182,.F.);
#5237 = CYLINDRICAL_SURFACE('',#5238,0.20000023);
#5238 = AXIS2_PLACEMENT_3D('',#5239,#5240,#5241);
#5239 = CARTESIAN_POINT('',(-34.99875498,12.51001398,0.));
#5240 = DIRECTION('',(-0.,0.,-1.));
#5241 = DIRECTION('',(1.,0.,0.));
#5242 = ADVANCED_FACE('',(#5243),#5268,.T.);
#5243 = FACE_BOUND('',#5244,.T.);
#5244 = EDGE_LOOP('',(#5245,#5255,#5261,#5262));
#5245 = ORIENTED_EDGE('',*,*,#5246,.T.);
#5246 = EDGE_CURVE('',#5247,#5249,#5251,.T.);
#5247 = VERTEX_POINT('',#5248);
#5248 = CARTESIAN_POINT('',(-35.15144685722,13.852606459429,0.));
#5249 = VERTEX_POINT('',#5250);
#5250 = CARTESIAN_POINT('',(-35.15144685722,13.852606459429,130.));
#5251 = LINE('',#5252,#5253);
#5252 = CARTESIAN_POINT('',(-35.15144685722,13.852606459429,0.));
#5253 = VECTOR('',#5254,1.);
#5254 = DIRECTION('',(0.,0.,1.));
#5255 = ORIENTED_EDGE('',*,*,#5256,.T.);
#5256 = EDGE_CURVE('',#5249,#5223,#5257,.T.);
#5257 = LINE('',#5258,#5259);
#5258 = CARTESIAN_POINT('',(-35.15144686,13.85260646,130.));
#5259 = VECTOR('',#5260,1.);
#5260 = DIRECTION('',(0.25881959186,-0.965925679786,-0.));
#5261 = ORIENTED_EDGE('',*,*,#5222,.F.);
#5262 = ORIENTED_EDGE('',*,*,#5263,.F.);
#5263 = EDGE_CURVE('',#5247,#5214,#5264,.T.);
#5264 = LINE('',#5265,#5266);
#5265 = CARTESIAN_POINT('',(-35.15144686,13.85260646,0.));
#5266 = VECTOR('',#5267,1.);
#5267 = DIRECTION('',(0.25881959186,-0.965925679786,-0.));
#5268 = PLANE('',#5269);
#5269 = AXIS2_PLACEMENT_3D('',#5270,#5271,#5272);
#5270 = CARTESIAN_POINT('',(-35.15144686,13.85260646,0.));
#5271 = DIRECTION('',(0.965925679786,0.25881959186,-0.));
#5272 = DIRECTION('',(0.25881959186,-0.965925679786,0.));
#5273 = ADVANCED_FACE('',(#5274),#5301,.F.);
#5274 = FACE_BOUND('',#5275,.F.);
#5275 = EDGE_LOOP('',(#5276,#5285,#5286,#5295));
#5276 = ORIENTED_EDGE('',*,*,#5277,.T.);
#5277 = EDGE_CURVE('',#5278,#5247,#5280,.T.);
#5278 = VERTEX_POINT('',#5279);
#5279 = CARTESIAN_POINT('',(-34.26756304497,14.73649010322,0.));
#5280 = CIRCLE('',#5281,1.25000036);
#5281 = AXIS2_PLACEMENT_3D('',#5282,#5283,#5284);
#5282 = CARTESIAN_POINT('',(-35.47497064,15.06001412,0.));
#5283 = DIRECTION('',(0.,-0.,1.));
#5284 = DIRECTION('',(1.,0.,0.));
#5285 = ORIENTED_EDGE('',*,*,#5246,.T.);
#5286 = ORIENTED_EDGE('',*,*,#5287,.F.);
#5287 = EDGE_CURVE('',#5288,#5249,#5290,.T.);
#5288 = VERTEX_POINT('',#5289);
#5289 = CARTESIAN_POINT('',(-34.26756304497,14.73649010322,130.));
#5290 = CIRCLE('',#5291,1.25000036);
#5291 = AXIS2_PLACEMENT_3D('',#5292,#5293,#5294);
#5292 = CARTESIAN_POINT('',(-35.47497064,15.06001412,130.));
#5293 = DIRECTION('',(0.,-0.,1.));
#5294 = DIRECTION('',(1.,0.,0.));
#5295 = ORIENTED_EDGE('',*,*,#5296,.F.);
#5296 = EDGE_CURVE('',#5278,#5288,#5297,.T.);
#5297 = LINE('',#5298,#5299);
#5298 = CARTESIAN_POINT('',(-34.26756304497,14.73649010322,0.));
#5299 = VECTOR('',#5300,1.);
#5300 = DIRECTION('',(0.,0.,1.));
#5301 = CYLINDRICAL_SURFACE('',#5302,1.25000036);
#5302 = AXIS2_PLACEMENT_3D('',#5303,#5304,#5305);
#5303 = CARTESIAN_POINT('',(-35.47497064,15.06001412,0.));
#5304 = DIRECTION('',(-0.,0.,-1.));
#5305 = DIRECTION('',(1.,0.,0.));
#5306 = ADVANCED_FACE('',(#5307),#5332,.T.);
#5307 = FACE_BOUND('',#5308,.T.);
#5308 = EDGE_LOOP('',(#5309,#5319,#5325,#5326));
#5309 = ORIENTED_EDGE('',*,*,#5310,.T.);
#5310 = EDGE_CURVE('',#5311,#5313,#5315,.T.);
#5311 = VERTEX_POINT('',#5312);
#5312 = CARTESIAN_POINT('',(-32.20173446894,14.182952751651,0.));
#5313 = VERTEX_POINT('',#5314);
#5314 = CARTESIAN_POINT('',(-32.20173446894,14.182952751651,130.));
#5315 = LINE('',#5316,#5317);
#5316 = CARTESIAN_POINT('',(-32.20173446894,14.182952751651,0.));
#5317 = VECTOR('',#5318,1.);
#5318 = DIRECTION('',(0.,0.,1.));
#5319 = ORIENTED_EDGE('',*,*,#5320,.T.);
#5320 = EDGE_CURVE('',#5313,#5288,#5321,.T.);
#5321 = LINE('',#5322,#5323);
#5322 = CARTESIAN_POINT('',(-32.20173447,14.18295275,130.));
#5323 = VECTOR('',#5324,1.);
#5324 = DIRECTION('',(-0.965925797032,0.258819154291,0.));
#5325 = ORIENTED_EDGE('',*,*,#5296,.F.);
#5326 = ORIENTED_EDGE('',*,*,#5327,.F.);
#5327 = EDGE_CURVE('',#5311,#5278,#5328,.T.);
#5328 = LINE('',#5329,#5330);
#5329 = CARTESIAN_POINT('',(-32.20173447,14.18295275,0.));
#5330 = VECTOR('',#5331,1.);
#5331 = DIRECTION('',(-0.965925797032,0.258819154291,0.));
#5332 = PLANE('',#5333);
#5333 = AXIS2_PLACEMENT_3D('',#5334,#5335,#5336);
#5334 = CARTESIAN_POINT('',(-32.20173447,14.18295275,0.));
#5335 = DIRECTION('',(-0.258819154291,-0.965925797032,0.));
#5336 = DIRECTION('',(-0.965925797032,0.258819154291,0.));
#5337 = ADVANCED_FACE('',(#5338),#5365,.T.);
#5338 = FACE_BOUND('',#5339,.T.);
#5339 = EDGE_LOOP('',(#5340,#5349,#5357,#5364));
#5340 = ORIENTED_EDGE('',*,*,#5341,.T.);
#5341 = EDGE_CURVE('',#5311,#5342,#5344,.T.);
#5342 = VERTEX_POINT('',#5343);
#5343 = CARTESIAN_POINT('',(-31.94997054,14.376137190133,0.));
#5344 = CIRCLE('',#5345,0.19999978);
#5345 = AXIS2_PLACEMENT_3D('',#5346,#5347,#5348);
#5346 = CARTESIAN_POINT('',(-32.14997032,14.3761376,0.));
#5347 = DIRECTION('',(0.,-0.,1.));
#5348 = DIRECTION('',(1.,0.,0.));
#5349 = ORIENTED_EDGE('',*,*,#5350,.T.);
#5350 = EDGE_CURVE('',#5342,#5351,#5353,.T.);
#5351 = VERTEX_POINT('',#5352);
#5352 = CARTESIAN_POINT('',(-31.94997054,14.376137190133,130.));
#5353 = LINE('',#5354,#5355);
#5354 = CARTESIAN_POINT('',(-31.94997054,14.376137190133,0.));
#5355 = VECTOR('',#5356,1.);
#5356 = DIRECTION('',(0.,0.,1.));
#5357 = ORIENTED_EDGE('',*,*,#5358,.F.);
#5358 = EDGE_CURVE('',#5313,#5351,#5359,.T.);
#5359 = CIRCLE('',#5360,0.19999978);
#5360 = AXIS2_PLACEMENT_3D('',#5361,#5362,#5363);
#5361 = CARTESIAN_POINT('',(-32.14997032,14.3761376,130.));
#5362 = DIRECTION('',(0.,-0.,1.));
#5363 = DIRECTION('',(1.,0.,0.));
#5364 = ORIENTED_EDGE('',*,*,#5310,.F.);
#5365 = CYLINDRICAL_SURFACE('',#5366,0.19999978);
#5366 = AXIS2_PLACEMENT_3D('',#5367,#5368,#5369);
#5367 = CARTESIAN_POINT('',(-32.14997032,14.3761376,0.));
#5368 = DIRECTION('',(-0.,0.,-1.));
#5369 = DIRECTION('',(1.,0.,0.));
#5370 = ADVANCED_FACE('',(#5371),#5396,.T.);
#5371 = FACE_BOUND('',#5372,.T.);
#5372 = EDGE_LOOP('',(#5373,#5383,#5389,#5390));
#5373 = ORIENTED_EDGE('',*,*,#5374,.T.);
#5374 = EDGE_CURVE('',#5375,#5377,#5379,.T.);
#5375 = VERTEX_POINT('',#5376);
#5376 = CARTESIAN_POINT('',(-31.94997054,17.4100136,0.));
#5377 = VERTEX_POINT('',#5378);
#5378 = CARTESIAN_POINT('',(-31.94997054,17.4100136,130.));
#5379 = LINE('',#5380,#5381);
#5380 = CARTESIAN_POINT('',(-31.94997054,17.4100136,0.));
#5381 = VECTOR('',#5382,1.);
#5382 = DIRECTION('',(0.,0.,1.));
#5383 = ORIENTED_EDGE('',*,*,#5384,.T.);
#5384 = EDGE_CURVE('',#5377,#5351,#5385,.T.);
#5385 = LINE('',#5386,#5387);
#5386 = CARTESIAN_POINT('',(-31.94997054,17.4100136,130.));
#5387 = VECTOR('',#5388,1.);
#5388 = DIRECTION('',(0.,-1.,-0.));
#5389 = ORIENTED_EDGE('',*,*,#5350,.F.);
#5390 = ORIENTED_EDGE('',*,*,#5391,.F.);
#5391 = EDGE_CURVE('',#5375,#5342,#5392,.T.);
#5392 = LINE('',#5393,#5394);
#5393 = CARTESIAN_POINT('',(-31.94997054,17.4100136,0.));
#5394 = VECTOR('',#5395,1.);
#5395 = DIRECTION('',(0.,-1.,-0.));
#5396 = PLANE('',#5397);
#5397 = AXIS2_PLACEMENT_3D('',#5398,#5399,#5400);
#5398 = CARTESIAN_POINT('',(-31.94997054,17.4100136,0.));
#5399 = DIRECTION('',(1.,0.,-0.));
#5400 = DIRECTION('',(0.,-1.,0.));
#5401 = ADVANCED_FACE('',(#5402),#5427,.T.);
#5402 = FACE_BOUND('',#5403,.T.);
#5403 = EDGE_LOOP('',(#5404,#5414,#5420,#5421));
#5404 = ORIENTED_EDGE('',*,*,#5405,.T.);
#5405 = EDGE_CURVE('',#5406,#5408,#5410,.T.);
#5406 = VERTEX_POINT('',#5407);
#5407 = CARTESIAN_POINT('',(31.9500308,17.4100136,0.));
#5408 = VERTEX_POINT('',#5409);
#5409 = CARTESIAN_POINT('',(31.9500308,17.4100136,130.));
#5410 = LINE('',#5411,#5412);
#5411 = CARTESIAN_POINT('',(31.9500308,17.4100136,0.));
#5412 = VECTOR('',#5413,1.);
#5413 = DIRECTION('',(0.,0.,1.));
#5414 = ORIENTED_EDGE('',*,*,#5415,.T.);
#5415 = EDGE_CURVE('',#5408,#5377,#5416,.T.);
#5416 = LINE('',#5417,#5418);
#5417 = CARTESIAN_POINT('',(31.9500308,17.4100136,130.));
#5418 = VECTOR('',#5419,1.);
#5419 = DIRECTION('',(-1.,0.,0.));
#5420 = ORIENTED_EDGE('',*,*,#5374,.F.);
#5421 = ORIENTED_EDGE('',*,*,#5422,.F.);
#5422 = EDGE_CURVE('',#5406,#5375,#5423,.T.);
#5423 = LINE('',#5424,#5425);
#5424 = CARTESIAN_POINT('',(31.9500308,17.4100136,0.));
#5425 = VECTOR('',#5426,1.);
#5426 = DIRECTION('',(-1.,0.,0.));
#5427 = PLANE('',#5428);
#5428 = AXIS2_PLACEMENT_3D('',#5429,#5430,#5431);
#5429 = CARTESIAN_POINT('',(31.9500308,17.4100136,0.));
#5430 = DIRECTION('',(0.,-1.,0.));
#5431 = DIRECTION('',(-1.,0.,0.));
#5432 = ADVANCED_FACE('',(#5433),#5458,.T.);
#5433 = FACE_BOUND('',#5434,.T.);
#5434 = EDGE_LOOP('',(#5435,#5445,#5451,#5452));
#5435 = ORIENTED_EDGE('',*,*,#5436,.T.);
#5436 = EDGE_CURVE('',#5437,#5439,#5441,.T.);
#5437 = VERTEX_POINT('',#5438);
#5438 = CARTESIAN_POINT('',(31.950029335,14.376137912166,0.));
#5439 = VERTEX_POINT('',#5440);
#5440 = CARTESIAN_POINT('',(31.950029335,14.376137912166,130.));
#5441 = LINE('',#5442,#5443);
#5442 = CARTESIAN_POINT('',(31.950029335,14.376137912166,0.));
#5443 = VECTOR('',#5444,1.);
#5444 = DIRECTION('',(0.,0.,1.));
#5445 = ORIENTED_EDGE('',*,*,#5446,.T.);
#5446 = EDGE_CURVE('',#5439,#5408,#5447,.T.);
#5447 = LINE('',#5448,#5449);
#5448 = CARTESIAN_POINT('',(31.95002934,14.37613791,130.));
#5449 = VECTOR('',#5450,1.);
#5450 = DIRECTION('',(4.812326374546E-07,1.,0.));
#5451 = ORIENTED_EDGE('',*,*,#5405,.F.);
#5452 = ORIENTED_EDGE('',*,*,#5453,.F.);
#5453 = EDGE_CURVE('',#5437,#5406,#5454,.T.);
#5454 = LINE('',#5455,#5456);
#5455 = CARTESIAN_POINT('',(31.95002934,14.37613791,0.));
#5456 = VECTOR('',#5457,1.);
#5457 = DIRECTION('',(4.812326374546E-07,1.,0.));
#5458 = PLANE('',#5459);
#5459 = AXIS2_PLACEMENT_3D('',#5460,#5461,#5462);
#5460 = CARTESIAN_POINT('',(31.95002934,14.37613791,0.));
#5461 = DIRECTION('',(-1.,4.812326374546E-07,0.));
#5462 = DIRECTION('',(4.812326374546E-07,1.,0.));
#5463 = ADVANCED_FACE('',(#5464),#5491,.T.);
#5464 = FACE_BOUND('',#5465,.T.);
#5465 = EDGE_LOOP('',(#5466,#5475,#5483,#5490));
#5466 = ORIENTED_EDGE('',*,*,#5467,.T.);
#5467 = EDGE_CURVE('',#5437,#5468,#5470,.T.);
#5468 = VERTEX_POINT('',#5469);
#5469 = CARTESIAN_POINT('',(32.201793369374,14.182952942084,0.));
#5470 = CIRCLE('',#5471,0.20000004);
#5471 = AXIS2_PLACEMENT_3D('',#5472,#5473,#5474);
#5472 = CARTESIAN_POINT('',(32.15002937,14.3761381,0.));
#5473 = DIRECTION('',(0.,-0.,1.));
#5474 = DIRECTION('',(1.,0.,0.));
#5475 = ORIENTED_EDGE('',*,*,#5476,.T.);
#5476 = EDGE_CURVE('',#5468,#5477,#5479,.T.);
#5477 = VERTEX_POINT('',#5478);
#5478 = CARTESIAN_POINT('',(32.201793369374,14.182952942084,130.));
#5479 = LINE('',#5480,#5481);
#5480 = CARTESIAN_POINT('',(32.201793369374,14.182952942084,0.));
#5481 = VECTOR('',#5482,1.);
#5482 = DIRECTION('',(0.,0.,1.));
#5483 = ORIENTED_EDGE('',*,*,#5484,.F.);
#5484 = EDGE_CURVE('',#5439,#5477,#5485,.T.);
#5485 = CIRCLE('',#5486,0.20000004);
#5486 = AXIS2_PLACEMENT_3D('',#5487,#5488,#5489);
#5487 = CARTESIAN_POINT('',(32.15002937,14.3761381,130.));
#5488 = DIRECTION('',(0.,-0.,1.));
#5489 = DIRECTION('',(1.,0.,0.));
#5490 = ORIENTED_EDGE('',*,*,#5436,.F.);
#5491 = CYLINDRICAL_SURFACE('',#5492,0.20000004);
#5492 = AXIS2_PLACEMENT_3D('',#5493,#5494,#5495);
#5493 = CARTESIAN_POINT('',(32.15002937,14.3761381,0.));
#5494 = DIRECTION('',(-0.,0.,-1.));
#5495 = DIRECTION('',(1.,0.,0.));
#5496 = ADVANCED_FACE('',(#5497),#5522,.T.);
#5497 = FACE_BOUND('',#5498,.T.);
#5498 = EDGE_LOOP('',(#5499,#5509,#5515,#5516));
#5499 = ORIENTED_EDGE('',*,*,#5500,.T.);
#5500 = EDGE_CURVE('',#5501,#5503,#5505,.T.);
#5501 = VERTEX_POINT('',#5502);
#5502 = CARTESIAN_POINT('',(34.267622054004,14.736489931246,0.));
#5503 = VERTEX_POINT('',#5504);
#5504 = CARTESIAN_POINT('',(34.267622054004,14.736489931246,130.));
#5505 = LINE('',#5506,#5507);
#5506 = CARTESIAN_POINT('',(34.267622054004,14.736489931246,0.));
#5507 = VECTOR('',#5508,1.);
#5508 = DIRECTION('',(0.,0.,1.));
#5509 = ORIENTED_EDGE('',*,*,#5510,.T.);
#5510 = EDGE_CURVE('',#5503,#5477,#5511,.T.);
#5511 = LINE('',#5512,#5513);
#5512 = CARTESIAN_POINT('',(34.26762205,14.73648993,130.));
#5513 = VECTOR('',#5514,1.);
#5514 = DIRECTION('',(-0.965925842246,-0.258818985551,0.));
#5515 = ORIENTED_EDGE('',*,*,#5476,.F.);
#5516 = ORIENTED_EDGE('',*,*,#5517,.F.);
#5517 = EDGE_CURVE('',#5501,#5468,#5518,.T.);
#5518 = LINE('',#5519,#5520);
#5519 = CARTESIAN_POINT('',(34.26762205,14.73648993,0.));
#5520 = VECTOR('',#5521,1.);
#5521 = DIRECTION('',(-0.965925842246,-0.258818985551,0.));
#5522 = PLANE('',#5523);
#5523 = AXIS2_PLACEMENT_3D('',#5524,#5525,#5526);
#5524 = CARTESIAN_POINT('',(34.26762205,14.73648993,0.));
#5525 = DIRECTION('',(0.258818985551,-0.965925842246,0.));
#5526 = DIRECTION('',(-0.965925842246,-0.258818985551,0.));
#5527 = ADVANCED_FACE('',(#5528),#5555,.F.);
#5528 = FACE_BOUND('',#5529,.F.);
#5529 = EDGE_LOOP('',(#5530,#5539,#5540,#5549));
#5530 = ORIENTED_EDGE('',*,*,#5531,.T.);
#5531 = EDGE_CURVE('',#5532,#5501,#5534,.T.);
#5532 = VERTEX_POINT('',#5533);
#5533 = CARTESIAN_POINT('',(35.151504309899,13.85260723975,0.));
#5534 = CIRCLE('',#5535,1.24999858);
#5535 = AXIS2_PLACEMENT_3D('',#5536,#5537,#5538);
#5536 = CARTESIAN_POINT('',(35.47502805,15.06001307,0.));
#5537 = DIRECTION('',(0.,-0.,1.));
#5538 = DIRECTION('',(1.,0.,0.));
#5539 = ORIENTED_EDGE('',*,*,#5500,.T.);
#5540 = ORIENTED_EDGE('',*,*,#5541,.F.);
#5541 = EDGE_CURVE('',#5542,#5503,#5544,.T.);
#5542 = VERTEX_POINT('',#5543);
#5543 = CARTESIAN_POINT('',(35.151504309899,13.85260723975,130.));
#5544 = CIRCLE('',#5545,1.24999858);
#5545 = AXIS2_PLACEMENT_3D('',#5546,#5547,#5548);
#5546 = CARTESIAN_POINT('',(35.47502805,15.06001307,130.));
#5547 = DIRECTION('',(0.,-0.,1.));
#5548 = DIRECTION('',(1.,0.,0.));
#5549 = ORIENTED_EDGE('',*,*,#5550,.F.);
#5550 = EDGE_CURVE('',#5532,#5542,#5551,.T.);
#5551 = LINE('',#5552,#5553);
#5552 = CARTESIAN_POINT('',(35.151504309899,13.85260723975,0.));
#5553 = VECTOR('',#5554,1.);
#5554 = DIRECTION('',(0.,0.,1.));
#5555 = CYLINDRICAL_SURFACE('',#5556,1.24999858);
#5556 = AXIS2_PLACEMENT_3D('',#5557,#5558,#5559);
#5557 = CARTESIAN_POINT('',(35.47502805,15.06001307,0.));
#5558 = DIRECTION('',(-0.,0.,-1.));
#5559 = DIRECTION('',(1.,0.,0.));
#5560 = ADVANCED_FACE('',(#5561),#5586,.T.);
#5561 = FACE_BOUND('',#5562,.T.);
#5562 = EDGE_LOOP('',(#5563,#5573,#5579,#5580));
#5563 = ORIENTED_EDGE('',*,*,#5564,.T.);
#5564 = EDGE_CURVE('',#5565,#5567,#5569,.T.);
#5565 = VERTEX_POINT('',#5566);
#5566 = CARTESIAN_POINT('',(34.805628964091,12.561777549782,0.));
#5567 = VERTEX_POINT('',#5568);
#5568 = CARTESIAN_POINT('',(34.805628964091,12.561777549782,130.));
#5569 = LINE('',#5570,#5571);
#5570 = CARTESIAN_POINT('',(34.805628964091,12.561777549782,0.));
#5571 = VECTOR('',#5572,1.);
#5572 = DIRECTION('',(0.,0.,1.));
#5573 = ORIENTED_EDGE('',*,*,#5574,.T.);
#5574 = EDGE_CURVE('',#5567,#5542,#5575,.T.);
#5575 = LINE('',#5576,#5577);
#5576 = CARTESIAN_POINT('',(34.80562897,12.56177755,130.));
#5577 = VECTOR('',#5578,1.);
#5578 = DIRECTION('',(0.258818044621,0.965926094367,0.));
#5579 = ORIENTED_EDGE('',*,*,#5550,.F.);
#5580 = ORIENTED_EDGE('',*,*,#5581,.F.);
#5581 = EDGE_CURVE('',#5565,#5532,#5582,.T.);
#5582 = LINE('',#5583,#5584);
#5583 = CARTESIAN_POINT('',(34.80562897,12.56177755,0.));
#5584 = VECTOR('',#5585,1.);
#5585 = DIRECTION('',(0.258818044621,0.965926094367,0.));
#5586 = PLANE('',#5587);
#5587 = AXIS2_PLACEMENT_3D('',#5588,#5589,#5590);
#5588 = CARTESIAN_POINT('',(34.80562897,12.56177755,0.));
#5589 = DIRECTION('',(-0.965926094367,0.258818044621,0.));
#5590 = DIRECTION('',(0.258818044621,0.965926094367,0.));
#5591 = ADVANCED_FACE('',(#5592),#5619,.T.);
#5592 = FACE_BOUND('',#5593,.T.);
#5593 = EDGE_LOOP('',(#5594,#5603,#5611,#5618));
#5594 = ORIENTED_EDGE('',*,*,#5595,.T.);
#5595 = EDGE_CURVE('',#5565,#5596,#5598,.T.);
#5596 = VERTEX_POINT('',#5597);
#5597 = CARTESIAN_POINT('',(34.998815829978,12.31001295,0.));
#5598 = CIRCLE('',#5599,0.20000105);
#5599 = AXIS2_PLACEMENT_3D('',#5600,#5601,#5602);
#5600 = CARTESIAN_POINT('',(34.99881528,12.510014,0.));
#5601 = DIRECTION('',(0.,-0.,1.));
#5602 = DIRECTION('',(1.,0.,0.));
#5603 = ORIENTED_EDGE('',*,*,#5604,.T.);
#5604 = EDGE_CURVE('',#5596,#5605,#5607,.T.);
#5605 = VERTEX_POINT('',#5606);
#5606 = CARTESIAN_POINT('',(34.998815829978,12.31001295,130.));
#5607 = LINE('',#5608,#5609);
#5608 = CARTESIAN_POINT('',(34.998815829978,12.31001295,0.));
#5609 = VECTOR('',#5610,1.);
#5610 = DIRECTION('',(0.,0.,1.));
#5611 = ORIENTED_EDGE('',*,*,#5612,.F.);
#5612 = EDGE_CURVE('',#5567,#5605,#5613,.T.);
#5613 = CIRCLE('',#5614,0.20000105);
#5614 = AXIS2_PLACEMENT_3D('',#5615,#5616,#5617);
#5615 = CARTESIAN_POINT('',(34.99881528,12.510014,130.));
#5616 = DIRECTION('',(0.,-0.,1.));
#5617 = DIRECTION('',(1.,0.,0.));
#5618 = ORIENTED_EDGE('',*,*,#5564,.F.);
#5619 = CYLINDRICAL_SURFACE('',#5620,0.20000105);
#5620 = AXIS2_PLACEMENT_3D('',#5621,#5622,#5623);
#5621 = CARTESIAN_POINT('',(34.99881528,12.510014,0.));
#5622 = DIRECTION('',(-0.,0.,-1.));
#5623 = DIRECTION('',(1.,0.,0.));
#5624 = ADVANCED_FACE('',(#5625),#5650,.T.);
#5625 = FACE_BOUND('',#5626,.T.);
#5626 = EDGE_LOOP('',(#5627,#5637,#5643,#5644));
#5627 = ORIENTED_EDGE('',*,*,#5628,.T.);
#5628 = EDGE_CURVE('',#5629,#5631,#5633,.T.);
#5629 = VERTEX_POINT('',#5630);
#5630 = CARTESIAN_POINT('',(38.15002772,12.31001295,0.));
#5631 = VERTEX_POINT('',#5632);
#5632 = CARTESIAN_POINT('',(38.15002772,12.31001295,130.));
#5633 = LINE('',#5634,#5635);
#5634 = CARTESIAN_POINT('',(38.15002772,12.31001295,0.));
#5635 = VECTOR('',#5636,1.);
#5636 = DIRECTION('',(0.,0.,1.));
#5637 = ORIENTED_EDGE('',*,*,#5638,.T.);
#5638 = EDGE_CURVE('',#5631,#5605,#5639,.T.);
#5639 = LINE('',#5640,#5641);
#5640 = CARTESIAN_POINT('',(38.15002772,12.31001295,130.));
#5641 = VECTOR('',#5642,1.);
#5642 = DIRECTION('',(-1.,0.,0.));
#5643 = ORIENTED_EDGE('',*,*,#5604,.F.);
#5644 = ORIENTED_EDGE('',*,*,#5645,.F.);
#5645 = EDGE_CURVE('',#5629,#5596,#5646,.T.);
#5646 = LINE('',#5647,#5648);
#5647 = CARTESIAN_POINT('',(38.15002772,12.31001295,0.));
#5648 = VECTOR('',#5649,1.);
#5649 = DIRECTION('',(-1.,0.,0.));
#5650 = PLANE('',#5651);
#5651 = AXIS2_PLACEMENT_3D('',#5652,#5653,#5654);
#5652 = CARTESIAN_POINT('',(38.15002772,12.31001295,0.));
#5653 = DIRECTION('',(0.,-1.,0.));
#5654 = DIRECTION('',(-1.,0.,0.));
#5655 = ADVANCED_FACE('',(#5656),#5681,.T.);
#5656 = FACE_BOUND('',#5657,.T.);
#5657 = EDGE_LOOP('',(#5658,#5668,#5674,#5675));
#5658 = ORIENTED_EDGE('',*,*,#5659,.T.);
#5659 = EDGE_CURVE('',#5660,#5662,#5664,.T.);
#5660 = VERTEX_POINT('',#5661);
#5661 = CARTESIAN_POINT('',(38.15002772,10.1100139,0.));
#5662 = VERTEX_POINT('',#5663);
#5663 = CARTESIAN_POINT('',(38.15002772,10.1100139,130.));
#5664 = LINE('',#5665,#5666);
#5665 = CARTESIAN_POINT('',(38.15002772,10.1100139,0.));
#5666 = VECTOR('',#5667,1.);
#5667 = DIRECTION('',(0.,0.,1.));
#5668 = ORIENTED_EDGE('',*,*,#5669,.T.);
#5669 = EDGE_CURVE('',#5662,#5631,#5670,.T.);
#5670 = LINE('',#5671,#5672);
#5671 = CARTESIAN_POINT('',(38.15002772,10.1100139,130.));
#5672 = VECTOR('',#5673,1.);
#5673 = DIRECTION('',(0.,1.,0.));
#5674 = ORIENTED_EDGE('',*,*,#5628,.F.);
#5675 = ORIENTED_EDGE('',*,*,#5676,.F.);
#5676 = EDGE_CURVE('',#5660,#5629,#5677,.T.);
#5677 = LINE('',#5678,#5679);
#5678 = CARTESIAN_POINT('',(38.15002772,10.1100139,0.));
#5679 = VECTOR('',#5680,1.);
#5680 = DIRECTION('',(0.,1.,0.));
#5681 = PLANE('',#5682);
#5682 = AXIS2_PLACEMENT_3D('',#5683,#5684,#5685);
#5683 = CARTESIAN_POINT('',(38.15002772,10.1100139,0.));
#5684 = DIRECTION('',(-1.,0.,0.));
#5685 = DIRECTION('',(0.,1.,0.));
#5686 = ADVANCED_FACE('',(#5687),#5712,.T.);
#5687 = FACE_BOUND('',#5688,.T.);
#5688 = EDGE_LOOP('',(#5689,#5699,#5705,#5706));
#5689 = ORIENTED_EDGE('',*,*,#5690,.T.);
#5690 = EDGE_CURVE('',#5691,#5693,#5695,.T.);
#5691 = VERTEX_POINT('',#5692);
#5692 = CARTESIAN_POINT('',(36.00002858,10.1100139,0.));
#5693 = VERTEX_POINT('',#5694);
#5694 = CARTESIAN_POINT('',(36.00002858,10.1100139,130.));
#5695 = LINE('',#5696,#5697);
#5696 = CARTESIAN_POINT('',(36.00002858,10.1100139,0.));
#5697 = VECTOR('',#5698,1.);
#5698 = DIRECTION('',(0.,0.,1.));
#5699 = ORIENTED_EDGE('',*,*,#5700,.T.);
#5700 = EDGE_CURVE('',#5693,#5662,#5701,.T.);
#5701 = LINE('',#5702,#5703);
#5702 = CARTESIAN_POINT('',(36.00002858,10.1100139,130.));
#5703 = VECTOR('',#5704,1.);
#5704 = DIRECTION('',(1.,0.,0.));
#5705 = ORIENTED_EDGE('',*,*,#5659,.F.);
#5706 = ORIENTED_EDGE('',*,*,#5707,.F.);
#5707 = EDGE_CURVE('',#5691,#5660,#5708,.T.);
#5708 = LINE('',#5709,#5710);
#5709 = CARTESIAN_POINT('',(36.00002858,10.1100139,0.));
#5710 = VECTOR('',#5711,1.);
#5711 = DIRECTION('',(1.,0.,0.));
#5712 = PLANE('',#5713);
#5713 = AXIS2_PLACEMENT_3D('',#5714,#5715,#5716);
#5714 = CARTESIAN_POINT('',(36.00002858,10.1100139,0.));
#5715 = DIRECTION('',(0.,1.,0.));
#5716 = DIRECTION('',(1.,0.,0.));
#5717 = ADVANCED_FACE('',(#5718),#5743,.T.);
#5718 = FACE_BOUND('',#5719,.T.);
#5719 = EDGE_LOOP('',(#5720,#5730,#5736,#5737));
#5720 = ORIENTED_EDGE('',*,*,#5721,.T.);
#5721 = EDGE_CURVE('',#5722,#5724,#5726,.T.);
#5722 = VERTEX_POINT('',#5723);
#5723 = CARTESIAN_POINT('',(36.00002858,8.71001348,0.));
#5724 = VERTEX_POINT('',#5725);
#5725 = CARTESIAN_POINT('',(36.00002858,8.71001348,130.));
#5726 = LINE('',#5727,#5728);
#5727 = CARTESIAN_POINT('',(36.00002858,8.71001348,0.));
#5728 = VECTOR('',#5729,1.);
#5729 = DIRECTION('',(0.,0.,1.));
#5730 = ORIENTED_EDGE('',*,*,#5731,.T.);
#5731 = EDGE_CURVE('',#5724,#5693,#5732,.T.);
#5732 = LINE('',#5733,#5734);
#5733 = CARTESIAN_POINT('',(36.00002858,8.71001348,130.));
#5734 = VECTOR('',#5735,1.);
#5735 = DIRECTION('',(0.,1.,0.));
#5736 = ORIENTED_EDGE('',*,*,#5690,.F.);
#5737 = ORIENTED_EDGE('',*,*,#5738,.F.);
#5738 = EDGE_CURVE('',#5722,#5691,#5739,.T.);
#5739 = LINE('',#5740,#5741);
#5740 = CARTESIAN_POINT('',(36.00002858,8.71001348,0.));
#5741 = VECTOR('',#5742,1.);
#5742 = DIRECTION('',(0.,1.,0.));
#5743 = PLANE('',#5744);
#5744 = AXIS2_PLACEMENT_3D('',#5745,#5746,#5747);
#5745 = CARTESIAN_POINT('',(36.00002858,8.71001348,0.));
#5746 = DIRECTION('',(-1.,0.,0.));
#5747 = DIRECTION('',(0.,1.,0.));
#5748 = ADVANCED_FACE('',(#5749),#5774,.T.);
#5749 = FACE_BOUND('',#5750,.T.);
#5750 = EDGE_LOOP('',(#5751,#5761,#5767,#5768));
#5751 = ORIENTED_EDGE('',*,*,#5752,.T.);
#5752 = EDGE_CURVE('',#5753,#5755,#5757,.T.);
#5753 = VERTEX_POINT('',#5754);
#5754 = CARTESIAN_POINT('',(38.15002772,8.71001348,0.));
#5755 = VERTEX_POINT('',#5756);
#5756 = CARTESIAN_POINT('',(38.15002772,8.71001348,130.));
#5757 = LINE('',#5758,#5759);
#5758 = CARTESIAN_POINT('',(38.15002772,8.71001348,0.));
#5759 = VECTOR('',#5760,1.);
#5760 = DIRECTION('',(0.,0.,1.));
#5761 = ORIENTED_EDGE('',*,*,#5762,.T.);
#5762 = EDGE_CURVE('',#5755,#5724,#5763,.T.);
#5763 = LINE('',#5764,#5765);
#5764 = CARTESIAN_POINT('',(38.15002772,8.71001348,130.));
#5765 = VECTOR('',#5766,1.);
#5766 = DIRECTION('',(-1.,0.,0.));
#5767 = ORIENTED_EDGE('',*,*,#5721,.F.);
#5768 = ORIENTED_EDGE('',*,*,#5769,.F.);
#5769 = EDGE_CURVE('',#5753,#5722,#5770,.T.);
#5770 = LINE('',#5771,#5772);
#5771 = CARTESIAN_POINT('',(38.15002772,8.71001348,0.));
#5772 = VECTOR('',#5773,1.);
#5773 = DIRECTION('',(-1.,0.,0.));
#5774 = PLANE('',#5775);
#5775 = AXIS2_PLACEMENT_3D('',#5776,#5777,#5778);
#5776 = CARTESIAN_POINT('',(38.15002772,8.71001348,0.));
#5777 = DIRECTION('',(0.,-1.,0.));
#5778 = DIRECTION('',(-1.,0.,0.));
#5779 = ADVANCED_FACE('',(#5780),#5805,.T.);
#5780 = FACE_BOUND('',#5781,.T.);
#5781 = EDGE_LOOP('',(#5782,#5792,#5798,#5799));
#5782 = ORIENTED_EDGE('',*,*,#5783,.T.);
#5783 = EDGE_CURVE('',#5784,#5786,#5788,.T.);
#5784 = VERTEX_POINT('',#5785);
#5785 = CARTESIAN_POINT('',(38.15002772,6.51001349,0.));
#5786 = VERTEX_POINT('',#5787);
#5787 = CARTESIAN_POINT('',(38.15002772,6.51001349,130.));
#5788 = LINE('',#5789,#5790);
#5789 = CARTESIAN_POINT('',(38.15002772,6.51001349,0.));
#5790 = VECTOR('',#5791,1.);
#5791 = DIRECTION('',(0.,0.,1.));
#5792 = ORIENTED_EDGE('',*,*,#5793,.T.);
#5793 = EDGE_CURVE('',#5786,#5755,#5794,.T.);
#5794 = LINE('',#5795,#5796);
#5795 = CARTESIAN_POINT('',(38.15002772,6.51001349,130.));
#5796 = VECTOR('',#5797,1.);
#5797 = DIRECTION('',(0.,1.,0.));
#5798 = ORIENTED_EDGE('',*,*,#5752,.F.);
#5799 = ORIENTED_EDGE('',*,*,#5800,.F.);
#5800 = EDGE_CURVE('',#5784,#5753,#5801,.T.);
#5801 = LINE('',#5802,#5803);
#5802 = CARTESIAN_POINT('',(38.15002772,6.51001349,0.));
#5803 = VECTOR('',#5804,1.);
#5804 = DIRECTION('',(0.,1.,0.));
#5805 = PLANE('',#5806);
#5806 = AXIS2_PLACEMENT_3D('',#5807,#5808,#5809);
#5807 = CARTESIAN_POINT('',(38.15002772,6.51001349,0.));
#5808 = DIRECTION('',(-1.,0.,0.));
#5809 = DIRECTION('',(0.,1.,0.));
#5810 = ADVANCED_FACE('',(#5811),#5836,.T.);
#5811 = FACE_BOUND('',#5812,.T.);
#5812 = EDGE_LOOP('',(#5813,#5823,#5829,#5830));
#5813 = ORIENTED_EDGE('',*,*,#5814,.T.);
#5814 = EDGE_CURVE('',#5815,#5817,#5819,.T.);
#5815 = VERTEX_POINT('',#5816);
#5816 = CARTESIAN_POINT('',(36.00002858,6.51001349,0.));
#5817 = VERTEX_POINT('',#5818);
#5818 = CARTESIAN_POINT('',(36.00002858,6.51001349,130.));
#5819 = LINE('',#5820,#5821);
#5820 = CARTESIAN_POINT('',(36.00002858,6.51001349,0.));
#5821 = VECTOR('',#5822,1.);
#5822 = DIRECTION('',(0.,0.,1.));
#5823 = ORIENTED_EDGE('',*,*,#5824,.T.);
#5824 = EDGE_CURVE('',#5817,#5786,#5825,.T.);
#5825 = LINE('',#5826,#5827);
#5826 = CARTESIAN_POINT('',(36.00002858,6.51001349,130.));
#5827 = VECTOR('',#5828,1.);
#5828 = DIRECTION('',(1.,0.,0.));
#5829 = ORIENTED_EDGE('',*,*,#5783,.F.);
#5830 = ORIENTED_EDGE('',*,*,#5831,.F.);
#5831 = EDGE_CURVE('',#5815,#5784,#5832,.T.);
#5832 = LINE('',#5833,#5834);
#5833 = CARTESIAN_POINT('',(36.00002858,6.51001349,0.));
#5834 = VECTOR('',#5835,1.);
#5835 = DIRECTION('',(1.,0.,0.));
#5836 = PLANE('',#5837);
#5837 = AXIS2_PLACEMENT_3D('',#5838,#5839,#5840);
#5838 = CARTESIAN_POINT('',(36.00002858,6.51001349,0.));
#5839 = DIRECTION('',(0.,1.,0.));
#5840 = DIRECTION('',(1.,0.,0.));
#5841 = ADVANCED_FACE('',(#5842),#5867,.T.);
#5842 = FACE_BOUND('',#5843,.T.);
#5843 = EDGE_LOOP('',(#5844,#5854,#5860,#5861));
#5844 = ORIENTED_EDGE('',*,*,#5845,.T.);
#5845 = EDGE_CURVE('',#5846,#5848,#5850,.T.);
#5846 = VERTEX_POINT('',#5847);
#5847 = CARTESIAN_POINT('',(36.00002858,5.11001401,0.));
#5848 = VERTEX_POINT('',#5849);
#5849 = CARTESIAN_POINT('',(36.00002858,5.11001401,130.));
#5850 = LINE('',#5851,#5852);
#5851 = CARTESIAN_POINT('',(36.00002858,5.11001401,0.));
#5852 = VECTOR('',#5853,1.);
#5853 = DIRECTION('',(0.,0.,1.));
#5854 = ORIENTED_EDGE('',*,*,#5855,.T.);
#5855 = EDGE_CURVE('',#5848,#5817,#5856,.T.);
#5856 = LINE('',#5857,#5858);
#5857 = CARTESIAN_POINT('',(36.00002858,5.11001401,130.));
#5858 = VECTOR('',#5859,1.);
#5859 = DIRECTION('',(0.,1.,0.));
#5860 = ORIENTED_EDGE('',*,*,#5814,.F.);
#5861 = ORIENTED_EDGE('',*,*,#5862,.F.);
#5862 = EDGE_CURVE('',#5846,#5815,#5863,.T.);
#5863 = LINE('',#5864,#5865);
#5864 = CARTESIAN_POINT('',(36.00002858,5.11001401,0.));
#5865 = VECTOR('',#5866,1.);
#5866 = DIRECTION('',(0.,1.,0.));
#5867 = PLANE('',#5868);
#5868 = AXIS2_PLACEMENT_3D('',#5869,#5870,#5871);
#5869 = CARTESIAN_POINT('',(36.00002858,5.11001401,0.));
#5870 = DIRECTION('',(-1.,0.,0.));
#5871 = DIRECTION('',(0.,1.,0.));
#5872 = ADVANCED_FACE('',(#5873),#5898,.T.);
#5873 = FACE_BOUND('',#5874,.T.);
#5874 = EDGE_LOOP('',(#5875,#5885,#5891,#5892));
#5875 = ORIENTED_EDGE('',*,*,#5876,.T.);
#5876 = EDGE_CURVE('',#5877,#5879,#5881,.T.);
#5877 = VERTEX_POINT('',#5878);
#5878 = CARTESIAN_POINT('',(38.15002772,5.11001401,0.));
#5879 = VERTEX_POINT('',#5880);
#5880 = CARTESIAN_POINT('',(38.15002772,5.11001401,130.));
#5881 = LINE('',#5882,#5883);
#5882 = CARTESIAN_POINT('',(38.15002772,5.11001401,0.));
#5883 = VECTOR('',#5884,1.);
#5884 = DIRECTION('',(0.,0.,1.));
#5885 = ORIENTED_EDGE('',*,*,#5886,.T.);
#5886 = EDGE_CURVE('',#5879,#5848,#5887,.T.);
#5887 = LINE('',#5888,#5889);
#5888 = CARTESIAN_POINT('',(38.15002772,5.11001401,130.));
#5889 = VECTOR('',#5890,1.);
#5890 = DIRECTION('',(-1.,0.,0.));
#5891 = ORIENTED_EDGE('',*,*,#5845,.F.);
#5892 = ORIENTED_EDGE('',*,*,#5893,.F.);
#5893 = EDGE_CURVE('',#5877,#5846,#5894,.T.);
#5894 = LINE('',#5895,#5896);
#5895 = CARTESIAN_POINT('',(38.15002772,5.11001401,0.));
#5896 = VECTOR('',#5897,1.);
#5897 = DIRECTION('',(-1.,0.,0.));
#5898 = PLANE('',#5899);
#5899 = AXIS2_PLACEMENT_3D('',#5900,#5901,#5902);
#5900 = CARTESIAN_POINT('',(38.15002772,5.11001401,0.));
#5901 = DIRECTION('',(0.,-1.,0.));
#5902 = DIRECTION('',(-1.,0.,0.));
#5903 = ADVANCED_FACE('',(#5904),#5929,.T.);
#5904 = FACE_BOUND('',#5905,.T.);
#5905 = EDGE_LOOP('',(#5906,#5916,#5922,#5923));
#5906 = ORIENTED_EDGE('',*,*,#5907,.T.);
#5907 = EDGE_CURVE('',#5908,#5910,#5912,.T.);
#5908 = VERTEX_POINT('',#5909);
#5909 = CARTESIAN_POINT('',(38.150029340343,2.710013742079,0.));
#5910 = VERTEX_POINT('',#5911);
#5911 = CARTESIAN_POINT('',(38.150029340343,2.710013742079,130.));
#5912 = LINE('',#5913,#5914);
#5913 = CARTESIAN_POINT('',(38.150029340343,2.710013742079,0.));
#5914 = VECTOR('',#5915,1.);
#5915 = DIRECTION('',(0.,0.,1.));
#5916 = ORIENTED_EDGE('',*,*,#5917,.T.);
#5917 = EDGE_CURVE('',#5910,#5879,#5918,.T.);
#5918 = LINE('',#5919,#5920);
#5919 = CARTESIAN_POINT('',(38.15002934,2.71001374,130.));
#5920 = VECTOR('',#5921,1.);
#5921 = DIRECTION('',(-6.749999266212E-07,1.,0.));
#5922 = ORIENTED_EDGE('',*,*,#5876,.F.);
#5923 = ORIENTED_EDGE('',*,*,#5924,.F.);
#5924 = EDGE_CURVE('',#5908,#5877,#5925,.T.);
#5925 = LINE('',#5926,#5927);
#5926 = CARTESIAN_POINT('',(38.15002934,2.71001374,0.));
#5927 = VECTOR('',#5928,1.);
#5928 = DIRECTION('',(-6.749999266212E-07,1.,0.));
#5929 = PLANE('',#5930);
#5930 = AXIS2_PLACEMENT_3D('',#5931,#5932,#5933);
#5931 = CARTESIAN_POINT('',(38.15002934,2.71001374,0.));
#5932 = DIRECTION('',(-1.,-6.749999266212E-07,0.));
#5933 = DIRECTION('',(-6.749999266212E-07,1.,0.));
#5934 = ADVANCED_FACE('',(#5935),#5962,.T.);
#5935 = FACE_BOUND('',#5936,.T.);
#5936 = EDGE_LOOP('',(#5937,#5946,#5954,#5961));
#5937 = ORIENTED_EDGE('',*,*,#5938,.T.);
#5938 = EDGE_CURVE('',#5908,#5939,#5941,.T.);
#5939 = VERTEX_POINT('',#5940);
#5940 = CARTESIAN_POINT('',(36.300029935,0.715646673906,0.));
#5941 = CIRCLE('',#5942,1.9999997);
#5942 = AXIS2_PLACEMENT_3D('',#5943,#5944,#5945);
#5943 = CARTESIAN_POINT('',(38.30002964,0.715647,0.));
#5944 = DIRECTION('',(0.,-0.,1.));
#5945 = DIRECTION('',(1.,0.,0.));
#5946 = ORIENTED_EDGE('',*,*,#5947,.T.);
#5947 = EDGE_CURVE('',#5939,#5948,#5950,.T.);
#5948 = VERTEX_POINT('',#5949);
#5949 = CARTESIAN_POINT('',(36.300029935,0.715646673906,130.));
#5950 = LINE('',#5951,#5952);
#5951 = CARTESIAN_POINT('',(36.300029935,0.715646673906,0.));
#5952 = VECTOR('',#5953,1.);
#5953 = DIRECTION('',(0.,0.,1.));
#5954 = ORIENTED_EDGE('',*,*,#5955,.F.);
#5955 = EDGE_CURVE('',#5910,#5948,#5956,.T.);
#5956 = CIRCLE('',#5957,1.9999997);
#5957 = AXIS2_PLACEMENT_3D('',#5958,#5959,#5960);
#5958 = CARTESIAN_POINT('',(38.30002964,0.715647,130.));
#5959 = DIRECTION('',(0.,-0.,1.));
#5960 = DIRECTION('',(1.,0.,0.));
#5961 = ORIENTED_EDGE('',*,*,#5907,.F.);
#5962 = CYLINDRICAL_SURFACE('',#5963,1.9999997);
#5963 = AXIS2_PLACEMENT_3D('',#5964,#5965,#5966);
#5964 = CARTESIAN_POINT('',(38.30002964,0.715647,0.));
#5965 = DIRECTION('',(-0.,0.,-1.));
#5966 = DIRECTION('',(1.,0.,0.));
#5967 = ADVANCED_FACE('',(#5968),#5993,.T.);
#5968 = FACE_BOUND('',#5969,.T.);
#5969 = EDGE_LOOP('',(#5970,#5980,#5986,#5987));
#5970 = ORIENTED_EDGE('',*,*,#5971,.T.);
#5971 = EDGE_CURVE('',#5972,#5974,#5976,.T.);
#5972 = VERTEX_POINT('',#5973);
#5973 = CARTESIAN_POINT('',(36.30002993,1.001383E-02,0.));
#5974 = VERTEX_POINT('',#5975);
#5975 = CARTESIAN_POINT('',(36.30002993,1.001383E-02,130.));
#5976 = LINE('',#5977,#5978);
#5977 = CARTESIAN_POINT('',(36.30002993,1.001383E-02,0.));
#5978 = VECTOR('',#5979,1.);
#5979 = DIRECTION('',(0.,0.,1.));
#5980 = ORIENTED_EDGE('',*,*,#5981,.T.);
#5981 = EDGE_CURVE('',#5974,#5948,#5982,.T.);
#5982 = LINE('',#5983,#5984);
#5983 = CARTESIAN_POINT('',(36.30002993,1.001383E-02,130.));
#5984 = VECTOR('',#5985,1.);
#5985 = DIRECTION('',(0.,1.,0.));
#5986 = ORIENTED_EDGE('',*,*,#5947,.F.);
#5987 = ORIENTED_EDGE('',*,*,#5988,.F.);
#5988 = EDGE_CURVE('',#5972,#5939,#5989,.T.);
#5989 = LINE('',#5990,#5991);
#5990 = CARTESIAN_POINT('',(36.30002993,1.001383E-02,0.));
#5991 = VECTOR('',#5992,1.);
#5992 = DIRECTION('',(0.,1.,0.));
#5993 = PLANE('',#5994);
#5994 = AXIS2_PLACEMENT_3D('',#5995,#5996,#5997);
#5995 = CARTESIAN_POINT('',(36.30002993,1.001383E-02,0.));
#5996 = DIRECTION('',(-1.,0.,0.));
#5997 = DIRECTION('',(0.,1.,0.));
#5998 = ADVANCED_FACE('',(#5999),#6024,.T.);
#5999 = FACE_BOUND('',#6000,.T.);
#6000 = EDGE_LOOP('',(#6001,#6011,#6017,#6018));
#6001 = ORIENTED_EDGE('',*,*,#6002,.T.);
#6002 = EDGE_CURVE('',#6003,#6005,#6007,.T.);
#6003 = VERTEX_POINT('',#6004);
#6004 = CARTESIAN_POINT('',(37.50002789,1.001383E-02,0.));
#6005 = VERTEX_POINT('',#6006);
#6006 = CARTESIAN_POINT('',(37.50002789,1.001383E-02,130.));
#6007 = LINE('',#6008,#6009);
#6008 = CARTESIAN_POINT('',(37.50002789,1.001383E-02,0.));
#6009 = VECTOR('',#6010,1.);
#6010 = DIRECTION('',(0.,0.,1.));
#6011 = ORIENTED_EDGE('',*,*,#6012,.T.);
#6012 = EDGE_CURVE('',#6005,#5974,#6013,.T.);
#6013 = LINE('',#6014,#6015);
#6014 = CARTESIAN_POINT('',(37.50002789,1.001383E-02,130.));
#6015 = VECTOR('',#6016,1.);
#6016 = DIRECTION('',(-1.,0.,0.));
#6017 = ORIENTED_EDGE('',*,*,#5971,.F.);
#6018 = ORIENTED_EDGE('',*,*,#6019,.F.);
#6019 = EDGE_CURVE('',#6003,#5972,#6020,.T.);
#6020 = LINE('',#6021,#6022);
#6021 = CARTESIAN_POINT('',(37.50002789,1.001383E-02,0.));
#6022 = VECTOR('',#6023,1.);
#6023 = DIRECTION('',(-1.,0.,0.));
#6024 = PLANE('',#6025);
#6025 = AXIS2_PLACEMENT_3D('',#6026,#6027,#6028);
#6026 = CARTESIAN_POINT('',(37.50002789,1.001383E-02,0.));
#6027 = DIRECTION('',(0.,-1.,0.));
#6028 = DIRECTION('',(-1.,0.,0.));
#6029 = ADVANCED_FACE('',(#6030),#6055,.T.);
#6030 = FACE_BOUND('',#6031,.T.);
#6031 = EDGE_LOOP('',(#6032,#6042,#6048,#6049));
#6032 = ORIENTED_EDGE('',*,*,#6033,.T.);
#6033 = EDGE_CURVE('',#6034,#6036,#6038,.T.);
#6034 = VERTEX_POINT('',#6035);
#6035 = CARTESIAN_POINT('',(37.50002934,0.710013740875,0.));
#6036 = VERTEX_POINT('',#6037);
#6037 = CARTESIAN_POINT('',(37.50002934,0.710013740875,130.));
#6038 = LINE('',#6039,#6040);
#6039 = CARTESIAN_POINT('',(37.50002934,0.710013740875,0.));
#6040 = VECTOR('',#6041,1.);
#6041 = DIRECTION('',(0.,0.,1.));
#6042 = ORIENTED_EDGE('',*,*,#6043,.T.);
#6043 = EDGE_CURVE('',#6036,#6005,#6044,.T.);
#6044 = LINE('',#6045,#6046);
#6045 = CARTESIAN_POINT('',(37.50002934,0.71001374,130.));
#6046 = VECTOR('',#6047,1.);
#6047 = DIRECTION('',(-2.071428836581E-06,-0.999999999998,0.));
#6048 = ORIENTED_EDGE('',*,*,#6002,.F.);
#6049 = ORIENTED_EDGE('',*,*,#6050,.F.);
#6050 = EDGE_CURVE('',#6034,#6003,#6051,.T.);
#6051 = LINE('',#6052,#6053);
#6052 = CARTESIAN_POINT('',(37.50002934,0.71001374,0.));
#6053 = VECTOR('',#6054,1.);
#6054 = DIRECTION('',(-2.071428836581E-06,-0.999999999998,0.));
#6055 = PLANE('',#6056);
#6056 = AXIS2_PLACEMENT_3D('',#6057,#6058,#6059);
#6057 = CARTESIAN_POINT('',(37.50002934,0.71001374,0.));
#6058 = DIRECTION('',(0.999999999998,-2.071428836581E-06,0.));
#6059 = DIRECTION('',(-2.071428836581E-06,-0.999999999998,0.));
#6060 = ADVANCED_FACE('',(#6061),#6088,.F.);
#6061 = FACE_BOUND('',#6062,.F.);
#6062 = EDGE_LOOP('',(#6063,#6072,#6073,#6082));
#6063 = ORIENTED_EDGE('',*,*,#6064,.T.);
#6064 = EDGE_CURVE('',#6065,#6034,#6067,.T.);
#6065 = VERTEX_POINT('',#6066);
#6066 = CARTESIAN_POINT('',(38.000028910875,1.21001365,0.));
#6067 = CIRCLE('',#6068,0.49999974);
#6068 = AXIS2_PLACEMENT_3D('',#6069,#6070,#6071);
#6069 = CARTESIAN_POINT('',(38.00002908,0.71001391,0.));
#6070 = DIRECTION('',(0.,-0.,1.));
#6071 = DIRECTION('',(1.,0.,0.));
#6072 = ORIENTED_EDGE('',*,*,#6033,.T.);
#6073 = ORIENTED_EDGE('',*,*,#6074,.F.);
#6074 = EDGE_CURVE('',#6075,#6036,#6077,.T.);
#6075 = VERTEX_POINT('',#6076);
#6076 = CARTESIAN_POINT('',(38.000028910875,1.21001365,130.));
#6077 = CIRCLE('',#6078,0.49999974);
#6078 = AXIS2_PLACEMENT_3D('',#6079,#6080,#6081);
#6079 = CARTESIAN_POINT('',(38.00002908,0.71001391,130.));
#6080 = DIRECTION('',(0.,-0.,1.));
#6081 = DIRECTION('',(1.,0.,0.));
#6082 = ORIENTED_EDGE('',*,*,#6083,.F.);
#6083 = EDGE_CURVE('',#6065,#6075,#6084,.T.);
#6084 = LINE('',#6085,#6086);
#6085 = CARTESIAN_POINT('',(38.000028910875,1.21001365,0.));
#6086 = VECTOR('',#6087,1.);
#6087 = DIRECTION('',(0.,0.,1.));
#6088 = CYLINDRICAL_SURFACE('',#6089,0.49999974);
#6089 = AXIS2_PLACEMENT_3D('',#6090,#6091,#6092);
#6090 = CARTESIAN_POINT('',(38.00002908,0.71001391,0.));
#6091 = DIRECTION('',(-0.,0.,-1.));
#6092 = DIRECTION('',(1.,0.,0.));
#6093 = ADVANCED_FACE('',(#6094),#6119,.T.);
#6094 = FACE_BOUND('',#6095,.T.);
#6095 = EDGE_LOOP('',(#6096,#6106,#6112,#6113));
#6096 = ORIENTED_EDGE('',*,*,#6097,.T.);
#6097 = EDGE_CURVE('',#6098,#6100,#6102,.T.);
#6098 = VERTEX_POINT('',#6099);
#6099 = CARTESIAN_POINT('',(38.300029339913,1.21001374,0.));
#6100 = VERTEX_POINT('',#6101);
#6101 = CARTESIAN_POINT('',(38.300029339913,1.21001374,130.));
#6102 = LINE('',#6103,#6104);
#6103 = CARTESIAN_POINT('',(38.300029339913,1.21001374,0.));
#6104 = VECTOR('',#6105,1.);
#6105 = DIRECTION('',(0.,0.,1.));
#6106 = ORIENTED_EDGE('',*,*,#6107,.T.);
#6107 = EDGE_CURVE('',#6100,#6075,#6108,.T.);
#6108 = LINE('',#6109,#6110);
#6109 = CARTESIAN_POINT('',(38.30002934,1.21001374,130.));
#6110 = VECTOR('',#6111,1.);
#6111 = DIRECTION('',(-1.,-2.999995696577E-07,0.));
#6112 = ORIENTED_EDGE('',*,*,#6083,.F.);
#6113 = ORIENTED_EDGE('',*,*,#6114,.F.);
#6114 = EDGE_CURVE('',#6098,#6065,#6115,.T.);
#6115 = LINE('',#6116,#6117);
#6116 = CARTESIAN_POINT('',(38.30002934,1.21001374,0.));
#6117 = VECTOR('',#6118,1.);
#6118 = DIRECTION('',(-1.,-2.999995696577E-07,0.));
#6119 = PLANE('',#6120);
#6120 = AXIS2_PLACEMENT_3D('',#6121,#6122,#6123);
#6121 = CARTESIAN_POINT('',(38.30002934,1.21001374,0.));
#6122 = DIRECTION('',(2.999995696577E-07,-1.,0.));
#6123 = DIRECTION('',(-1.,-2.999995696577E-07,0.));
#6124 = ADVANCED_FACE('',(#6125),#6152,.F.);
#6125 = FACE_BOUND('',#6126,.F.);
#6126 = EDGE_LOOP('',(#6127,#6136,#6137,#6146));
#6127 = ORIENTED_EDGE('',*,*,#6128,.T.);
#6128 = EDGE_CURVE('',#6129,#6098,#6131,.T.);
#6129 = VERTEX_POINT('',#6130);
#6130 = CARTESIAN_POINT('',(38.80002755,0.710013570087,0.));
#6131 = CIRCLE('',#6132,0.49999919);
#6132 = AXIS2_PLACEMENT_3D('',#6133,#6134,#6135);
#6133 = CARTESIAN_POINT('',(38.30002836,0.71001455,0.));
#6134 = DIRECTION('',(0.,-0.,1.));
#6135 = DIRECTION('',(1.,0.,0.));
#6136 = ORIENTED_EDGE('',*,*,#6097,.T.);
#6137 = ORIENTED_EDGE('',*,*,#6138,.F.);
#6138 = EDGE_CURVE('',#6139,#6100,#6141,.T.);
#6139 = VERTEX_POINT('',#6140);
#6140 = CARTESIAN_POINT('',(38.80002755,0.710013570087,130.));
#6141 = CIRCLE('',#6142,0.49999919);
#6142 = AXIS2_PLACEMENT_3D('',#6143,#6144,#6145);
#6143 = CARTESIAN_POINT('',(38.30002836,0.71001455,130.));
#6144 = DIRECTION('',(0.,-0.,1.));
#6145 = DIRECTION('',(1.,0.,0.));
#6146 = ORIENTED_EDGE('',*,*,#6147,.F.);
#6147 = EDGE_CURVE('',#6129,#6139,#6148,.T.);
#6148 = LINE('',#6149,#6150);
#6149 = CARTESIAN_POINT('',(38.80002755,0.710013570087,0.));
#6150 = VECTOR('',#6151,1.);
#6151 = DIRECTION('',(0.,0.,1.));
#6152 = CYLINDRICAL_SURFACE('',#6153,0.49999919);
#6153 = AXIS2_PLACEMENT_3D('',#6154,#6155,#6156);
#6154 = CARTESIAN_POINT('',(38.30002836,0.71001455,0.));
#6155 = DIRECTION('',(-0.,0.,-1.));
#6156 = DIRECTION('',(1.,0.,0.));
#6157 = ADVANCED_FACE('',(#6158),#6183,.T.);
#6158 = FACE_BOUND('',#6159,.T.);
#6159 = EDGE_LOOP('',(#6160,#6170,#6176,#6177));
#6160 = ORIENTED_EDGE('',*,*,#6161,.T.);
#6161 = EDGE_CURVE('',#6162,#6164,#6166,.T.);
#6162 = VERTEX_POINT('',#6163);
#6163 = CARTESIAN_POINT('',(38.80002755,1.001383E-02,0.));
#6164 = VERTEX_POINT('',#6165);
#6165 = CARTESIAN_POINT('',(38.80002755,1.001383E-02,130.));
#6166 = LINE('',#6167,#6168);
#6167 = CARTESIAN_POINT('',(38.80002755,1.001383E-02,0.));
#6168 = VECTOR('',#6169,1.);
#6169 = DIRECTION('',(0.,0.,1.));
#6170 = ORIENTED_EDGE('',*,*,#6171,.T.);
#6171 = EDGE_CURVE('',#6164,#6139,#6172,.T.);
#6172 = LINE('',#6173,#6174);
#6173 = CARTESIAN_POINT('',(38.80002755,1.001383E-02,130.));
#6174 = VECTOR('',#6175,1.);
#6175 = DIRECTION('',(0.,1.,0.));
#6176 = ORIENTED_EDGE('',*,*,#6147,.F.);
#6177 = ORIENTED_EDGE('',*,*,#6178,.F.);
#6178 = EDGE_CURVE('',#6162,#6129,#6179,.T.);
#6179 = LINE('',#6180,#6181);
#6180 = CARTESIAN_POINT('',(38.80002755,1.001383E-02,0.));
#6181 = VECTOR('',#6182,1.);
#6182 = DIRECTION('',(0.,1.,0.));
#6183 = PLANE('',#6184);
#6184 = AXIS2_PLACEMENT_3D('',#6185,#6186,#6187);
#6185 = CARTESIAN_POINT('',(38.80002755,1.001383E-02,0.));
#6186 = DIRECTION('',(-1.,0.,0.));
#6187 = DIRECTION('',(0.,1.,0.));
#6188 = ADVANCED_FACE('',(#6189),#6214,.T.);
#6189 = FACE_BOUND('',#6190,.T.);
#6190 = EDGE_LOOP('',(#6191,#6201,#6207,#6208));
#6191 = ORIENTED_EDGE('',*,*,#6192,.T.);
#6192 = EDGE_CURVE('',#6193,#6195,#6197,.T.);
#6193 = VERTEX_POINT('',#6194);
#6194 = CARTESIAN_POINT('',(40.00002924,1.001383E-02,0.));
#6195 = VERTEX_POINT('',#6196);
#6196 = CARTESIAN_POINT('',(40.00002924,1.001383E-02,130.));
#6197 = LINE('',#6198,#6199);
#6198 = CARTESIAN_POINT('',(40.00002924,1.001383E-02,0.));
#6199 = VECTOR('',#6200,1.);
#6200 = DIRECTION('',(0.,0.,1.));
#6201 = ORIENTED_EDGE('',*,*,#6202,.T.);
#6202 = EDGE_CURVE('',#6195,#6164,#6203,.T.);
#6203 = LINE('',#6204,#6205);
#6204 = CARTESIAN_POINT('',(40.00002924,1.001383E-02,130.));
#6205 = VECTOR('',#6206,1.);
#6206 = DIRECTION('',(-1.,0.,0.));
#6207 = ORIENTED_EDGE('',*,*,#6161,.F.);
#6208 = ORIENTED_EDGE('',*,*,#6209,.F.);
#6209 = EDGE_CURVE('',#6193,#6162,#6210,.T.);
#6210 = LINE('',#6211,#6212);
#6211 = CARTESIAN_POINT('',(40.00002924,1.001383E-02,0.));
#6212 = VECTOR('',#6213,1.);
#6213 = DIRECTION('',(-1.,0.,0.));
#6214 = PLANE('',#6215);
#6215 = AXIS2_PLACEMENT_3D('',#6216,#6217,#6218);
#6216 = CARTESIAN_POINT('',(40.00002924,1.001383E-02,0.));
#6217 = DIRECTION('',(0.,-1.,0.));
#6218 = DIRECTION('',(-1.,0.,0.));
#6219 = ADVANCED_FACE('',(#6220),#6245,.T.);
#6220 = FACE_BOUND('',#6221,.T.);
#6221 = EDGE_LOOP('',(#6222,#6232,#6238,#6239));
#6222 = ORIENTED_EDGE('',*,*,#6223,.T.);
#6223 = EDGE_CURVE('',#6224,#6226,#6228,.T.);
#6224 = VERTEX_POINT('',#6225);
#6225 = CARTESIAN_POINT('',(40.000029239496,12.009886597807,0.));
#6226 = VERTEX_POINT('',#6227);
#6227 = CARTESIAN_POINT('',(40.000029239496,12.009886597807,130.));
#6228 = LINE('',#6229,#6230);
#6229 = CARTESIAN_POINT('',(40.000029239496,12.009886597807,0.));
#6230 = VECTOR('',#6231,1.);
#6231 = DIRECTION('',(0.,0.,1.));
#6232 = ORIENTED_EDGE('',*,*,#6233,.T.);
#6233 = EDGE_CURVE('',#6226,#6195,#6234,.T.);
#6234 = LINE('',#6235,#6236);
#6235 = CARTESIAN_POINT('',(40.00002924,12.0098866,130.));
#6236 = VECTOR('',#6237,1.);
#6237 = DIRECTION('',(0.,-1.,-0.));
#6238 = ORIENTED_EDGE('',*,*,#6192,.F.);
#6239 = ORIENTED_EDGE('',*,*,#6240,.F.);
#6240 = EDGE_CURVE('',#6224,#6193,#6241,.T.);
#6241 = LINE('',#6242,#6243);
#6242 = CARTESIAN_POINT('',(40.00002924,12.0098866,0.));
#6243 = VECTOR('',#6244,1.);
#6244 = DIRECTION('',(0.,-1.,-0.));
#6245 = PLANE('',#6246);
#6246 = AXIS2_PLACEMENT_3D('',#6247,#6248,#6249);
#6247 = CARTESIAN_POINT('',(40.00002924,12.0098866,0.));
#6248 = DIRECTION('',(1.,0.,-0.));
#6249 = DIRECTION('',(0.,-1.,0.));
#6250 = ADVANCED_FACE('',(#6251),#6278,.T.);
#6251 = FACE_BOUND('',#6252,.T.);
#6252 = EDGE_LOOP('',(#6253,#6262,#6270,#6277));
#6253 = ORIENTED_EDGE('',*,*,#6254,.T.);
#6254 = EDGE_CURVE('',#6224,#6255,#6257,.T.);
#6255 = VERTEX_POINT('',#6256);
#6256 = CARTESIAN_POINT('',(31.999899780305,20.010013739477,0.));
#6257 = CIRCLE('',#6258,8.00000009);
#6258 = AXIS2_PLACEMENT_3D('',#6259,#6260,#6261);
#6259 = CARTESIAN_POINT('',(32.00002915,12.01001365,0.));
#6260 = DIRECTION('',(0.,-0.,1.));
#6261 = DIRECTION('',(1.,0.,0.));
#6262 = ORIENTED_EDGE('',*,*,#6263,.T.);
#6263 = EDGE_CURVE('',#6255,#6264,#6266,.T.);
#6264 = VERTEX_POINT('',#6265);
#6265 = CARTESIAN_POINT('',(31.999899780305,20.010013739477,130.));
#6266 = LINE('',#6267,#6268);
#6267 = CARTESIAN_POINT('',(31.999899780305,20.010013739477,0.));
#6268 = VECTOR('',#6269,1.);
#6269 = DIRECTION('',(0.,0.,1.));
#6270 = ORIENTED_EDGE('',*,*,#6271,.F.);
#6271 = EDGE_CURVE('',#6226,#6264,#6272,.T.);
#6272 = CIRCLE('',#6273,8.00000009);
#6273 = AXIS2_PLACEMENT_3D('',#6274,#6275,#6276);
#6274 = CARTESIAN_POINT('',(32.00002915,12.01001365,130.));
#6275 = DIRECTION('',(0.,-0.,1.));
#6276 = DIRECTION('',(1.,0.,0.));
#6277 = ORIENTED_EDGE('',*,*,#6223,.F.);
#6278 = CYLINDRICAL_SURFACE('',#6279,8.00000009);
#6279 = AXIS2_PLACEMENT_3D('',#6280,#6281,#6282);
#6280 = CARTESIAN_POINT('',(32.00002915,12.01001365,0.));
#6281 = DIRECTION('',(-0.,0.,-1.));
#6282 = DIRECTION('',(1.,0.,0.));
#6283 = ADVANCED_FACE('',(#6284),#6309,.T.);
#6284 = FACE_BOUND('',#6285,.T.);
#6285 = EDGE_LOOP('',(#6286,#6296,#6302,#6303));
#6286 = ORIENTED_EDGE('',*,*,#6287,.T.);
#6287 = EDGE_CURVE('',#6288,#6290,#6292,.T.);
#6288 = VERTEX_POINT('',#6289);
#6289 = CARTESIAN_POINT('',(29.300114039819,20.010012899055,0.));
#6290 = VERTEX_POINT('',#6291);
#6291 = CARTESIAN_POINT('',(29.300114039819,20.010012899055,130.));
#6292 = LINE('',#6293,#6294);
#6293 = CARTESIAN_POINT('',(29.300114039819,20.010012899055,0.));
#6294 = VECTOR('',#6295,1.);
#6295 = DIRECTION('',(0.,0.,1.));
#6296 = ORIENTED_EDGE('',*,*,#6297,.T.);
#6297 = EDGE_CURVE('',#6290,#6264,#6298,.T.);
#6298 = LINE('',#6299,#6300);
#6299 = CARTESIAN_POINT('',(29.30011404,20.0100129,130.));
#6300 = VECTOR('',#6301,1.);
#6301 = DIRECTION('',(1.,3.111358022064E-07,0.));
#6302 = ORIENTED_EDGE('',*,*,#6263,.F.);
#6303 = ORIENTED_EDGE('',*,*,#6304,.F.);
#6304 = EDGE_CURVE('',#6288,#6255,#6305,.T.);
#6305 = LINE('',#6306,#6307);
#6306 = CARTESIAN_POINT('',(29.30011404,20.0100129,0.));
#6307 = VECTOR('',#6308,1.);
#6308 = DIRECTION('',(1.,3.111358022064E-07,0.));
#6309 = PLANE('',#6310);
#6310 = AXIS2_PLACEMENT_3D('',#6311,#6312,#6313);
#6311 = CARTESIAN_POINT('',(29.30011404,20.0100129,0.));
#6312 = DIRECTION('',(-3.111358022064E-07,1.,0.));
#6313 = DIRECTION('',(1.,3.111358022064E-07,0.));
#6314 = ADVANCED_FACE('',(#6315),#6342,.T.);
#6315 = FACE_BOUND('',#6316,.T.);
#6316 = EDGE_LOOP('',(#6317,#6326,#6334,#6341));
#6317 = ORIENTED_EDGE('',*,*,#6318,.T.);
#6318 = EDGE_CURVE('',#6288,#6319,#6321,.T.);
#6319 = VERTEX_POINT('',#6320);
#6320 = CARTESIAN_POINT('',(29.000029345939,19.709928249083,0.));
#6321 = CIRCLE('',#6322,0.30000024);
#6322 = AXIS2_PLACEMENT_3D('',#6323,#6324,#6325);
#6323 = CARTESIAN_POINT('',(29.30002958,19.71001267,0.));
#6324 = DIRECTION('',(0.,-0.,1.));
#6325 = DIRECTION('',(1.,0.,0.));
#6326 = ORIENTED_EDGE('',*,*,#6327,.T.);
#6327 = EDGE_CURVE('',#6319,#6328,#6330,.T.);
#6328 = VERTEX_POINT('',#6329);
#6329 = CARTESIAN_POINT('',(29.000029345939,19.709928249083,130.));
#6330 = LINE('',#6331,#6332);
#6331 = CARTESIAN_POINT('',(29.000029345939,19.709928249083,0.));
#6332 = VECTOR('',#6333,1.);
#6333 = DIRECTION('',(0.,0.,1.));
#6334 = ORIENTED_EDGE('',*,*,#6335,.F.);
#6335 = EDGE_CURVE('',#6290,#6328,#6336,.T.);
#6336 = CIRCLE('',#6337,0.30000024);
#6337 = AXIS2_PLACEMENT_3D('',#6338,#6339,#6340);
#6338 = CARTESIAN_POINT('',(29.30002958,19.71001267,130.));
#6339 = DIRECTION('',(0.,-0.,1.));
#6340 = DIRECTION('',(1.,0.,0.));
#6341 = ORIENTED_EDGE('',*,*,#6287,.F.);
#6342 = CYLINDRICAL_SURFACE('',#6343,0.30000024);
#6343 = AXIS2_PLACEMENT_3D('',#6344,#6345,#6346);
#6344 = CARTESIAN_POINT('',(29.30002958,19.71001267,0.));
#6345 = DIRECTION('',(-0.,0.,-1.));
#6346 = DIRECTION('',(1.,0.,0.));
#6347 = ADVANCED_FACE('',(#6348),#6373,.T.);
#6348 = FACE_BOUND('',#6349,.T.);
#6349 = EDGE_LOOP('',(#6350,#6360,#6366,#6367));
#6350 = ORIENTED_EDGE('',*,*,#6351,.T.);
#6351 = EDGE_CURVE('',#6352,#6354,#6356,.T.);
#6352 = VERTEX_POINT('',#6353);
#6353 = CARTESIAN_POINT('',(29.0000293,19.61001359286,0.));
#6354 = VERTEX_POINT('',#6355);
#6355 = CARTESIAN_POINT('',(29.0000293,19.61001359286,130.));
#6356 = LINE('',#6357,#6358);
#6357 = CARTESIAN_POINT('',(29.0000293,19.61001359286,0.));
#6358 = VECTOR('',#6359,1.);
#6359 = DIRECTION('',(0.,0.,1.));
#6360 = ORIENTED_EDGE('',*,*,#6361,.T.);
#6361 = EDGE_CURVE('',#6354,#6328,#6362,.T.);
#6362 = LINE('',#6363,#6364);
#6363 = CARTESIAN_POINT('',(29.0000293,19.61001359,130.));
#6364 = VECTOR('',#6365,1.);
#6365 = DIRECTION('',(4.003416491324E-07,1.,0.));
#6366 = ORIENTED_EDGE('',*,*,#6327,.F.);
#6367 = ORIENTED_EDGE('',*,*,#6368,.F.);
#6368 = EDGE_CURVE('',#6352,#6319,#6369,.T.);
#6369 = LINE('',#6370,#6371);
#6370 = CARTESIAN_POINT('',(29.0000293,19.61001359,0.));
#6371 = VECTOR('',#6372,1.);
#6372 = DIRECTION('',(4.003416491324E-07,1.,0.));
#6373 = PLANE('',#6374);
#6374 = AXIS2_PLACEMENT_3D('',#6375,#6376,#6377);
#6375 = CARTESIAN_POINT('',(29.0000293,19.61001359,0.));
#6376 = DIRECTION('',(-1.,4.003416491324E-07,0.));
#6377 = DIRECTION('',(4.003416491324E-07,1.,0.));
#6378 = ADVANCED_FACE('',(#6379),#6406,.F.);
#6379 = FACE_BOUND('',#6380,.F.);
#6380 = EDGE_LOOP('',(#6381,#6390,#6391,#6400));
#6381 = ORIENTED_EDGE('',*,*,#6382,.T.);
#6382 = EDGE_CURVE('',#6383,#6352,#6385,.T.);
#6383 = VERTEX_POINT('',#6384);
#6384 = CARTESIAN_POINT('',(28.500029337947,19.11001374,0.));
#6385 = CIRCLE('',#6386,0.49999991);
#6386 = AXIS2_PLACEMENT_3D('',#6387,#6388,#6389);
#6387 = CARTESIAN_POINT('',(28.50002939,19.61001365,0.));
#6388 = DIRECTION('',(0.,-0.,1.));
#6389 = DIRECTION('',(1.,0.,0.));
#6390 = ORIENTED_EDGE('',*,*,#6351,.T.);
#6391 = ORIENTED_EDGE('',*,*,#6392,.F.);
#6392 = EDGE_CURVE('',#6393,#6354,#6395,.T.);
#6393 = VERTEX_POINT('',#6394);
#6394 = CARTESIAN_POINT('',(28.500029337947,19.11001374,130.));
#6395 = CIRCLE('',#6396,0.49999991);
#6396 = AXIS2_PLACEMENT_3D('',#6397,#6398,#6399);
#6397 = CARTESIAN_POINT('',(28.50002939,19.61001365,130.));
#6398 = DIRECTION('',(0.,-0.,1.));
#6399 = DIRECTION('',(1.,0.,0.));
#6400 = ORIENTED_EDGE('',*,*,#6401,.F.);
#6401 = EDGE_CURVE('',#6383,#6393,#6402,.T.);
#6402 = LINE('',#6403,#6404);
#6403 = CARTESIAN_POINT('',(28.500029337947,19.11001374,0.));
#6404 = VECTOR('',#6405,1.);
#6405 = DIRECTION('',(0.,0.,1.));
#6406 = CYLINDRICAL_SURFACE('',#6407,0.49999991);
#6407 = AXIS2_PLACEMENT_3D('',#6408,#6409,#6410);
#6408 = CARTESIAN_POINT('',(28.50002939,19.61001365,0.));
#6409 = DIRECTION('',(-0.,0.,-1.));
#6410 = DIRECTION('',(1.,0.,0.));
#6411 = ADVANCED_FACE('',(#6412),#6437,.T.);
#6412 = FACE_BOUND('',#6413,.T.);
#6413 = EDGE_LOOP('',(#6414,#6424,#6430,#6431));
#6414 = ORIENTED_EDGE('',*,*,#6415,.T.);
#6415 = EDGE_CURVE('',#6416,#6418,#6420,.T.);
#6416 = VERTEX_POINT('',#6417);
#6417 = CARTESIAN_POINT('',(-28.49996987994,19.11001444,0.));
#6418 = VERTEX_POINT('',#6419);
#6419 = CARTESIAN_POINT('',(-28.49996987994,19.11001444,130.));
#6420 = LINE('',#6421,#6422);
#6421 = CARTESIAN_POINT('',(-28.49996987994,19.11001444,0.));
#6422 = VECTOR('',#6423,1.);
#6423 = DIRECTION('',(0.,0.,1.));
#6424 = ORIENTED_EDGE('',*,*,#6425,.T.);
#6425 = EDGE_CURVE('',#6418,#6393,#6426,.T.);
#6426 = LINE('',#6427,#6428);
#6427 = CARTESIAN_POINT('',(-28.49996988,19.11001444,130.));
#6428 = VECTOR('',#6429,1.);
#6429 = DIRECTION('',(1.,-1.228070194129E-08,-0.));
#6430 = ORIENTED_EDGE('',*,*,#6401,.F.);
#6431 = ORIENTED_EDGE('',*,*,#6432,.F.);
#6432 = EDGE_CURVE('',#6416,#6383,#6433,.T.);
#6433 = LINE('',#6434,#6435);
#6434 = CARTESIAN_POINT('',(-28.49996988,19.11001444,0.));
#6435 = VECTOR('',#6436,1.);
#6436 = DIRECTION('',(1.,-1.228070194129E-08,-0.));
#6437 = PLANE('',#6438);
#6438 = AXIS2_PLACEMENT_3D('',#6439,#6440,#6441);
#6439 = CARTESIAN_POINT('',(-28.49996988,19.11001444,0.));
#6440 = DIRECTION('',(1.228070194129E-08,1.,-0.));
#6441 = DIRECTION('',(1.,-1.228070194129E-08,0.));
#6442 = ADVANCED_FACE('',(#6443),#6461,.F.);
#6443 = FACE_BOUND('',#6444,.F.);
#6444 = EDGE_LOOP('',(#6445,#6452,#6453,#6460));
#6445 = ORIENTED_EDGE('',*,*,#6446,.T.);
#6446 = EDGE_CURVE('',#4471,#6416,#6447,.T.);
#6447 = CIRCLE('',#6448,0.50000004);
#6448 = AXIS2_PLACEMENT_3D('',#6449,#6450,#6451);
#6449 = CARTESIAN_POINT('',(-28.49997062,19.61001448,0.));
#6450 = DIRECTION('',(0.,-0.,1.));
#6451 = DIRECTION('',(1.,0.,0.));
#6452 = ORIENTED_EDGE('',*,*,#6415,.T.);
#6453 = ORIENTED_EDGE('',*,*,#6454,.F.);
#6454 = EDGE_CURVE('',#4463,#6418,#6455,.T.);
#6455 = CIRCLE('',#6456,0.50000004);
#6456 = AXIS2_PLACEMENT_3D('',#6457,#6458,#6459);
#6457 = CARTESIAN_POINT('',(-28.49997062,19.61001448,130.));
#6458 = DIRECTION('',(0.,-0.,1.));
#6459 = DIRECTION('',(1.,0.,0.));
#6460 = ORIENTED_EDGE('',*,*,#4470,.F.);
#6461 = CYLINDRICAL_SURFACE('',#6462,0.50000004);
#6462 = AXIS2_PLACEMENT_3D('',#6463,#6464,#6465);
#6463 = CARTESIAN_POINT('',(-28.49997062,19.61001448,0.));
#6464 = DIRECTION('',(-0.,0.,-1.));
#6465 = DIRECTION('',(1.,0.,0.));
#6466 = ADVANCED_FACE('',(#6467),#6533,.F.);
#6467 = FACE_BOUND('',#6468,.F.);
#6468 = EDGE_LOOP('',(#6469,#6470,#6471,#6472,#6473,#6474,#6475,#6476,
    #6477,#6478,#6479,#6480,#6481,#6482,#6483,#6484,#6485,#6486,#6487,
    #6488,#6489,#6490,#6491,#6492,#6493,#6494,#6495,#6496,#6497,#6498,
    #6499,#6500,#6501,#6502,#6503,#6504,#6505,#6506,#6507,#6508,#6509,
    #6510,#6511,#6512,#6513,#6514,#6515,#6516,#6517,#6518,#6519,#6520,
    #6521,#6522,#6523,#6524,#6525,#6526,#6527,#6528,#6529,#6530,#6531,
    #6532));
#6469 = ORIENTED_EDGE('',*,*,#4478,.F.);
#6470 = ORIENTED_EDGE('',*,*,#4492,.T.);
#6471 = ORIENTED_EDGE('',*,*,#4542,.F.);
#6472 = ORIENTED_EDGE('',*,*,#4556,.T.);
#6473 = ORIENTED_EDGE('',*,*,#4606,.F.);
#6474 = ORIENTED_EDGE('',*,*,#4637,.F.);
#6475 = ORIENTED_EDGE('',*,*,#4668,.F.);
#6476 = ORIENTED_EDGE('',*,*,#4682,.T.);
#6477 = ORIENTED_EDGE('',*,*,#4732,.F.);
#6478 = ORIENTED_EDGE('',*,*,#4746,.T.);
#6479 = ORIENTED_EDGE('',*,*,#4796,.F.);
#6480 = ORIENTED_EDGE('',*,*,#4827,.F.);
#6481 = ORIENTED_EDGE('',*,*,#4858,.F.);
#6482 = ORIENTED_EDGE('',*,*,#4889,.F.);
#6483 = ORIENTED_EDGE('',*,*,#4920,.F.);
#6484 = ORIENTED_EDGE('',*,*,#4951,.F.);
#6485 = ORIENTED_EDGE('',*,*,#4982,.F.);
#6486 = ORIENTED_EDGE('',*,*,#5013,.F.);
#6487 = ORIENTED_EDGE('',*,*,#5044,.F.);
#6488 = ORIENTED_EDGE('',*,*,#5075,.F.);
#6489 = ORIENTED_EDGE('',*,*,#5106,.F.);
#6490 = ORIENTED_EDGE('',*,*,#5137,.F.);
#6491 = ORIENTED_EDGE('',*,*,#5168,.F.);
#6492 = ORIENTED_EDGE('',*,*,#5199,.F.);
#6493 = ORIENTED_EDGE('',*,*,#5213,.T.);
#6494 = ORIENTED_EDGE('',*,*,#5263,.F.);
#6495 = ORIENTED_EDGE('',*,*,#5277,.F.);
#6496 = ORIENTED_EDGE('',*,*,#5327,.F.);
#6497 = ORIENTED_EDGE('',*,*,#5341,.T.);
#6498 = ORIENTED_EDGE('',*,*,#5391,.F.);
#6499 = ORIENTED_EDGE('',*,*,#5422,.F.);
#6500 = ORIENTED_EDGE('',*,*,#5453,.F.);
#6501 = ORIENTED_EDGE('',*,*,#5467,.T.);
#6502 = ORIENTED_EDGE('',*,*,#5517,.F.);
#6503 = ORIENTED_EDGE('',*,*,#5531,.F.);
#6504 = ORIENTED_EDGE('',*,*,#5581,.F.);
#6505 = ORIENTED_EDGE('',*,*,#5595,.T.);
#6506 = ORIENTED_EDGE('',*,*,#5645,.F.);
#6507 = ORIENTED_EDGE('',*,*,#5676,.F.);
#6508 = ORIENTED_EDGE('',*,*,#5707,.F.);
#6509 = ORIENTED_EDGE('',*,*,#5738,.F.);
#6510 = ORIENTED_EDGE('',*,*,#5769,.F.);
#6511 = ORIENTED_EDGE('',*,*,#5800,.F.);
#6512 = ORIENTED_EDGE('',*,*,#5831,.F.);
#6513 = ORIENTED_EDGE('',*,*,#5862,.F.);
#6514 = ORIENTED_EDGE('',*,*,#5893,.F.);
#6515 = ORIENTED_EDGE('',*,*,#5924,.F.);
#6516 = ORIENTED_EDGE('',*,*,#5938,.T.);
#6517 = ORIENTED_EDGE('',*,*,#5988,.F.);
#6518 = ORIENTED_EDGE('',*,*,#6019,.F.);
#6519 = ORIENTED_EDGE('',*,*,#6050,.F.);
#6520 = ORIENTED_EDGE('',*,*,#6064,.F.);
#6521 = ORIENTED_EDGE('',*,*,#6114,.F.);
#6522 = ORIENTED_EDGE('',*,*,#6128,.F.);
#6523 = ORIENTED_EDGE('',*,*,#6178,.F.);
#6524 = ORIENTED_EDGE('',*,*,#6209,.F.);
#6525 = ORIENTED_EDGE('',*,*,#6240,.F.);
#6526 = ORIENTED_EDGE('',*,*,#6254,.T.);
#6527 = ORIENTED_EDGE('',*,*,#6304,.F.);
#6528 = ORIENTED_EDGE('',*,*,#6318,.T.);
#6529 = ORIENTED_EDGE('',*,*,#6368,.F.);
#6530 = ORIENTED_EDGE('',*,*,#6382,.F.);
#6531 = ORIENTED_EDGE('',*,*,#6432,.F.);
#6532 = ORIENTED_EDGE('',*,*,#6446,.F.);
#6533 = PLANE('',#6534);
#6534 = AXIS2_PLACEMENT_3D('',#6535,#6536,#6537);
#6535 = CARTESIAN_POINT('',(-0.129014435002,13.837637514143,0.));
#6536 = DIRECTION('',(0.,0.,1.));
#6537 = DIRECTION('',(1.,0.,-0.));
#6538 = ADVANCED_FACE('',(#6539),#6605,.T.);
#6539 = FACE_BOUND('',#6540,.T.);
#6540 = EDGE_LOOP('',(#6541,#6542,#6543,#6544,#6545,#6546,#6547,#6548,
    #6549,#6550,#6551,#6552,#6553,#6554,#6555,#6556,#6557,#6558,#6559,
    #6560,#6561,#6562,#6563,#6564,#6565,#6566,#6567,#6568,#6569,#6570,
    #6571,#6572,#6573,#6574,#6575,#6576,#6577,#6578,#6579,#6580,#6581,
    #6582,#6583,#6584,#6585,#6586,#6587,#6588,#6589,#6590,#6591,#6592,
    #6593,#6594,#6595,#6596,#6597,#6598,#6599,#6600,#6601,#6602,#6603,
    #6604));
#6541 = ORIENTED_EDGE('',*,*,#4462,.F.);
#6542 = ORIENTED_EDGE('',*,*,#4509,.T.);
#6543 = ORIENTED_EDGE('',*,*,#4535,.F.);
#6544 = ORIENTED_EDGE('',*,*,#4573,.T.);
#6545 = ORIENTED_EDGE('',*,*,#4599,.F.);
#6546 = ORIENTED_EDGE('',*,*,#4630,.F.);
#6547 = ORIENTED_EDGE('',*,*,#4661,.F.);
#6548 = ORIENTED_EDGE('',*,*,#4699,.T.);
#6549 = ORIENTED_EDGE('',*,*,#4725,.F.);
#6550 = ORIENTED_EDGE('',*,*,#4763,.T.);
#6551 = ORIENTED_EDGE('',*,*,#4789,.F.);
#6552 = ORIENTED_EDGE('',*,*,#4820,.F.);
#6553 = ORIENTED_EDGE('',*,*,#4851,.F.);
#6554 = ORIENTED_EDGE('',*,*,#4882,.F.);
#6555 = ORIENTED_EDGE('',*,*,#4913,.F.);
#6556 = ORIENTED_EDGE('',*,*,#4944,.F.);
#6557 = ORIENTED_EDGE('',*,*,#4975,.F.);
#6558 = ORIENTED_EDGE('',*,*,#5006,.F.);
#6559 = ORIENTED_EDGE('',*,*,#5037,.F.);
#6560 = ORIENTED_EDGE('',*,*,#5068,.F.);
#6561 = ORIENTED_EDGE('',*,*,#5099,.F.);
#6562 = ORIENTED_EDGE('',*,*,#5130,.F.);
#6563 = ORIENTED_EDGE('',*,*,#5161,.F.);
#6564 = ORIENTED_EDGE('',*,*,#5192,.F.);
#6565 = ORIENTED_EDGE('',*,*,#5230,.T.);
#6566 = ORIENTED_EDGE('',*,*,#5256,.F.);
#6567 = ORIENTED_EDGE('',*,*,#5287,.F.);
#6568 = ORIENTED_EDGE('',*,*,#5320,.F.);
#6569 = ORIENTED_EDGE('',*,*,#5358,.T.);
#6570 = ORIENTED_EDGE('',*,*,#5384,.F.);
#6571 = ORIENTED_EDGE('',*,*,#5415,.F.);
#6572 = ORIENTED_EDGE('',*,*,#5446,.F.);
#6573 = ORIENTED_EDGE('',*,*,#5484,.T.);
#6574 = ORIENTED_EDGE('',*,*,#5510,.F.);
#6575 = ORIENTED_EDGE('',*,*,#5541,.F.);
#6576 = ORIENTED_EDGE('',*,*,#5574,.F.);
#6577 = ORIENTED_EDGE('',*,*,#5612,.T.);
#6578 = ORIENTED_EDGE('',*,*,#5638,.F.);
#6579 = ORIENTED_EDGE('',*,*,#5669,.F.);
#6580 = ORIENTED_EDGE('',*,*,#5700,.F.);
#6581 = ORIENTED_EDGE('',*,*,#5731,.F.);
#6582 = ORIENTED_EDGE('',*,*,#5762,.F.);
#6583 = ORIENTED_EDGE('',*,*,#5793,.F.);
#6584 = ORIENTED_EDGE('',*,*,#5824,.F.);
#6585 = ORIENTED_EDGE('',*,*,#5855,.F.);
#6586 = ORIENTED_EDGE('',*,*,#5886,.F.);
#6587 = ORIENTED_EDGE('',*,*,#5917,.F.);
#6588 = ORIENTED_EDGE('',*,*,#5955,.T.);
#6589 = ORIENTED_EDGE('',*,*,#5981,.F.);
#6590 = ORIENTED_EDGE('',*,*,#6012,.F.);
#6591 = ORIENTED_EDGE('',*,*,#6043,.F.);
#6592 = ORIENTED_EDGE('',*,*,#6074,.F.);
#6593 = ORIENTED_EDGE('',*,*,#6107,.F.);
#6594 = ORIENTED_EDGE('',*,*,#6138,.F.);
#6595 = ORIENTED_EDGE('',*,*,#6171,.F.);
#6596 = ORIENTED_EDGE('',*,*,#6202,.F.);
#6597 = ORIENTED_EDGE('',*,*,#6233,.F.);
#6598 = ORIENTED_EDGE('',*,*,#6271,.T.);
#6599 = ORIENTED_EDGE('',*,*,#6297,.F.);
#6600 = ORIENTED_EDGE('',*,*,#6335,.T.);
#6601 = ORIENTED_EDGE('',*,*,#6361,.F.);
#6602 = ORIENTED_EDGE('',*,*,#6392,.F.);
#6603 = ORIENTED_EDGE('',*,*,#6425,.F.);
#6604 = ORIENTED_EDGE('',*,*,#6454,.F.);
#6605 = PLANE('',#6606);
#6606 = AXIS2_PLACEMENT_3D('',#6607,#6608,#6609);
#6607 = CARTESIAN_POINT('',(-0.129014435002,13.837637514143,130.));
#6608 = DIRECTION('',(0.,0.,1.));
#6609 = DIRECTION('',(1.,0.,-0.));
#6610 = ( GEOMETRIC_REPRESENTATION_CONTEXT(3) 
GLOBAL_UNCERTAINTY_ASSIGNED_CONTEXT((#6614)) 
GLOBAL_UNIT_ASSIGNED_CONTEXT((#6611,#6612,#6613)) REPRESENTATION_CONTEXT
('Context #1','3D Context with UNIT and UNCERTAINTY') );
#6611 = ( LENGTH_UNIT() NAMED_UNIT(*) SI_UNIT(.MILLI.,.METRE.) );
#6612 = ( NAMED_UNIT(*) PLANE_ANGLE_UNIT() SI_UNIT($,.RADIAN.) );
#6613 = ( NAMED_UNIT(*) SI_UNIT($,.STERADIAN.) SOLID_ANGLE_UNIT() );
#6614 = UNCERTAINTY_MEASURE_WITH_UNIT(LENGTH_MEASURE(1.E-07),#6611,
  'distance_accuracy_value','confusion accuracy');
#6615 = CONTEXT_DEPENDENT_SHAPE_REPRESENTATION(#6616,#6618);
#6616 = ( REPRESENTATION_RELATIONSHIP('','',#4445,#10) 
REPRESENTATION_RELATIONSHIP_WITH_TRANSFORMATION(#6617) 
SHAPE_REPRESENTATION_RELATIONSHIP() );
#6617 = ITEM_DEFINED_TRANSFORMATION('','',#11,#27);
#6618 = PRODUCT_DEFINITION_SHAPE('Placement','Placement of an item',
  #6619);
#6619 = NEXT_ASSEMBLY_USAGE_OCCURRENCE('8','Box Top','',#5,#4440,$);
#6620 = PRODUCT_RELATED_PRODUCT_CATEGORY('part',$,(#4442));
#6621 = MECHANICAL_DESIGN_GEOMETRIC_PRESENTATION_REPRESENTATION('',(
    #6622),#4427);
#6622 = STYLED_ITEM('color',(#6623),#2263);
#6623 = PRESENTATION_STYLE_ASSIGNMENT((#6624,#6630));
#6624 = SURFACE_STYLE_USAGE(.BOTH.,#6625);
#6625 = SURFACE_SIDE_STYLE('',(#6626));
#6626 = SURFACE_STYLE_FILL_AREA(#6627);
#6627 = FILL_AREA_STYLE('',(#6628));
#6628 = FILL_AREA_STYLE_COLOUR('',#6629);
#6629 = COLOUR_RGB('',0.447058818107,0.474509808674,0.501960817233);
#6630 = CURVE_STYLE('',#6631,POSITIVE_LENGTH_MEASURE(0.1),#6632);
#6631 = DRAUGHTING_PRE_DEFINED_CURVE_FONT('continuous');
#6632 = COLOUR_RGB('',9.803921802644E-02,9.803921802644E-02,
  9.803921802644E-02);
#6633 = MECHANICAL_DESIGN_GEOMETRIC_PRESENTATION_REPRESENTATION('',(
    #6634),#2244);
#6634 = STYLED_ITEM('color',(#6635),#1154);
#6635 = PRESENTATION_STYLE_ASSIGNMENT((#6636,#6641));
#6636 = SURFACE_STYLE_USAGE(.BOTH.,#6637);
#6637 = SURFACE_SIDE_STYLE('',(#6638));
#6638 = SURFACE_STYLE_FILL_AREA(#6639);
#6639 = FILL_AREA_STYLE('',(#6640));
#6640 = FILL_AREA_STYLE_COLOUR('',#6629);
#6641 = CURVE_STYLE('',#6642,POSITIVE_LENGTH_MEASURE(0.1),#6632);
#6642 = DRAUGHTING_PRE_DEFINED_CURVE_FONT('continuous');
#6643 = MECHANICAL_DESIGN_GEOMETRIC_PRESENTATION_REPRESENTATION('',(
    #6644),#1135);
#6644 = STYLED_ITEM('color',(#6645),#45);
#6645 = PRESENTATION_STYLE_ASSIGNMENT((#6646,#6651));
#6646 = SURFACE_STYLE_USAGE(.BOTH.,#6647);
#6647 = SURFACE_SIDE_STYLE('',(#6648));
#6648 = SURFACE_STYLE_FILL_AREA(#6649);
#6649 = FILL_AREA_STYLE('',(#6650));
#6650 = FILL_AREA_STYLE_COLOUR('',#6629);
#6651 = CURVE_STYLE('',#6652,POSITIVE_LENGTH_MEASURE(0.1),#6632);
#6652 = DRAUGHTING_PRE_DEFINED_CURVE_FONT('continuous');
#6653 = MECHANICAL_DESIGN_GEOMETRIC_PRESENTATION_REPRESENTATION('',(
    #6654),#6610);
#6654 = STYLED_ITEM('color',(#6655),#4446);
#6655 = PRESENTATION_STYLE_ASSIGNMENT((#6656,#6661));
#6656 = SURFACE_STYLE_USAGE(.BOTH.,#6657);
#6657 = SURFACE_SIDE_STYLE('',(#6658));
#6658 = SURFACE_STYLE_FILL_AREA(#6659);
#6659 = FILL_AREA_STYLE('',(#6660));
#6660 = FILL_AREA_STYLE_COLOUR('',#6629);
#6661 = CURVE_STYLE('',#6662,POSITIVE_LENGTH_MEASURE(0.1),#6632);
#6662 = DRAUGHTING_PRE_DEFINED_CURVE_FONT('continuous');
ENDSEC;
END-ISO-10303-21;
